CAT,donor_id,value_raw,cat_size,project,is_inhouse,value_norm11
EPITHELIAL,Adams_Kaminski_2020_001C,0.1724137931034483,87,c624f243-f3c9-4a43-8d8e-f8a366f73cca,False,-0.6551724137931034
EPITHELIAL,Adams_Kaminski_2020_002C,0.0,21,c624f243-f3c9-4a43-8d8e-f8a366f73cca,False,-1.0
EPITHELIAL,Adams_Kaminski_2020_003C,0.14516129032258066,62,c624f243-f3c9-4a43-8d8e-f8a366f73cca,False,-0.7096774193548387
EPITHELIAL,Adams_Kaminski_2020_034C,0.36363636363636365,11,c624f243-f3c9-4a43-8d8e-f8a366f73cca,False,-0.2727272727272727
EPITHELIAL,Adams_Kaminski_2020_065C,0.16666666666666666,36,c624f243-f3c9-4a43-8d8e-f8a366f73cca,False,-0.6666666666666667
EPITHELIAL,Adams_Kaminski_2020_081C,0.42857142857142855,7,c624f243-f3c9-4a43-8d8e-f8a366f73cca,False,-0.1428571428571429
EPITHELIAL,Adams_Kaminski_2020_084C,0.0,7,c624f243-f3c9-4a43-8d8e-f8a366f73cca,False,-1.0
EPITHELIAL,Adams_Kaminski_2020_092C,0.0,1,c624f243-f3c9-4a43-8d8e-f8a366f73cca,False,-1.0
EPITHELIAL,Adams_Kaminski_2020_098C,0.13392857142857142,336,c624f243-f3c9-4a43-8d8e-f8a366f73cca,False,-0.7321428571428572
EPITHELIAL,Adams_Kaminski_2020_133C,0.02835538752362949,1587,c624f243-f3c9-4a43-8d8e-f8a366f73cca,False,-0.943289224952741
EPITHELIAL,Adams_Kaminski_2020_1372C,0.09090909090909091,319,c624f243-f3c9-4a43-8d8e-f8a366f73cca,False,-0.8181818181818181
EPITHELIAL,Adams_Kaminski_2020_137C,0.09090909090909091,11,c624f243-f3c9-4a43-8d8e-f8a366f73cca,False,-0.8181818181818181
EPITHELIAL,Adams_Kaminski_2020_160C,0.208,125,c624f243-f3c9-4a43-8d8e-f8a366f73cca,False,-0.5840000000000001
EPITHELIAL,Adams_Kaminski_2020_192C,0.046242774566473986,173,c624f243-f3c9-4a43-8d8e-f8a366f73cca,False,-0.9075144508670521
EPITHELIAL,Adams_Kaminski_2020_208C,0.16326530612244897,49,c624f243-f3c9-4a43-8d8e-f8a366f73cca,False,-0.6734693877551021
EPITHELIAL,Adams_Kaminski_2020_218C,0.10101010101010101,198,c624f243-f3c9-4a43-8d8e-f8a366f73cca,False,-0.797979797979798
EPITHELIAL,Adams_Kaminski_2020_222C,0.1079136690647482,278,c624f243-f3c9-4a43-8d8e-f8a366f73cca,False,-0.7841726618705036
EPITHELIAL,Adams_Kaminski_2020_226C,0.0875,240,c624f243-f3c9-4a43-8d8e-f8a366f73cca,False,-0.825
EPITHELIAL,Adams_Kaminski_2020_244C,0.273972602739726,73,c624f243-f3c9-4a43-8d8e-f8a366f73cca,False,-0.452054794520548
EPITHELIAL,Adams_Kaminski_2020_253C,0.0,13,c624f243-f3c9-4a43-8d8e-f8a366f73cca,False,-1.0
EPITHELIAL,Adams_Kaminski_2020_296C,0.059322033898305086,118,c624f243-f3c9-4a43-8d8e-f8a366f73cca,False,-0.8813559322033898
EPITHELIAL,Adams_Kaminski_2020_388C,0.13114754098360656,61,c624f243-f3c9-4a43-8d8e-f8a366f73cca,False,-0.7377049180327868
EPITHELIAL,Adams_Kaminski_2020_396C,0.17435897435897435,195,c624f243-f3c9-4a43-8d8e-f8a366f73cca,False,-0.6512820512820513
EPITHELIAL,Adams_Kaminski_2020_439C,0.1875,96,c624f243-f3c9-4a43-8d8e-f8a366f73cca,False,-0.625
EPITHELIAL,Adams_Kaminski_2020_454C,0.0625,144,c624f243-f3c9-4a43-8d8e-f8a366f73cca,False,-0.875
EPITHELIAL,Adams_Kaminski_2020_465C,0.02631578947368421,38,c624f243-f3c9-4a43-8d8e-f8a366f73cca,False,-0.9473684210526316
EPITHELIAL,Adams_Kaminski_2020_483C,0.1724137931034483,58,c624f243-f3c9-4a43-8d8e-f8a366f73cca,False,-0.6551724137931034
EPITHELIAL,Adams_Kaminski_2020_484C,0.3333333333333333,3,c624f243-f3c9-4a43-8d8e-f8a366f73cca,False,-0.33333333333333337
EPITHELIAL,Goveia_Carmeliet_2020_patient_45,0.9615713065755764,1171,c624f243-f3c9-4a43-8d8e-f8a366f73cca,False,0.9231426131511529
EPITHELIAL,Goveia_Carmeliet_2020_patient_46,0.9076433121019108,1570,c624f243-f3c9-4a43-8d8e-f8a366f73cca,False,0.8152866242038217
EPITHELIAL,Goveia_Carmeliet_2020_patient_50,0.8984848484848484,660,c624f243-f3c9-4a43-8d8e-f8a366f73cca,False,0.7969696969696969
EPITHELIAL,Guo_Zhang_2018_P0616A,,0,c624f243-f3c9-4a43-8d8e-f8a366f73cca,False,
EPITHELIAL,Guo_Zhang_2018_P0616P,,0,c624f243-f3c9-4a43-8d8e-f8a366f73cca,False,
EPITHELIAL,Guo_Zhang_2018_P0617,,0,c624f243-f3c9-4a43-8d8e-f8a366f73cca,False,
EPITHELIAL,Guo_Zhang_2018_P0729,,0,c624f243-f3c9-4a43-8d8e-f8a366f73cca,False,
EPITHELIAL,Guo_Zhang_2018_P1010,,0,c624f243-f3c9-4a43-8d8e-f8a366f73cca,False,
EPITHELIAL,Guo_Zhang_2018_P1118,,0,c624f243-f3c9-4a43-8d8e-f8a366f73cca,False,
EPITHELIAL,Guo_Zhang_2018_P1120,,0,c624f243-f3c9-4a43-8d8e-f8a366f73cca,False,
EPITHELIAL,Guo_Zhang_2018_P1202,,0,c624f243-f3c9-4a43-8d8e-f8a366f73cca,False,
EPITHELIAL,Guo_Zhang_2018_P1208,,0,c624f243-f3c9-4a43-8d8e-f8a366f73cca,False,
EPITHELIAL,Guo_Zhang_2018_P1219,,0,c624f243-f3c9-4a43-8d8e-f8a366f73cca,False,
EPITHELIAL,Habermann_Kropski_2020_THD0001,0.15930304915992533,1607,c624f243-f3c9-4a43-8d8e-f8a366f73cca,False,-0.6813939016801493
EPITHELIAL,Habermann_Kropski_2020_THD0002,0.17587085811384875,1177,c624f243-f3c9-4a43-8d8e-f8a366f73cca,False,-0.6482582837723025
EPITHELIAL,Habermann_Kropski_2020_THD0005,0.5308641975308642,243,c624f243-f3c9-4a43-8d8e-f8a366f73cca,False,0.06172839506172845
EPITHELIAL,Habermann_Kropski_2020_VUHD071,0.5626598465473146,391,c624f243-f3c9-4a43-8d8e-f8a366f73cca,False,0.1253196930946292
EPITHELIAL,Habermann_Kropski_2020_VUHD65,0.28272251308900526,955,c624f243-f3c9-4a43-8d8e-f8a366f73cca,False,-0.4345549738219895
EPITHELIAL,Habermann_Kropski_2020_VUHD66,0.5509693558474046,1599,c624f243-f3c9-4a43-8d8e-f8a366f73cca,False,0.10193871169480917
EPITHELIAL,Habermann_Kropski_2020_VUHD67,0.19726166328600406,1972,c624f243-f3c9-4a43-8d8e-f8a366f73cca,False,-0.6054766734279919
EPITHELIAL,Habermann_Kropski_2020_VUHD68,0.5328947368421053,152,c624f243-f3c9-4a43-8d8e-f8a366f73cca,False,0.06578947368421062
EPITHELIAL,Habermann_Kropski_2020_VUHD69,0.3333333333333333,30,c624f243-f3c9-4a43-8d8e-f8a366f73cca,False,-0.33333333333333337
EPITHELIAL,Habermann_Kropski_2020_VUHD70,0.3949579831932773,476,c624f243-f3c9-4a43-8d8e-f8a366f73cca,False,-0.2100840336134454
EPITHELIAL,He_Fan_2021_P1,0.915201250488472,2559,c624f243-f3c9-4a43-8d8e-f8a366f73cca,False,0.830402500976944
EPITHELIAL,He_Fan_2021_P2,0.7876923076923077,1950,c624f243-f3c9-4a43-8d8e-f8a366f73cca,False,0.5753846153846154
EPITHELIAL,He_Fan_2021_P3,0.8493301120140566,4553,c624f243-f3c9-4a43-8d8e-f8a366f73cca,False,0.6986602240281132
EPITHELIAL,He_Fan_2021_P4,0.8752076182039641,9031,c624f243-f3c9-4a43-8d8e-f8a366f73cca,False,0.7504152364079282
EPITHELIAL,He_Fan_2021_P5,0.9110070257611241,854,c624f243-f3c9-4a43-8d8e-f8a366f73cca,False,0.8220140515222483
EPITHELIAL,Kim_Lee_2020_P0001,0.7556818181818182,176,c624f243-f3c9-4a43-8d8e-f8a366f73cca,False,0.5113636363636365
EPITHELIAL,Kim_Lee_2020_P0006,0.8447653429602888,277,c624f243-f3c9-4a43-8d8e-f8a366f73cca,False,0.6895306859205776
EPITHELIAL,Kim_Lee_2020_P0008,0.6604477611940298,268,c624f243-f3c9-4a43-8d8e-f8a366f73cca,False,0.32089552238805963
EPITHELIAL,Kim_Lee_2020_P0009,0.6880530973451328,452,c624f243-f3c9-4a43-8d8e-f8a366f73cca,False,0.3761061946902655
EPITHELIAL,Kim_Lee_2020_P0018,0.899812734082397,1068,c624f243-f3c9-4a43-8d8e-f8a366f73cca,False,0.7996254681647941
EPITHELIAL,Kim_Lee_2020_P0019,0.7577937649880095,417,c624f243-f3c9-4a43-8d8e-f8a366f73cca,False,0.5155875299760191
EPITHELIAL,Kim_Lee_2020_P0020,0.8073701842546064,597,c624f243-f3c9-4a43-8d8e-f8a366f73cca,False,0.6147403685092128
EPITHELIAL,Kim_Lee_2020_P0025,0.5572916666666666,192,c624f243-f3c9-4a43-8d8e-f8a366f73cca,False,0.11458333333333326
EPITHELIAL,Kim_Lee_2020_P0028,0.8183556405353728,1046,c624f243-f3c9-4a43-8d8e-f8a366f73cca,False,0.6367112810707456
EPITHELIAL,Kim_Lee_2020_P0030,0.8245283018867925,1060,c624f243-f3c9-4a43-8d8e-f8a366f73cca,False,0.649056603773585
EPITHELIAL,Kim_Lee_2020_P0031,0.7430769230769231,650,c624f243-f3c9-4a43-8d8e-f8a366f73cca,False,0.48615384615384616
EPITHELIAL,Kim_Lee_2020_P0034,0.8660116123269317,2239,c624f243-f3c9-4a43-8d8e-f8a366f73cca,False,0.7320232246538634
EPITHELIAL,Kim_Lee_2020_P1006,0.7289915966386554,476,c624f243-f3c9-4a43-8d8e-f8a366f73cca,False,0.45798319327731085
EPITHELIAL,Kim_Lee_2020_P1010,0.7974683544303798,158,c624f243-f3c9-4a43-8d8e-f8a366f73cca,False,0.5949367088607596
EPITHELIAL,Kim_Lee_2020_P1011,0.9183673469387755,147,c624f243-f3c9-4a43-8d8e-f8a366f73cca,False,0.8367346938775511
EPITHELIAL,Kim_Lee_2020_P1012,0.9642857142857143,84,c624f243-f3c9-4a43-8d8e-f8a366f73cca,False,0.9285714285714286
EPITHELIAL,Kim_Lee_2020_P1013,0.88,25,c624f243-f3c9-4a43-8d8e-f8a366f73cca,False,0.76
EPITHELIAL,Kim_Lee_2020_P1015,1.0,22,c624f243-f3c9-4a43-8d8e-f8a366f73cca,False,1.0
EPITHELIAL,Kim_Lee_2020_P1019,0.90625,128,c624f243-f3c9-4a43-8d8e-f8a366f73cca,False,0.8125
EPITHELIAL,Kim_Lee_2020_P1028,0.7555382821609017,2573,c624f243-f3c9-4a43-8d8e-f8a366f73cca,False,0.5110765643218034
EPITHELIAL,Kim_Lee_2020_P1049,0.8108108108108109,37,c624f243-f3c9-4a43-8d8e-f8a366f73cca,False,0.6216216216216217
EPITHELIAL,Kim_Lee_2020_P1051,0.978494623655914,744,c624f243-f3c9-4a43-8d8e-f8a366f73cca,False,0.956989247311828
EPITHELIAL,Kim_Lee_2020_P1058,0.8840579710144928,207,c624f243-f3c9-4a43-8d8e-f8a366f73cca,False,0.7681159420289856
EPITHELIAL,Kim_Lee_2020_P1064,1.0,1,c624f243-f3c9-4a43-8d8e-f8a366f73cca,False,1.0
EPITHELIAL,Kim_Lee_2020_P2001,,0,c624f243-f3c9-4a43-8d8e-f8a366f73cca,False,
EPITHELIAL,Kim_Lee_2020_P2002,,0,c624f243-f3c9-4a43-8d8e-f8a366f73cca,False,
EPITHELIAL,Kim_Lee_2020_P2003,,0,c624f243-f3c9-4a43-8d8e-f8a366f73cca,False,
EPITHELIAL,Kim_Lee_2020_P2004,,0,c624f243-f3c9-4a43-8d8e-f8a366f73cca,False,
EPITHELIAL,Kim_Lee_2020_P2005,,0,c624f243-f3c9-4a43-8d8e-f8a366f73cca,False,
EPITHELIAL,Kim_Lee_2020_P2006,,0,c624f243-f3c9-4a43-8d8e-f8a366f73cca,False,
EPITHELIAL,Kim_Lee_2020_P2007,,0,c624f243-f3c9-4a43-8d8e-f8a366f73cca,False,
EPITHELIAL,Kim_Lee_2020_P2008,,0,c624f243-f3c9-4a43-8d8e-f8a366f73cca,False,
EPITHELIAL,Kim_Lee_2020_P2011,,0,c624f243-f3c9-4a43-8d8e-f8a366f73cca,False,
EPITHELIAL,Kim_Lee_2020_P2012,,0,c624f243-f3c9-4a43-8d8e-f8a366f73cca,False,
EPITHELIAL,Kim_Lee_2020_P3002,0.8266666666666667,75,c624f243-f3c9-4a43-8d8e-f8a366f73cca,False,0.6533333333333333
EPITHELIAL,Kim_Lee_2020_P3003,0.9416167664670658,1336,c624f243-f3c9-4a43-8d8e-f8a366f73cca,False,0.8832335329341316
EPITHELIAL,Kim_Lee_2020_P3004,0.8584392014519057,551,c624f243-f3c9-4a43-8d8e-f8a366f73cca,False,0.7168784029038113
EPITHELIAL,Kim_Lee_2020_P3006,0.625,8,c624f243-f3c9-4a43-8d8e-f8a366f73cca,False,0.25
EPITHELIAL,Kim_Lee_2020_P3007,0.8695652173913043,253,c624f243-f3c9-4a43-8d8e-f8a366f73cca,False,0.7391304347826086
EPITHELIAL,Kim_Lee_2020_P3012,0.7223796033994334,353,c624f243-f3c9-4a43-8d8e-f8a366f73cca,False,0.4447592067988668
EPITHELIAL,Kim_Lee_2020_P3013,0.9261186264308012,961,c624f243-f3c9-4a43-8d8e-f8a366f73cca,False,0.8522372528616025
EPITHELIAL,Kim_Lee_2020_P3016,0.8703703703703703,54,c624f243-f3c9-4a43-8d8e-f8a366f73cca,False,0.7407407407407407
EPITHELIAL,Kim_Lee_2020_P3017,0.9527272727272728,275,c624f243-f3c9-4a43-8d8e-f8a366f73cca,False,0.9054545454545455
EPITHELIAL,Kim_Lee_2020_P3019,0.953125,256,c624f243-f3c9-4a43-8d8e-f8a366f73cca,False,0.90625
EPITHELIAL,Lambrechts_Thienpont_2018_6149v2_3,0.8559113300492611,1624,c624f243-f3c9-4a43-8d8e-f8a366f73cca,False,0.7118226600985222
EPITHELIAL,Lambrechts_Thienpont_2018_6149v2_4,0.8684759916492694,479,c624f243-f3c9-4a43-8d8e-f8a366f73cca,False,0.7369519832985387
EPITHELIAL,Lambrechts_Thienpont_2018_6653_6,0.7450331125827815,302,c624f243-f3c9-4a43-8d8e-f8a366f73cca,False,0.490066225165563
EPITHELIAL,Laughney_Massague_2020_LX255B,0.6470588235294118,51,c624f243-f3c9-4a43-8d8e-f8a366f73cca,False,0.2941176470588236
EPITHELIAL,Laughney_Massague_2020_LX653,0.8505747126436781,87,c624f243-f3c9-4a43-8d8e-f8a366f73cca,False,0.7011494252873562
EPITHELIAL,Laughney_Massague_2020_LX661,0.9342105263157895,76,c624f243-f3c9-4a43-8d8e-f8a366f73cca,False,0.868421052631579
EPITHELIAL,Laughney_Massague_2020_LX666,0.6923076923076923,13,c624f243-f3c9-4a43-8d8e-f8a366f73cca,False,0.3846153846153846
EPITHELIAL,Laughney_Massague_2020_LX675,0.832089552238806,268,c624f243-f3c9-4a43-8d8e-f8a366f73cca,False,0.664179104477612
EPITHELIAL,Laughney_Massague_2020_LX676,0.8571428571428571,49,c624f243-f3c9-4a43-8d8e-f8a366f73cca,False,0.7142857142857142
EPITHELIAL,Laughney_Massague_2020_LX679,0.7217391304347827,230,c624f243-f3c9-4a43-8d8e-f8a366f73cca,False,0.4434782608695653
EPITHELIAL,Laughney_Massague_2020_LX680,0.8163265306122449,98,c624f243-f3c9-4a43-8d8e-f8a366f73cca,False,0.6326530612244898
EPITHELIAL,Laughney_Massague_2020_LX681,0.8306772908366534,502,c624f243-f3c9-4a43-8d8e-f8a366f73cca,False,0.6613545816733069
EPITHELIAL,Laughney_Massague_2020_LX682,0.8322981366459627,161,c624f243-f3c9-4a43-8d8e-f8a366f73cca,False,0.6645962732919255
EPITHELIAL,Laughney_Massague_2020_LX684,0.5931558935361216,263,c624f243-f3c9-4a43-8d8e-f8a366f73cca,False,0.18631178707224327
EPITHELIAL,Laughney_Massague_2020_LX685,0.3183673469387755,245,c624f243-f3c9-4a43-8d8e-f8a366f73cca,False,-0.363265306122449
EPITHELIAL,Laughney_Massague_2020_LX699,0.0,1,c624f243-f3c9-4a43-8d8e-f8a366f73cca,False,-1.0
EPITHELIAL,Laughney_Massague_2020_LX701,0.8235294117647058,17,c624f243-f3c9-4a43-8d8e-f8a366f73cca,False,0.6470588235294117
EPITHELIAL,Madissoon_Meyer_2020_343B,0.15178082191780823,1825,c624f243-f3c9-4a43-8d8e-f8a366f73cca,False,-0.6964383561643835
EPITHELIAL,Madissoon_Meyer_2020_356C,0.22145804676753783,1454,c624f243-f3c9-4a43-8d8e-f8a366f73cca,False,-0.5570839064649243
EPITHELIAL,Madissoon_Meyer_2020_367C,0.3953488372093023,301,c624f243-f3c9-4a43-8d8e-f8a366f73cca,False,-0.2093023255813954
EPITHELIAL,Madissoon_Meyer_2020_368C,0.17490494296577946,263,c624f243-f3c9-4a43-8d8e-f8a366f73cca,False,-0.6501901140684411
EPITHELIAL,Madissoon_Meyer_2020_390C,0.055281342546890426,1013,c624f243-f3c9-4a43-8d8e-f8a366f73cca,False,-0.8894373149062191
EPITHELIAL,Maier_Merad_2020_370,,0,c624f243-f3c9-4a43-8d8e-f8a366f73cca,False,
EPITHELIAL,Maier_Merad_2020_371,,0,c624f243-f3c9-4a43-8d8e-f8a366f73cca,False,
EPITHELIAL,Maier_Merad_2020_378,,0,c624f243-f3c9-4a43-8d8e-f8a366f73cca,False,
EPITHELIAL,Maier_Merad_2020_393,0.5,2,c624f243-f3c9-4a43-8d8e-f8a366f73cca,False,0.0
EPITHELIAL,Maier_Merad_2020_403,,0,c624f243-f3c9-4a43-8d8e-f8a366f73cca,False,
EPITHELIAL,Maier_Merad_2020_406,,0,c624f243-f3c9-4a43-8d8e-f8a366f73cca,False,
EPITHELIAL,Maier_Merad_2020_408,1.0,1,c624f243-f3c9-4a43-8d8e-f8a366f73cca,False,1.0
EPITHELIAL,Maier_Merad_2020_410,,0,c624f243-f3c9-4a43-8d8e-f8a366f73cca,False,
EPITHELIAL,Maier_Merad_2020_514,,0,c624f243-f3c9-4a43-8d8e-f8a366f73cca,False,
EPITHELIAL,Maier_Merad_2020_532,,0,c624f243-f3c9-4a43-8d8e-f8a366f73cca,False,
EPITHELIAL,Maier_Merad_2020_564,1.0,1,c624f243-f3c9-4a43-8d8e-f8a366f73cca,False,1.0
EPITHELIAL,Maier_Merad_2020_569,,0,c624f243-f3c9-4a43-8d8e-f8a366f73cca,False,
EPITHELIAL,Maier_Merad_2020_570,,0,c624f243-f3c9-4a43-8d8e-f8a366f73cca,False,
EPITHELIAL,Maier_Merad_2020_571,,0,c624f243-f3c9-4a43-8d8e-f8a366f73cca,False,
EPITHELIAL,Maier_Merad_2020_572,1.0,2,c624f243-f3c9-4a43-8d8e-f8a366f73cca,False,1.0
EPITHELIAL,Maier_Merad_2020_578,0.0,1,c624f243-f3c9-4a43-8d8e-f8a366f73cca,False,-1.0
EPITHELIAL,Maier_Merad_2020_581,,0,c624f243-f3c9-4a43-8d8e-f8a366f73cca,False,
EPITHELIAL,Maier_Merad_2020_593,,0,c624f243-f3c9-4a43-8d8e-f8a366f73cca,False,
EPITHELIAL,Maier_Merad_2020_596,,0,c624f243-f3c9-4a43-8d8e-f8a366f73cca,False,
EPITHELIAL,Maier_Merad_2020_626,,0,c624f243-f3c9-4a43-8d8e-f8a366f73cca,False,
EPITHELIAL,Maier_Merad_2020_630,,0,c624f243-f3c9-4a43-8d8e-f8a366f73cca,False,
EPITHELIAL,Maier_Merad_2020_695,,0,c624f243-f3c9-4a43-8d8e-f8a366f73cca,False,
EPITHELIAL,Maier_Merad_2020_729,,0,c624f243-f3c9-4a43-8d8e-f8a366f73cca,False,
EPITHELIAL,Maynard_Bivona_2020_TH067,0.9846153846153847,65,c624f243-f3c9-4a43-8d8e-f8a366f73cca,False,0.9692307692307693
EPITHELIAL,Maynard_Bivona_2020_TH103,0.9402985074626866,67,c624f243-f3c9-4a43-8d8e-f8a366f73cca,False,0.8805970149253732
EPITHELIAL,Maynard_Bivona_2020_TH146,1.0,1,c624f243-f3c9-4a43-8d8e-f8a366f73cca,False,1.0
EPITHELIAL,Maynard_Bivona_2020_TH153,,0,c624f243-f3c9-4a43-8d8e-f8a366f73cca,False,
EPITHELIAL,Maynard_Bivona_2020_TH155,1.0,3,c624f243-f3c9-4a43-8d8e-f8a366f73cca,False,1.0
EPITHELIAL,Maynard_Bivona_2020_TH156,0.6666666666666666,6,c624f243-f3c9-4a43-8d8e-f8a366f73cca,False,0.33333333333333326
EPITHELIAL,Maynard_Bivona_2020_TH157,,0,c624f243-f3c9-4a43-8d8e-f8a366f73cca,False,
EPITHELIAL,Maynard_Bivona_2020_TH158,1.0,10,c624f243-f3c9-4a43-8d8e-f8a366f73cca,False,1.0
EPITHELIAL,Maynard_Bivona_2020_TH169,0.9782608695652174,138,c624f243-f3c9-4a43-8d8e-f8a366f73cca,False,0.9565217391304348
EPITHELIAL,Maynard_Bivona_2020_TH179,0.9583333333333334,192,c624f243-f3c9-4a43-8d8e-f8a366f73cca,False,0.9166666666666667
EPITHELIAL,Maynard_Bivona_2020_TH179_NAT,0.6611570247933884,121,c624f243-f3c9-4a43-8d8e-f8a366f73cca,False,0.3223140495867769
EPITHELIAL,Maynard_Bivona_2020_TH185,1.0,957,c624f243-f3c9-4a43-8d8e-f8a366f73cca,False,1.0
EPITHELIAL,Maynard_Bivona_2020_TH205,0.6428571428571429,14,c624f243-f3c9-4a43-8d8e-f8a366f73cca,False,0.2857142857142858
EPITHELIAL,Maynard_Bivona_2020_TH210,0.9375,16,c624f243-f3c9-4a43-8d8e-f8a366f73cca,False,0.875
EPITHELIAL,Maynard_Bivona_2020_TH217,1.0,4,c624f243-f3c9-4a43-8d8e-f8a366f73cca,False,1.0
EPITHELIAL,Maynard_Bivona_2020_TH218,0.8823529411764706,17,c624f243-f3c9-4a43-8d8e-f8a366f73cca,False,0.7647058823529411
EPITHELIAL,Maynard_Bivona_2020_TH220,0.8782608695652174,115,c624f243-f3c9-4a43-8d8e-f8a366f73cca,False,0.7565217391304349
EPITHELIAL,Maynard_Bivona_2020_TH222,1.0,7,c624f243-f3c9-4a43-8d8e-f8a366f73cca,False,1.0
EPITHELIAL,Maynard_Bivona_2020_TH223,0.875,8,c624f243-f3c9-4a43-8d8e-f8a366f73cca,False,0.75
EPITHELIAL,Maynard_Bivona_2020_TH225,0.8421052631578947,19,c624f243-f3c9-4a43-8d8e-f8a366f73cca,False,0.6842105263157894
EPITHELIAL,Maynard_Bivona_2020_TH226,0.7725856697819314,642,c624f243-f3c9-4a43-8d8e-f8a366f73cca,False,0.5451713395638629
EPITHELIAL,Maynard_Bivona_2020_TH227,0.8620689655172413,29,c624f243-f3c9-4a43-8d8e-f8a366f73cca,False,0.7241379310344827
EPITHELIAL,Maynard_Bivona_2020_TH231,0.9473684210526315,380,c624f243-f3c9-4a43-8d8e-f8a366f73cca,False,0.894736842105263
EPITHELIAL,Maynard_Bivona_2020_TH236,0.7924528301886793,159,c624f243-f3c9-4a43-8d8e-f8a366f73cca,False,0.5849056603773586
EPITHELIAL,Maynard_Bivona_2020_TH238,0.8830769230769231,325,c624f243-f3c9-4a43-8d8e-f8a366f73cca,False,0.7661538461538462
EPITHELIAL,Maynard_Bivona_2020_TH238_NAT,0.6451612903225806,93,c624f243-f3c9-4a43-8d8e-f8a366f73cca,False,0.29032258064516125
EPITHELIAL,Maynard_Bivona_2020_TH248,0.9517684887459807,311,c624f243-f3c9-4a43-8d8e-f8a366f73cca,False,0.9035369774919615
EPITHELIAL,Maynard_Bivona_2020_TH266,0.8481012658227848,79,c624f243-f3c9-4a43-8d8e-f8a366f73cca,False,0.6962025316455696
EPITHELIAL,Mayr_Schiller_2020_muc10380,0.375,216,c624f243-f3c9-4a43-8d8e-f8a366f73cca,False,-0.25
EPITHELIAL,Mayr_Schiller_2020_muc3843,0.12556053811659193,446,c624f243-f3c9-4a43-8d8e-f8a366f73cca,False,-0.7488789237668161
EPITHELIAL,Mayr_Schiller_2020_muc4658,0.2092511013215859,454,c624f243-f3c9-4a43-8d8e-f8a366f73cca,False,-0.5814977973568283
EPITHELIAL,Mayr_Schiller_2020_muc4659,,0,c624f243-f3c9-4a43-8d8e-f8a366f73cca,False,
EPITHELIAL,Mayr_Schiller_2020_muc5103,0.13114754098360656,244,c624f243-f3c9-4a43-8d8e-f8a366f73cca,False,-0.7377049180327868
EPITHELIAL,Mayr_Schiller_2020_muc5105,0.13170731707317074,205,c624f243-f3c9-4a43-8d8e-f8a366f73cca,False,-0.7365853658536585
EPITHELIAL,Mayr_Schiller_2020_muc5212,0.05752212389380531,226,c624f243-f3c9-4a43-8d8e-f8a366f73cca,False,-0.8849557522123894
EPITHELIAL,Mayr_Schiller_2020_muc5213,0.2631578947368421,171,c624f243-f3c9-4a43-8d8e-f8a366f73cca,False,-0.4736842105263158
EPITHELIAL,Mayr_Schiller_2020_muc9832,0.23741007194244604,139,c624f243-f3c9-4a43-8d8e-f8a366f73cca,False,-0.525179856115108
EPITHELIAL,Mayr_Schiller_2020_muc9833,0.1402439024390244,492,c624f243-f3c9-4a43-8d8e-f8a366f73cca,False,-0.7195121951219512
EPITHELIAL,Reyfman_Misharin_2018_Donor_01,0.07848518111964874,1822,c624f243-f3c9-4a43-8d8e-f8a366f73cca,False,-0.8430296377607025
EPITHELIAL,Reyfman_Misharin_2018_Donor_02,0.13315508021390374,1870,c624f243-f3c9-4a43-8d8e-f8a366f73cca,False,-0.7336898395721925
EPITHELIAL,Reyfman_Misharin_2018_Donor_03,0.058368076235854674,1679,c624f243-f3c9-4a43-8d8e-f8a366f73cca,False,-0.8832638475282907
EPITHELIAL,Reyfman_Misharin_2018_Donor_04,0.10018691588785046,2675,c624f243-f3c9-4a43-8d8e-f8a366f73cca,False,-0.7996261682242991
EPITHELIAL,Reyfman_Misharin_2018_Donor_05,0.05637358014303744,2377,c624f243-f3c9-4a43-8d8e-f8a366f73cca,False,-0.8872528397139251
EPITHELIAL,Reyfman_Misharin_2018_Donor_06,0.04311872415829888,1693,c624f243-f3c9-4a43-8d8e-f8a366f73cca,False,-0.9137625516834023
EPITHELIAL,Reyfman_Misharin_2018_Donor_07,0.04451119606772255,3662,c624f243-f3c9-4a43-8d8e-f8a366f73cca,False,-0.9109776078645548
EPITHELIAL,Reyfman_Misharin_2018_Donor_08,0.07013815090329437,2823,c624f243-f3c9-4a43-8d8e-f8a366f73cca,False,-0.8597236981934113
EPITHELIAL,SD10_raw_feature_bc_matrix,0.8043920292801952,4918,SD10_raw_feature_bc_matrix,True,0.6087840585603903
EPITHELIAL,SD12_raw_feature_bc_matrix,0.8962155523144238,13027,SD12_raw_feature_bc_matrix,True,0.7924311046288477
EPITHELIAL,SD15_raw_feature_bc_matrix,0.8,50,SD15_raw_feature_bc_matrix,True,0.6000000000000001
EPITHELIAL,SD16_raw_feature_bc_matrix,0.7339312406576981,669,SD16_raw_feature_bc_matrix,True,0.4678624813153962
EPITHELIAL,SD2_raw_feature_bc_matrix,0.7651982118592332,50779,SD2_raw_feature_bc_matrix,True,0.5303964237184664
EPITHELIAL,SD3_raw_feature_bc_matrix,0.5240417174590275,7383,SD3_raw_feature_bc_matrix,True,0.048083434918055
EPITHELIAL,SD6_raw_feature_bc_matrix,0.40582278481012657,3950,SD6_raw_feature_bc_matrix,True,-0.18835443037974686
EPITHELIAL,SD7_raw_feature_bc_matrix,0.9768165111676562,3537,SD7_raw_feature_bc_matrix,True,0.9536330223353124
EPITHELIAL,SD8_raw_feature_bc_matrix,0.851063829787234,94,SD8_raw_feature_bc_matrix,False,0.7021276595744681
EPITHELIAL,Travaglini_Krasnow_2020_Lung_P1,0.22102649006622516,1208,c624f243-f3c9-4a43-8d8e-f8a366f73cca,False,-0.5579470198675497
EPITHELIAL,Travaglini_Krasnow_2020_Lung_P2,0.26135389888603255,1167,c624f243-f3c9-4a43-8d8e-f8a366f73cca,False,-0.4772922022279349
EPITHELIAL,Travaglini_Krasnow_2020_Lung_P3,0.34213685474189676,833,c624f243-f3c9-4a43-8d8e-f8a366f73cca,False,-0.3157262905162065
EPITHELIAL,UKIM-V_P1,0.6631016042780749,187,c624f243-f3c9-4a43-8d8e-f8a366f73cca,False,0.3262032085561497
EPITHELIAL,UKIM-V_P3,0.7918781725888325,197,c624f243-f3c9-4a43-8d8e-f8a366f73cca,False,0.5837563451776651
EPITHELIAL,Vieira_Teichmann_2019_Dropseq_1,0.27079303675048355,517,c624f243-f3c9-4a43-8d8e-f8a366f73cca,False,-0.4584139264990329
EPITHELIAL,Vieira_Teichmann_2019_Dropseq_2,0.4265975820379965,579,c624f243-f3c9-4a43-8d8e-f8a366f73cca,False,-0.14680483592400695
EPITHELIAL,Vieira_Teichmann_2019_Dropseq_3,0.18932038834951456,206,c624f243-f3c9-4a43-8d8e-f8a366f73cca,False,-0.6213592233009708
EPITHELIAL,Vieira_Teichmann_2019_Dropseq_4,0.07276507276507277,481,c624f243-f3c9-4a43-8d8e-f8a366f73cca,False,-0.8544698544698545
EPITHELIAL,Wu_Zhou_2021_P12,0.7444444444444445,360,c624f243-f3c9-4a43-8d8e-f8a366f73cca,False,0.48888888888888893
EPITHELIAL,Wu_Zhou_2021_P13,0.953125,128,c624f243-f3c9-4a43-8d8e-f8a366f73cca,False,0.90625
EPITHELIAL,Wu_Zhou_2021_P16,0.9425837320574163,627,c624f243-f3c9-4a43-8d8e-f8a366f73cca,False,0.8851674641148326
EPITHELIAL,Wu_Zhou_2021_P2,0.8162162162162162,185,c624f243-f3c9-4a43-8d8e-f8a366f73cca,False,0.6324324324324324
EPITHELIAL,Wu_Zhou_2021_P20,0.9162011173184358,179,c624f243-f3c9-4a43-8d8e-f8a366f73cca,False,0.8324022346368716
EPITHELIAL,Wu_Zhou_2021_P21,0.927892234548336,1262,c624f243-f3c9-4a43-8d8e-f8a366f73cca,False,0.855784469096672
EPITHELIAL,Wu_Zhou_2021_P24,1.0,86,c624f243-f3c9-4a43-8d8e-f8a366f73cca,False,1.0
EPITHELIAL,Wu_Zhou_2021_P28,0.9396135265700483,414,c624f243-f3c9-4a43-8d8e-f8a366f73cca,False,0.8792270531400965
EPITHELIAL,Wu_Zhou_2021_P29,1.0,2,c624f243-f3c9-4a43-8d8e-f8a366f73cca,False,1.0
EPITHELIAL,Wu_Zhou_2021_P32,0.9414225941422594,239,c624f243-f3c9-4a43-8d8e-f8a366f73cca,False,0.8828451882845187
EPITHELIAL,Wu_Zhou_2021_P33,0.7189189189189189,185,c624f243-f3c9-4a43-8d8e-f8a366f73cca,False,0.4378378378378378
EPITHELIAL,Wu_Zhou_2021_P34,0.9037037037037037,270,c624f243-f3c9-4a43-8d8e-f8a366f73cca,False,0.8074074074074074
EPITHELIAL,Wu_Zhou_2021_P35,0.8205607476635514,535,c624f243-f3c9-4a43-8d8e-f8a366f73cca,False,0.6411214953271027
EPITHELIAL,Wu_Zhou_2021_P38,0.9414893617021277,188,c624f243-f3c9-4a43-8d8e-f8a366f73cca,False,0.8829787234042554
EPITHELIAL,Wu_Zhou_2021_P39,0.91875,480,c624f243-f3c9-4a43-8d8e-f8a366f73cca,False,0.8374999999999999
EPITHELIAL,Wu_Zhou_2021_P5,0.8733392382639504,1129,c624f243-f3c9-4a43-8d8e-f8a366f73cca,False,0.7466784765279009
EPITHELIAL,Wu_Zhou_2021_P8,0.7236180904522613,398,c624f243-f3c9-4a43-8d8e-f8a366f73cca,False,0.44723618090452266
EPITHELIAL,Wu_Zhou_2021_P9,0.9505703422053232,1578,c624f243-f3c9-4a43-8d8e-f8a366f73cca,False,0.9011406844106464
EPITHELIAL,Zilionis_Klein_2019_patient_3,0.8172690763052208,498,c624f243-f3c9-4a43-8d8e-f8a366f73cca,False,0.6345381526104417
EPITHELIAL,Zilionis_Klein_2019_patient_4,0.972972972972973,148,c624f243-f3c9-4a43-8d8e-f8a366f73cca,False,0.945945945945946
EPITHELIAL,Zilionis_Klein_2019_patient_5,0.9079754601226994,489,c624f243-f3c9-4a43-8d8e-f8a366f73cca,False,0.8159509202453987
EPITHELIAL,Zilionis_Klein_2019_patient_6,0.9528795811518325,191,c624f243-f3c9-4a43-8d8e-f8a366f73cca,False,0.9057591623036649
EPITHELIAL,Zilionis_Klein_2019_patient_7,0.9389002036659878,491,c624f243-f3c9-4a43-8d8e-f8a366f73cca,False,0.8778004073319756
EPITHELIAL,b351804c-293e-4aeb-9c4c-043db67f4540,0.75,8,b351804c-293e-4aeb-9c4c-043db67f4540,False,0.5
EPITHELIAL,homosapiens_None_2023_None_sikkemalisa_001_d10_1101_2022_03_10_4837472020-3173-NC002,0.6507029876977153,4552,b351804c-293e-4aeb-9c4c-043db67f4540,False,0.30140597539543057
EPITHELIAL,homosapiens_None_2023_None_sikkemalisa_001_d10_1101_2022_03_10_4837472020-3173-NC003,0.6746849942726232,1746,b351804c-293e-4aeb-9c4c-043db67f4540,False,0.34936998854524637
EPITHELIAL,homosapiens_None_2023_None_sikkemalisa_001_d10_1101_2022_03_10_4837472020-3173-NC004,0.6359495444989488,11416,b351804c-293e-4aeb-9c4c-043db67f4540,False,0.2718990889978976
EPITHELIAL,homosapiens_None_2023_None_sikkemalisa_001_d10_1101_2022_03_10_4837472020-3173-NC005,0.759661635428761,6029,b351804c-293e-4aeb-9c4c-043db67f4540,False,0.519323270857522
EPITHELIAL,homosapiens_None_2023_None_sikkemalisa_001_d10_1101_2022_03_10_4837472020-3173-NC006,0.6396756375602304,8509,b351804c-293e-4aeb-9c4c-043db67f4540,False,0.27935127512046076
EPITHELIAL,homosapiens_None_2023_None_sikkemalisa_001_d10_1101_2022_03_10_4837472020-3173-NC007,0.7351463198344664,3383,b351804c-293e-4aeb-9c4c-043db67f4540,False,0.47029263966893287
EPITHELIAL,homosapiens_None_2023_None_sikkemalisa_001_d10_1101_2022_03_10_4837472020-3173-NC008,0.7167358229598894,7230,b351804c-293e-4aeb-9c4c-043db67f4540,False,0.4334716459197787
EPITHELIAL,homosapiens_None_2023_None_sikkemalisa_001_d10_1101_2022_03_10_483747284C,0.41379310344827586,29,b351804c-293e-4aeb-9c4c-043db67f4540,False,-0.1724137931034483
EPITHELIAL,homosapiens_None_2023_None_sikkemalisa_001_d10_1101_2022_03_10_483747290B,0.39473684210526316,190,b351804c-293e-4aeb-9c4c-043db67f4540,False,-0.21052631578947367
EPITHELIAL,homosapiens_None_2023_None_sikkemalisa_001_d10_1101_2022_03_10_483747292B,0.5578231292517006,147,b351804c-293e-4aeb-9c4c-043db67f4540,False,0.11564625850340127
EPITHELIAL,homosapiens_None_2023_None_sikkemalisa_001_d10_1101_2022_03_10_483747296C,0.17598343685300208,1449,b351804c-293e-4aeb-9c4c-043db67f4540,False,-0.6480331262939958
EPITHELIAL,homosapiens_None_2023_None_sikkemalisa_001_d10_1101_2022_03_10_483747298C,0.26730310262529833,419,b351804c-293e-4aeb-9c4c-043db67f4540,False,-0.46539379474940334
EPITHELIAL,homosapiens_None_2023_None_sikkemalisa_001_d10_1101_2022_03_10_483747302C,0.05474452554744526,822,b351804c-293e-4aeb-9c4c-043db67f4540,False,-0.8905109489051095
EPITHELIAL,homosapiens_None_2023_None_sikkemalisa_001_d10_1101_2022_03_10_483747356C,0.20072992700729927,1644,b351804c-293e-4aeb-9c4c-043db67f4540,False,-0.5985401459854014
EPITHELIAL,homosapiens_None_2023_None_sikkemalisa_001_d10_1101_2022_03_10_483747368C,0.21100917431192662,327,b351804c-293e-4aeb-9c4c-043db67f4540,False,-0.5779816513761468
EPITHELIAL,homosapiens_None_2023_None_sikkemalisa_001_d10_1101_2022_03_10_483747390C,0.07109737248840804,1294,b351804c-293e-4aeb-9c4c-043db67f4540,False,-0.8578052550231839
EPITHELIAL,homosapiens_None_2023_None_sikkemalisa_001_d10_1101_2022_03_10_483747D322,0.6043743969121904,3109,b351804c-293e-4aeb-9c4c-043db67f4540,False,0.20874879382438083
EPITHELIAL,homosapiens_None_2023_None_sikkemalisa_001_d10_1101_2022_03_10_483747D326,0.29389312977099236,4454,b351804c-293e-4aeb-9c4c-043db67f4540,False,-0.4122137404580153
EPITHELIAL,homosapiens_None_2023_None_sikkemalisa_001_d10_1101_2022_03_10_483747D337,0.4268846503178928,1101,b351804c-293e-4aeb-9c4c-043db67f4540,False,-0.1462306993642144
EPITHELIAL,homosapiens_None_2023_None_sikkemalisa_001_d10_1101_2022_03_10_483747D339,0.5284552845528455,4305,b351804c-293e-4aeb-9c4c-043db67f4540,False,0.05691056910569103
EPITHELIAL,homosapiens_None_2023_None_sikkemalisa_001_d10_1101_2022_03_10_483747D344,0.43094065820160665,3859,b351804c-293e-4aeb-9c4c-043db67f4540,False,-0.1381186835967867
EPITHELIAL,homosapiens_None_2023_None_sikkemalisa_001_d10_1101_2022_03_10_483747D353,0.5629670254336052,14587,b351804c-293e-4aeb-9c4c-043db67f4540,False,0.12593405086721043
EPITHELIAL,homosapiens_None_2023_None_sikkemalisa_001_d10_1101_2022_03_10_483747D354,0.4667014432272648,5751,b351804c-293e-4aeb-9c4c-043db67f4540,False,-0.06659711354547038
EPITHELIAL,homosapiens_None_2023_None_sikkemalisa_001_d10_1101_2022_03_10_483747D363,0.49756015480397103,5943,b351804c-293e-4aeb-9c4c-043db67f4540,False,-0.004879690392057934
EPITHELIAL,homosapiens_None_2023_None_sikkemalisa_001_d10_1101_2022_03_10_483747D367,0.5059101654846335,8883,b351804c-293e-4aeb-9c4c-043db67f4540,False,0.011820330969267046
EPITHELIAL,homosapiens_None_2023_None_sikkemalisa_001_d10_1101_2022_03_10_483747D372,0.33026971310771347,11642,b351804c-293e-4aeb-9c4c-043db67f4540,False,-0.33946057378457306
EPITHELIAL,homosapiens_None_2023_None_sikkemalisa_001_d10_1101_2022_03_10_483747Donor_01,0.058021806853582554,2568,b351804c-293e-4aeb-9c4c-043db67f4540,False,-0.8839563862928349
EPITHELIAL,homosapiens_None_2023_None_sikkemalisa_001_d10_1101_2022_03_10_483747Donor_02,0.10893155258764607,2396,b351804c-293e-4aeb-9c4c-043db67f4540,False,-0.7821368948247078
EPITHELIAL,homosapiens_None_2023_None_sikkemalisa_001_d10_1101_2022_03_10_483747Donor_03,0.055504587155963306,2180,b351804c-293e-4aeb-9c4c-043db67f4540,False,-0.8889908256880734
EPITHELIAL,homosapiens_None_2023_None_sikkemalisa_001_d10_1101_2022_03_10_483747Donor_04,0.08682126696832579,3536,b351804c-293e-4aeb-9c4c-043db67f4540,False,-0.8263574660633484
EPITHELIAL,homosapiens_None_2023_None_sikkemalisa_001_d10_1101_2022_03_10_483747Donor_05,0.04505594194133656,3307,b351804c-293e-4aeb-9c4c-043db67f4540,False,-0.9098881161173269
EPITHELIAL,homosapiens_None_2023_None_sikkemalisa_001_d10_1101_2022_03_10_483747Donor_06,0.0424183325207216,2051,b351804c-293e-4aeb-9c4c-043db67f4540,False,-0.9151633349585568
EPITHELIAL,homosapiens_None_2023_None_sikkemalisa_001_d10_1101_2022_03_10_483747Donor_07,0.036378668871434476,4838,b351804c-293e-4aeb-9c4c-043db67f4540,False,-0.927242662257131
EPITHELIAL,homosapiens_None_2023_None_sikkemalisa_001_d10_1101_2022_03_10_483747Donor_08,0.03235294117647059,2720,b351804c-293e-4aeb-9c4c-043db67f4540,False,-0.9352941176470588
EPITHELIAL,homosapiens_None_2023_None_sikkemalisa_001_d10_1101_2022_03_10_483747GRO-01,0.7291910902696366,853,b351804c-293e-4aeb-9c4c-043db67f4540,False,0.45838218053927315
EPITHELIAL,homosapiens_None_2023_None_sikkemalisa_001_d10_1101_2022_03_10_483747GRO-02,0.6,940,b351804c-293e-4aeb-9c4c-043db67f4540,False,0.19999999999999996
EPITHELIAL,homosapiens_None_2023_None_sikkemalisa_001_d10_1101_2022_03_10_483747GRO-03,0.7340203925008223,9121,b351804c-293e-4aeb-9c4c-043db67f4540,False,0.4680407850016446
EPITHELIAL,homosapiens_None_2023_None_sikkemalisa_001_d10_1101_2022_03_10_483747GRO-04,0.6859144720947089,8278,b351804c-293e-4aeb-9c4c-043db67f4540,False,0.3718289441894178
EPITHELIAL,homosapiens_None_2023_None_sikkemalisa_001_d10_1101_2022_03_10_483747GRO-06,0.8230698529411765,2176,b351804c-293e-4aeb-9c4c-043db67f4540,False,0.646139705882353
EPITHELIAL,homosapiens_None_2023_None_sikkemalisa_001_d10_1101_2022_03_10_483747GRO-07,0.8038828562026983,3039,b351804c-293e-4aeb-9c4c-043db67f4540,False,0.6077657124053966
EPITHELIAL,homosapiens_None_2023_None_sikkemalisa_001_d10_1101_2022_03_10_483747GRO-08,0.6738609112709832,1668,b351804c-293e-4aeb-9c4c-043db67f4540,False,0.3477218225419665
EPITHELIAL,homosapiens_None_2023_None_sikkemalisa_001_d10_1101_2022_03_10_483747GRO-09,0.8984081361927924,9046,b351804c-293e-4aeb-9c4c-043db67f4540,False,0.7968162723855847
EPITHELIAL,homosapiens_None_2023_None_sikkemalisa_001_d10_1101_2022_03_10_483747GRO-10,0.7130102040816326,7056,b351804c-293e-4aeb-9c4c-043db67f4540,False,0.42602040816326525
EPITHELIAL,homosapiens_None_2023_None_sikkemalisa_001_d10_1101_2022_03_10_483747GRO-11,0.7412935323383084,1206,b351804c-293e-4aeb-9c4c-043db67f4540,False,0.48258706467661683
EPITHELIAL,homosapiens_None_2023_None_sikkemalisa_001_d10_1101_2022_03_10_483747NU_CZI01,0.4662119716413892,11143,b351804c-293e-4aeb-9c4c-043db67f4540,False,-0.06757605671722156
EPITHELIAL,homosapiens_None_2023_None_sikkemalisa_001_d10_1101_2022_03_10_483747NU_CZI02,0.10122891064361592,4801,b351804c-293e-4aeb-9c4c-043db67f4540,False,-0.7975421787127681
EPITHELIAL,homosapiens_None_2023_None_sikkemalisa_001_d10_1101_2022_03_10_483747T101,0.9274961597542243,3255,b351804c-293e-4aeb-9c4c-043db67f4540,False,0.8549923195084486
EPITHELIAL,homosapiens_None_2023_None_sikkemalisa_001_d10_1101_2022_03_10_483747T120,0.7740303541315345,1779,b351804c-293e-4aeb-9c4c-043db67f4540,False,0.5480607082630691
EPITHELIAL,homosapiens_None_2023_None_sikkemalisa_001_d10_1101_2022_03_10_483747T121,0.8955539872971066,1417,b351804c-293e-4aeb-9c4c-043db67f4540,False,0.7911079745942131
EPITHELIAL,homosapiens_None_2023_None_sikkemalisa_001_d10_1101_2022_03_10_483747T126,0.8464163822525598,1758,b351804c-293e-4aeb-9c4c-043db67f4540,False,0.6928327645051195
EPITHELIAL,homosapiens_None_2023_None_sikkemalisa_001_d10_1101_2022_03_10_483747T137,0.8706766917293233,1330,b351804c-293e-4aeb-9c4c-043db67f4540,False,0.7413533834586465
EPITHELIAL,homosapiens_None_2023_None_sikkemalisa_001_d10_1101_2022_03_10_483747T153,0.8475770925110132,3405,b351804c-293e-4aeb-9c4c-043db67f4540,False,0.6951541850220264
EPITHELIAL,homosapiens_None_2023_None_sikkemalisa_001_d10_1101_2022_03_10_483747T154,0.9360925136944613,1643,b351804c-293e-4aeb-9c4c-043db67f4540,False,0.8721850273889227
EPITHELIAL,homosapiens_None_2023_None_sikkemalisa_001_d10_1101_2022_03_10_483747T164,0.7581294518426758,3229,b351804c-293e-4aeb-9c4c-043db67f4540,False,0.5162589036853515
EPITHELIAL,homosapiens_None_2023_None_sikkemalisa_001_d10_1101_2022_03_10_483747T165,0.93393536121673,2104,b351804c-293e-4aeb-9c4c-043db67f4540,False,0.8678707224334601
EPITHELIAL,homosapiens_None_2023_None_sikkemalisa_001_d10_1101_2022_03_10_483747T166,0.8372450942670258,2599,b351804c-293e-4aeb-9c4c-043db67f4540,False,0.6744901885340515
EPITHELIAL,homosapiens_None_2023_None_sikkemalisa_001_d10_1101_2022_03_10_483747T167,0.6751054852320675,2844,b351804c-293e-4aeb-9c4c-043db67f4540,False,0.35021097046413496
EPITHELIAL,homosapiens_None_2023_None_sikkemalisa_001_d10_1101_2022_03_10_483747T85,0.8499859273853082,3553,b351804c-293e-4aeb-9c4c-043db67f4540,False,0.6999718547706164
EPITHELIAL,homosapiens_None_2023_None_sikkemalisa_001_d10_1101_2022_03_10_483747T89,0.8744939271255061,2223,b351804c-293e-4aeb-9c4c-043db67f4540,False,0.7489878542510122
EPITHELIAL,homosapiens_None_2023_None_sikkemalisa_001_d10_1101_2022_03_10_483747T90,0.9183581416328371,2217,b351804c-293e-4aeb-9c4c-043db67f4540,False,0.8367162832656743
EPITHELIAL,homosapiens_None_2023_None_sikkemalisa_001_d10_1101_2022_03_10_483747THD0001,0.0536231884057971,1380,b351804c-293e-4aeb-9c4c-043db67f4540,False,-0.8927536231884058
EPITHELIAL,homosapiens_None_2023_None_sikkemalisa_001_d10_1101_2022_03_10_483747THD0005,0.5263157894736842,285,b351804c-293e-4aeb-9c4c-043db67f4540,False,0.05263157894736836
EPITHELIAL,homosapiens_None_2023_None_sikkemalisa_001_d10_1101_2022_03_10_483747THD0006,0.6666666666666666,51,b351804c-293e-4aeb-9c4c-043db67f4540,False,0.33333333333333326
EPITHELIAL,homosapiens_None_2023_None_sikkemalisa_001_d10_1101_2022_03_10_483747THD0007,0.30307941653160453,617,b351804c-293e-4aeb-9c4c-043db67f4540,False,-0.39384116693679094
EPITHELIAL,homosapiens_None_2023_None_sikkemalisa_001_d10_1101_2022_03_10_483747THD0008,0.4418604651162791,387,b351804c-293e-4aeb-9c4c-043db67f4540,False,-0.11627906976744184
EPITHELIAL,homosapiens_None_2023_None_sikkemalisa_001_d10_1101_2022_03_10_483747THD0009,0.15201900237529692,421,b351804c-293e-4aeb-9c4c-043db67f4540,False,-0.6959619952494062
EPITHELIAL,homosapiens_None_2023_None_sikkemalisa_001_d10_1101_2022_03_10_483747THD0010,0.22277227722772278,202,b351804c-293e-4aeb-9c4c-043db67f4540,False,-0.5544554455445545
EPITHELIAL,homosapiens_None_2023_None_sikkemalisa_001_d10_1101_2022_03_10_483747THD0012,0.19069767441860466,215,b351804c-293e-4aeb-9c4c-043db67f4540,False,-0.6186046511627907
EPITHELIAL,homosapiens_None_2023_None_sikkemalisa_001_d10_1101_2022_03_10_483747THD0014,0.10696266397578204,991,b351804c-293e-4aeb-9c4c-043db67f4540,False,-0.786074672048436
EPITHELIAL,homosapiens_None_2023_None_sikkemalisa_001_d10_1101_2022_03_10_483747THD0015,0.47107438016528924,121,b351804c-293e-4aeb-9c4c-043db67f4540,False,-0.05785123966942152
EPITHELIAL,homosapiens_None_2023_None_sikkemalisa_001_d10_1101_2022_03_10_483747THD0017,0.2727272727272727,451,b351804c-293e-4aeb-9c4c-043db67f4540,False,-0.4545454545454546
EPITHELIAL,homosapiens_None_2023_None_sikkemalisa_001_d10_1101_2022_03_10_483747THD0019,0.3409090909090909,132,b351804c-293e-4aeb-9c4c-043db67f4540,False,-0.31818181818181823
EPITHELIAL,homosapiens_None_2023_None_sikkemalisa_001_d10_1101_2022_03_10_483747THD0020,0.8333333333333334,24,b351804c-293e-4aeb-9c4c-043db67f4540,False,0.6666666666666667
EPITHELIAL,homosapiens_None_2023_None_sikkemalisa_001_d10_1101_2022_03_10_483747VUHD071,0.4815950920245399,326,b351804c-293e-4aeb-9c4c-043db67f4540,False,-0.036809815950920255
EPITHELIAL,homosapiens_None_2023_None_sikkemalisa_001_d10_1101_2022_03_10_483747VUHD072,0.2,170,b351804c-293e-4aeb-9c4c-043db67f4540,False,-0.6
EPITHELIAL,homosapiens_None_2023_None_sikkemalisa_001_d10_1101_2022_03_10_483747VUHD073,0.32142857142857145,28,b351804c-293e-4aeb-9c4c-043db67f4540,False,-0.3571428571428571
EPITHELIAL,homosapiens_None_2023_None_sikkemalisa_001_d10_1101_2022_03_10_483747VUHD076,0.3793103448275862,29,b351804c-293e-4aeb-9c4c-043db67f4540,False,-0.24137931034482762
EPITHELIAL,homosapiens_None_2023_None_sikkemalisa_001_d10_1101_2022_03_10_483747VUHD077,0.47368421052631576,19,b351804c-293e-4aeb-9c4c-043db67f4540,False,-0.052631578947368474
EPITHELIAL,homosapiens_None_2023_None_sikkemalisa_001_d10_1101_2022_03_10_483747VUHD078,0.3939393939393939,66,b351804c-293e-4aeb-9c4c-043db67f4540,False,-0.21212121212121215
EPITHELIAL,homosapiens_None_2023_None_sikkemalisa_001_d10_1101_2022_03_10_483747VUHD080,0.26666666666666666,30,b351804c-293e-4aeb-9c4c-043db67f4540,False,-0.4666666666666667
EPITHELIAL,homosapiens_None_2023_None_sikkemalisa_001_d10_1101_2022_03_10_483747VUHD101,0.3055555555555556,612,b351804c-293e-4aeb-9c4c-043db67f4540,False,-0.38888888888888884
EPITHELIAL,homosapiens_None_2023_None_sikkemalisa_001_d10_1101_2022_03_10_483747VUHD103,0.3916728995263027,4011,b351804c-293e-4aeb-9c4c-043db67f4540,False,-0.21665420094739463
EPITHELIAL,homosapiens_None_2023_None_sikkemalisa_001_d10_1101_2022_03_10_483747VUHD104,0.3708759954493743,1758,b351804c-293e-4aeb-9c4c-043db67f4540,False,-0.25824800910125145
EPITHELIAL,homosapiens_None_2023_None_sikkemalisa_001_d10_1101_2022_03_10_483747VUHD105,0.6867469879518072,83,b351804c-293e-4aeb-9c4c-043db67f4540,False,0.37349397590361444
EPITHELIAL,homosapiens_None_2023_None_sikkemalisa_001_d10_1101_2022_03_10_483747VUHD106,0.5730535084908683,6242,b351804c-293e-4aeb-9c4c-043db67f4540,False,0.14610701698173667
EPITHELIAL,homosapiens_None_2023_None_sikkemalisa_001_d10_1101_2022_03_10_483747VUHD107,0.6291390728476821,151,b351804c-293e-4aeb-9c4c-043db67f4540,False,0.2582781456953642
EPITHELIAL,homosapiens_None_2023_None_sikkemalisa_001_d10_1101_2022_03_10_483747VUHD66,0.4751842751842752,2035,b351804c-293e-4aeb-9c4c-043db67f4540,False,-0.04963144963144961
EPITHELIAL,homosapiens_None_2023_None_sikkemalisa_001_d10_1101_2022_03_10_483747VUHD67,0.1670459717796996,2197,b351804c-293e-4aeb-9c4c-043db67f4540,False,-0.6659080564406008
EPITHELIAL,homosapiens_None_2023_None_sikkemalisa_001_d10_1101_2022_03_10_483747VUHD68,0.3722627737226277,137,b351804c-293e-4aeb-9c4c-043db67f4540,False,-0.25547445255474455
EPITHELIAL,homosapiens_None_2023_None_sikkemalisa_001_d10_1101_2022_03_10_483747VUHD69,0.3055555555555556,36,b351804c-293e-4aeb-9c4c-043db67f4540,False,-0.38888888888888884
EPITHELIAL,homosapiens_None_2023_None_sikkemalisa_001_d10_1101_2022_03_10_483747VUHD70,0.341796875,512,b351804c-293e-4aeb-9c4c-043db67f4540,False,-0.31640625
EPITHELIAL,homosapiens_None_2023_None_sikkemalisa_001_d10_1101_2022_03_10_483747VUHD84,0.5159102764736567,5751,b351804c-293e-4aeb-9c4c-043db67f4540,False,0.03182055294731345
EPITHELIAL,homosapiens_None_2023_None_sikkemalisa_001_d10_1101_2022_03_10_483747VUHD85,0.2013888888888889,144,b351804c-293e-4aeb-9c4c-043db67f4540,False,-0.5972222222222222
EPITHELIAL,homosapiens_None_2023_None_sikkemalisa_001_d10_1101_2022_03_10_483747VUHD87,0.625,8,b351804c-293e-4aeb-9c4c-043db67f4540,False,0.25
EPITHELIAL,homosapiens_None_2023_None_sikkemalisa_001_d10_1101_2022_03_10_483747VUHD92,0.5478180129990715,1077,b351804c-293e-4aeb-9c4c-043db67f4540,False,0.09563602599814303
EPITHELIAL,homosapiens_None_2023_None_sikkemalisa_001_d10_1101_2022_03_10_483747VUHD94,0.33041848844472205,1601,b351804c-293e-4aeb-9c4c-043db67f4540,False,-0.3391630231105559
EPITHELIAL,homosapiens_None_2023_None_sikkemalisa_001_d10_1101_2022_03_10_483747VUHD95,0.3715780998389694,2484,b351804c-293e-4aeb-9c4c-043db67f4540,False,-0.2568438003220612
EPITHELIAL,homosapiens_None_2023_None_sikkemalisa_001_d10_1101_2022_03_10_483747VUHD98,0.15077202543142598,1101,b351804c-293e-4aeb-9c4c-043db67f4540,False,-0.698455949137148
EPITHELIAL,homosapiens_None_2023_None_sikkemalisa_001_d10_1101_2022_03_10_483747donor 1,0.5158636897767332,851,b351804c-293e-4aeb-9c4c-043db67f4540,False,0.031727379553466495
EPITHELIAL,homosapiens_None_2023_None_sikkemalisa_001_d10_1101_2022_03_10_483747donor 2,0.6791179117911791,2222,b351804c-293e-4aeb-9c4c-043db67f4540,False,0.35823582358235817
EPITHELIAL,homosapiens_None_2023_None_sikkemalisa_001_d10_1101_2022_03_10_483747donor 3,0.6317307692307692,6240,b351804c-293e-4aeb-9c4c-043db67f4540,False,0.2634615384615384
EPITHELIAL,homosapiens_None_2023_None_sikkemalisa_001_d10_1101_2022_03_10_483747lafy_donor_1,0.3333333333333333,9,b351804c-293e-4aeb-9c4c-043db67f4540,False,-0.33333333333333337
EPITHELIAL,homosapiens_None_2023_None_sikkemalisa_001_d10_1101_2022_03_10_483747lafy_donor_2,0.6611842105263158,304,b351804c-293e-4aeb-9c4c-043db67f4540,False,0.32236842105263164
EPITHELIAL,homosapiens_None_2023_None_sikkemalisa_001_d10_1101_2022_03_10_483747lafy_donor_3,0.5590062111801242,322,b351804c-293e-4aeb-9c4c-043db67f4540,False,0.11801242236024834
EPITHELIAL,homosapiens_None_2023_None_sikkemalisa_001_d10_1101_2022_03_10_483747lafy_donor_4,0.4547563805104408,431,b351804c-293e-4aeb-9c4c-043db67f4540,False,-0.09048723897911837
EPITHELIAL,homosapiens_None_2023_None_sikkemalisa_001_d10_1101_2022_03_10_483747lafy_donor_5,0.37320574162679426,209,b351804c-293e-4aeb-9c4c-043db67f4540,False,-0.2535885167464115
EPITHELIAL,homosapiens_None_2023_None_sikkemalisa_001_d10_1101_2022_03_10_483747lafy_donor_6,0.6127049180327869,976,b351804c-293e-4aeb-9c4c-043db67f4540,False,0.22540983606557385
FIBRO,Adams_Kaminski_2020_001C,0.14285714285714285,14,c624f243-f3c9-4a43-8d8e-f8a366f73cca,False,-0.7142857142857143
FIBRO,Adams_Kaminski_2020_002C,,0,c624f243-f3c9-4a43-8d8e-f8a366f73cca,False,
FIBRO,Adams_Kaminski_2020_003C,0.034482758620689655,29,c624f243-f3c9-4a43-8d8e-f8a366f73cca,False,-0.9310344827586207
FIBRO,Adams_Kaminski_2020_034C,0.0,2,c624f243-f3c9-4a43-8d8e-f8a366f73cca,False,-1.0
FIBRO,Adams_Kaminski_2020_065C,0.09090909090909091,11,c624f243-f3c9-4a43-8d8e-f8a366f73cca,False,-0.8181818181818181
FIBRO,Adams_Kaminski_2020_081C,1.0,1,c624f243-f3c9-4a43-8d8e-f8a366f73cca,False,1.0
FIBRO,Adams_Kaminski_2020_084C,0.0,5,c624f243-f3c9-4a43-8d8e-f8a366f73cca,False,-1.0
FIBRO,Adams_Kaminski_2020_092C,,0,c624f243-f3c9-4a43-8d8e-f8a366f73cca,False,
FIBRO,Adams_Kaminski_2020_098C,0.005847953216374269,171,c624f243-f3c9-4a43-8d8e-f8a366f73cca,False,-0.9883040935672515
FIBRO,Adams_Kaminski_2020_133C,,0,c624f243-f3c9-4a43-8d8e-f8a366f73cca,False,
FIBRO,Adams_Kaminski_2020_1372C,0.0,145,c624f243-f3c9-4a43-8d8e-f8a366f73cca,False,-1.0
FIBRO,Adams_Kaminski_2020_137C,0.0,10,c624f243-f3c9-4a43-8d8e-f8a366f73cca,False,-1.0
FIBRO,Adams_Kaminski_2020_160C,0.02127659574468085,47,c624f243-f3c9-4a43-8d8e-f8a366f73cca,False,-0.9574468085106383
FIBRO,Adams_Kaminski_2020_192C,0.010869565217391304,92,c624f243-f3c9-4a43-8d8e-f8a366f73cca,False,-0.9782608695652174
FIBRO,Adams_Kaminski_2020_208C,0.0,5,c624f243-f3c9-4a43-8d8e-f8a366f73cca,False,-1.0
FIBRO,Adams_Kaminski_2020_218C,0.03225806451612903,31,c624f243-f3c9-4a43-8d8e-f8a366f73cca,False,-0.935483870967742
FIBRO,Adams_Kaminski_2020_222C,0.015873015873015872,126,c624f243-f3c9-4a43-8d8e-f8a366f73cca,False,-0.9682539682539683
FIBRO,Adams_Kaminski_2020_226C,0.0,25,c624f243-f3c9-4a43-8d8e-f8a366f73cca,False,-1.0
FIBRO,Adams_Kaminski_2020_244C,0.25,4,c624f243-f3c9-4a43-8d8e-f8a366f73cca,False,-0.5
FIBRO,Adams_Kaminski_2020_253C,0.0,22,c624f243-f3c9-4a43-8d8e-f8a366f73cca,False,-1.0
FIBRO,Adams_Kaminski_2020_296C,0.034482758620689655,29,c624f243-f3c9-4a43-8d8e-f8a366f73cca,False,-0.9310344827586207
FIBRO,Adams_Kaminski_2020_388C,0.0,34,c624f243-f3c9-4a43-8d8e-f8a366f73cca,False,-1.0
FIBRO,Adams_Kaminski_2020_396C,0.0,4,c624f243-f3c9-4a43-8d8e-f8a366f73cca,False,-1.0
FIBRO,Adams_Kaminski_2020_439C,0.0,24,c624f243-f3c9-4a43-8d8e-f8a366f73cca,False,-1.0
FIBRO,Adams_Kaminski_2020_454C,0.1,10,c624f243-f3c9-4a43-8d8e-f8a366f73cca,False,-0.8
FIBRO,Adams_Kaminski_2020_465C,0.034482758620689655,29,c624f243-f3c9-4a43-8d8e-f8a366f73cca,False,-0.9310344827586207
FIBRO,Adams_Kaminski_2020_483C,0.0,4,c624f243-f3c9-4a43-8d8e-f8a366f73cca,False,-1.0
FIBRO,Adams_Kaminski_2020_484C,0.0,3,c624f243-f3c9-4a43-8d8e-f8a366f73cca,False,-1.0
FIBRO,Goveia_Carmeliet_2020_patient_45,0.21428571428571427,14,c624f243-f3c9-4a43-8d8e-f8a366f73cca,False,-0.5714285714285714
FIBRO,Goveia_Carmeliet_2020_patient_46,0.5126050420168067,119,c624f243-f3c9-4a43-8d8e-f8a366f73cca,False,0.025210084033613356
FIBRO,Goveia_Carmeliet_2020_patient_50,0.45454545454545453,33,c624f243-f3c9-4a43-8d8e-f8a366f73cca,False,-0.09090909090909094
FIBRO,Guo_Zhang_2018_P0616A,,0,c624f243-f3c9-4a43-8d8e-f8a366f73cca,False,
FIBRO,Guo_Zhang_2018_P0616P,,0,c624f243-f3c9-4a43-8d8e-f8a366f73cca,False,
FIBRO,Guo_Zhang_2018_P0617,,0,c624f243-f3c9-4a43-8d8e-f8a366f73cca,False,
FIBRO,Guo_Zhang_2018_P0729,,0,c624f243-f3c9-4a43-8d8e-f8a366f73cca,False,
FIBRO,Guo_Zhang_2018_P1010,,0,c624f243-f3c9-4a43-8d8e-f8a366f73cca,False,
FIBRO,Guo_Zhang_2018_P1118,,0,c624f243-f3c9-4a43-8d8e-f8a366f73cca,False,
FIBRO,Guo_Zhang_2018_P1120,,0,c624f243-f3c9-4a43-8d8e-f8a366f73cca,False,
FIBRO,Guo_Zhang_2018_P1202,,0,c624f243-f3c9-4a43-8d8e-f8a366f73cca,False,
FIBRO,Guo_Zhang_2018_P1208,,0,c624f243-f3c9-4a43-8d8e-f8a366f73cca,False,
FIBRO,Guo_Zhang_2018_P1219,,0,c624f243-f3c9-4a43-8d8e-f8a366f73cca,False,
FIBRO,Habermann_Kropski_2020_THD0001,0.0,1,c624f243-f3c9-4a43-8d8e-f8a366f73cca,False,-1.0
FIBRO,Habermann_Kropski_2020_THD0002,0.0,5,c624f243-f3c9-4a43-8d8e-f8a366f73cca,False,-1.0
FIBRO,Habermann_Kropski_2020_THD0005,0.5,4,c624f243-f3c9-4a43-8d8e-f8a366f73cca,False,0.0
FIBRO,Habermann_Kropski_2020_VUHD071,0.0,2,c624f243-f3c9-4a43-8d8e-f8a366f73cca,False,-1.0
FIBRO,Habermann_Kropski_2020_VUHD65,0.21739130434782608,23,c624f243-f3c9-4a43-8d8e-f8a366f73cca,False,-0.5652173913043479
FIBRO,Habermann_Kropski_2020_VUHD66,0.5294117647058824,17,c624f243-f3c9-4a43-8d8e-f8a366f73cca,False,0.05882352941176472
FIBRO,Habermann_Kropski_2020_VUHD67,0.30303030303030304,33,c624f243-f3c9-4a43-8d8e-f8a366f73cca,False,-0.3939393939393939
FIBRO,Habermann_Kropski_2020_VUHD68,0.4,10,c624f243-f3c9-4a43-8d8e-f8a366f73cca,False,-0.19999999999999996
FIBRO,Habermann_Kropski_2020_VUHD69,0.0,1,c624f243-f3c9-4a43-8d8e-f8a366f73cca,False,-1.0
FIBRO,Habermann_Kropski_2020_VUHD70,0.5,2,c624f243-f3c9-4a43-8d8e-f8a366f73cca,False,0.0
FIBRO,He_Fan_2021_P1,0.8173076923076923,312,c624f243-f3c9-4a43-8d8e-f8a366f73cca,False,0.6346153846153846
FIBRO,He_Fan_2021_P2,0.696969696969697,132,c624f243-f3c9-4a43-8d8e-f8a366f73cca,False,0.39393939393939403
FIBRO,He_Fan_2021_P3,0.5434782608695652,184,c624f243-f3c9-4a43-8d8e-f8a366f73cca,False,0.08695652173913038
FIBRO,He_Fan_2021_P4,0.3953488372093023,387,c624f243-f3c9-4a43-8d8e-f8a366f73cca,False,-0.2093023255813954
FIBRO,He_Fan_2021_P5,0.7450980392156863,102,c624f243-f3c9-4a43-8d8e-f8a366f73cca,False,0.4901960784313726
FIBRO,Kim_Lee_2020_P0001,0.1,10,c624f243-f3c9-4a43-8d8e-f8a366f73cca,False,-0.8
FIBRO,Kim_Lee_2020_P0006,0.335149863760218,367,c624f243-f3c9-4a43-8d8e-f8a366f73cca,False,-0.329700272479564
FIBRO,Kim_Lee_2020_P0008,0.32926829268292684,164,c624f243-f3c9-4a43-8d8e-f8a366f73cca,False,-0.3414634146341463
FIBRO,Kim_Lee_2020_P0009,0.19148936170212766,47,c624f243-f3c9-4a43-8d8e-f8a366f73cca,False,-0.6170212765957447
FIBRO,Kim_Lee_2020_P0018,0.53125,256,c624f243-f3c9-4a43-8d8e-f8a366f73cca,False,0.0625
FIBRO,Kim_Lee_2020_P0019,0.2288135593220339,118,c624f243-f3c9-4a43-8d8e-f8a366f73cca,False,-0.5423728813559322
FIBRO,Kim_Lee_2020_P0020,0.5909090909090909,22,c624f243-f3c9-4a43-8d8e-f8a366f73cca,False,0.18181818181818188
FIBRO,Kim_Lee_2020_P0025,0.15789473684210525,19,c624f243-f3c9-4a43-8d8e-f8a366f73cca,False,-0.6842105263157895
FIBRO,Kim_Lee_2020_P0028,0.4666666666666667,45,c624f243-f3c9-4a43-8d8e-f8a366f73cca,False,-0.06666666666666665
FIBRO,Kim_Lee_2020_P0030,0.3436123348017621,227,c624f243-f3c9-4a43-8d8e-f8a366f73cca,False,-0.31277533039647576
FIBRO,Kim_Lee_2020_P0031,0.43812375249500995,1002,c624f243-f3c9-4a43-8d8e-f8a366f73cca,False,-0.12375249500998009
FIBRO,Kim_Lee_2020_P0034,0.23648648648648649,148,c624f243-f3c9-4a43-8d8e-f8a366f73cca,False,-0.527027027027027
FIBRO,Kim_Lee_2020_P1006,0.631578947368421,19,c624f243-f3c9-4a43-8d8e-f8a366f73cca,False,0.26315789473684204
FIBRO,Kim_Lee_2020_P1010,1.0,5,c624f243-f3c9-4a43-8d8e-f8a366f73cca,False,1.0
FIBRO,Kim_Lee_2020_P1011,0.5,2,c624f243-f3c9-4a43-8d8e-f8a366f73cca,False,0.0
FIBRO,Kim_Lee_2020_P1012,0.9285714285714286,14,c624f243-f3c9-4a43-8d8e-f8a366f73cca,False,0.8571428571428572
FIBRO,Kim_Lee_2020_P1013,0.2,10,c624f243-f3c9-4a43-8d8e-f8a366f73cca,False,-0.6
FIBRO,Kim_Lee_2020_P1015,,0,c624f243-f3c9-4a43-8d8e-f8a366f73cca,False,
FIBRO,Kim_Lee_2020_P1019,1.0,1,c624f243-f3c9-4a43-8d8e-f8a366f73cca,False,1.0
FIBRO,Kim_Lee_2020_P1028,0.2857142857142857,7,c624f243-f3c9-4a43-8d8e-f8a366f73cca,False,-0.4285714285714286
FIBRO,Kim_Lee_2020_P1049,,0,c624f243-f3c9-4a43-8d8e-f8a366f73cca,False,
FIBRO,Kim_Lee_2020_P1051,,0,c624f243-f3c9-4a43-8d8e-f8a366f73cca,False,
FIBRO,Kim_Lee_2020_P1058,0.6862745098039216,51,c624f243-f3c9-4a43-8d8e-f8a366f73cca,False,0.37254901960784315
FIBRO,Kim_Lee_2020_P1064,,0,c624f243-f3c9-4a43-8d8e-f8a366f73cca,False,
FIBRO,Kim_Lee_2020_P2001,0.0,1,c624f243-f3c9-4a43-8d8e-f8a366f73cca,False,-1.0
FIBRO,Kim_Lee_2020_P2002,0.0,2,c624f243-f3c9-4a43-8d8e-f8a366f73cca,False,-1.0
FIBRO,Kim_Lee_2020_P2003,0.0,1,c624f243-f3c9-4a43-8d8e-f8a366f73cca,False,-1.0
FIBRO,Kim_Lee_2020_P2004,0.5,2,c624f243-f3c9-4a43-8d8e-f8a366f73cca,False,0.0
FIBRO,Kim_Lee_2020_P2005,0.14285714285714285,7,c624f243-f3c9-4a43-8d8e-f8a366f73cca,False,-0.7142857142857143
FIBRO,Kim_Lee_2020_P2006,0.5,2,c624f243-f3c9-4a43-8d8e-f8a366f73cca,False,0.0
FIBRO,Kim_Lee_2020_P2007,0.0,1,c624f243-f3c9-4a43-8d8e-f8a366f73cca,False,-1.0
FIBRO,Kim_Lee_2020_P2008,0.3333333333333333,3,c624f243-f3c9-4a43-8d8e-f8a366f73cca,False,-0.33333333333333337
FIBRO,Kim_Lee_2020_P2011,0.0,1,c624f243-f3c9-4a43-8d8e-f8a366f73cca,False,-1.0
FIBRO,Kim_Lee_2020_P2012,0.0,7,c624f243-f3c9-4a43-8d8e-f8a366f73cca,False,-1.0
FIBRO,Kim_Lee_2020_P3002,1.0,1,c624f243-f3c9-4a43-8d8e-f8a366f73cca,False,1.0
FIBRO,Kim_Lee_2020_P3003,0.5,2,c624f243-f3c9-4a43-8d8e-f8a366f73cca,False,0.0
FIBRO,Kim_Lee_2020_P3004,0.3076923076923077,13,c624f243-f3c9-4a43-8d8e-f8a366f73cca,False,-0.3846153846153846
FIBRO,Kim_Lee_2020_P3006,0.3076923076923077,13,c624f243-f3c9-4a43-8d8e-f8a366f73cca,False,-0.3846153846153846
FIBRO,Kim_Lee_2020_P3007,1.0,2,c624f243-f3c9-4a43-8d8e-f8a366f73cca,False,1.0
FIBRO,Kim_Lee_2020_P3012,0.5,6,c624f243-f3c9-4a43-8d8e-f8a366f73cca,False,0.0
FIBRO,Kim_Lee_2020_P3013,0.5,6,c624f243-f3c9-4a43-8d8e-f8a366f73cca,False,0.0
FIBRO,Kim_Lee_2020_P3016,0.3333333333333333,6,c624f243-f3c9-4a43-8d8e-f8a366f73cca,False,-0.33333333333333337
FIBRO,Kim_Lee_2020_P3017,0.48,25,c624f243-f3c9-4a43-8d8e-f8a366f73cca,False,-0.040000000000000036
FIBRO,Kim_Lee_2020_P3019,0.65625,64,c624f243-f3c9-4a43-8d8e-f8a366f73cca,False,0.3125
FIBRO,Lambrechts_Thienpont_2018_6149v2_3,0.5921658986175116,434,c624f243-f3c9-4a43-8d8e-f8a366f73cca,False,0.18433179723502313
FIBRO,Lambrechts_Thienpont_2018_6149v2_4,0.5652173913043478,69,c624f243-f3c9-4a43-8d8e-f8a366f73cca,False,0.13043478260869557
FIBRO,Lambrechts_Thienpont_2018_6653_6,0.3888888888888889,90,c624f243-f3c9-4a43-8d8e-f8a366f73cca,False,-0.2222222222222222
FIBRO,Laughney_Massague_2020_LX255B,0.5,2,c624f243-f3c9-4a43-8d8e-f8a366f73cca,False,0.0
FIBRO,Laughney_Massague_2020_LX653,1.0,2,c624f243-f3c9-4a43-8d8e-f8a366f73cca,False,1.0
FIBRO,Laughney_Massague_2020_LX661,0.0,1,c624f243-f3c9-4a43-8d8e-f8a366f73cca,False,-1.0
FIBRO,Laughney_Massague_2020_LX666,0.45454545454545453,11,c624f243-f3c9-4a43-8d8e-f8a366f73cca,False,-0.09090909090909094
FIBRO,Laughney_Massague_2020_LX675,0.8356807511737089,213,c624f243-f3c9-4a43-8d8e-f8a366f73cca,False,0.6713615023474178
FIBRO,Laughney_Massague_2020_LX676,0.45,20,c624f243-f3c9-4a43-8d8e-f8a366f73cca,False,-0.09999999999999998
FIBRO,Laughney_Massague_2020_LX679,0.6,15,c624f243-f3c9-4a43-8d8e-f8a366f73cca,False,0.19999999999999996
FIBRO,Laughney_Massague_2020_LX680,0.2,5,c624f243-f3c9-4a43-8d8e-f8a366f73cca,False,-0.6
FIBRO,Laughney_Massague_2020_LX681,0.0,4,c624f243-f3c9-4a43-8d8e-f8a366f73cca,False,-1.0
FIBRO,Laughney_Massague_2020_LX682,0.6376811594202898,69,c624f243-f3c9-4a43-8d8e-f8a366f73cca,False,0.2753623188405796
FIBRO,Laughney_Massague_2020_LX684,,0,c624f243-f3c9-4a43-8d8e-f8a366f73cca,False,
FIBRO,Laughney_Massague_2020_LX685,0.0,4,c624f243-f3c9-4a43-8d8e-f8a366f73cca,False,-1.0
FIBRO,Laughney_Massague_2020_LX699,1.0,1,c624f243-f3c9-4a43-8d8e-f8a366f73cca,False,1.0
FIBRO,Laughney_Massague_2020_LX701,,0,c624f243-f3c9-4a43-8d8e-f8a366f73cca,False,
FIBRO,Madissoon_Meyer_2020_343B,0.03745318352059925,267,c624f243-f3c9-4a43-8d8e-f8a366f73cca,False,-0.9250936329588015
FIBRO,Madissoon_Meyer_2020_356C,0.05668016194331984,247,c624f243-f3c9-4a43-8d8e-f8a366f73cca,False,-0.8866396761133604
FIBRO,Madissoon_Meyer_2020_367C,0.07420814479638009,1105,c624f243-f3c9-4a43-8d8e-f8a366f73cca,False,-0.8515837104072398
FIBRO,Madissoon_Meyer_2020_368C,0.02091633466135458,1004,c624f243-f3c9-4a43-8d8e-f8a366f73cca,False,-0.9581673306772909
FIBRO,Madissoon_Meyer_2020_390C,0.009433962264150943,424,c624f243-f3c9-4a43-8d8e-f8a366f73cca,False,-0.9811320754716981
FIBRO,Maier_Merad_2020_370,,0,c624f243-f3c9-4a43-8d8e-f8a366f73cca,False,
FIBRO,Maier_Merad_2020_371,,0,c624f243-f3c9-4a43-8d8e-f8a366f73cca,False,
FIBRO,Maier_Merad_2020_378,,0,c624f243-f3c9-4a43-8d8e-f8a366f73cca,False,
FIBRO,Maier_Merad_2020_393,,0,c624f243-f3c9-4a43-8d8e-f8a366f73cca,False,
FIBRO,Maier_Merad_2020_403,,0,c624f243-f3c9-4a43-8d8e-f8a366f73cca,False,
FIBRO,Maier_Merad_2020_406,,0,c624f243-f3c9-4a43-8d8e-f8a366f73cca,False,
FIBRO,Maier_Merad_2020_408,,0,c624f243-f3c9-4a43-8d8e-f8a366f73cca,False,
FIBRO,Maier_Merad_2020_410,,0,c624f243-f3c9-4a43-8d8e-f8a366f73cca,False,
FIBRO,Maier_Merad_2020_514,,0,c624f243-f3c9-4a43-8d8e-f8a366f73cca,False,
FIBRO,Maier_Merad_2020_532,,0,c624f243-f3c9-4a43-8d8e-f8a366f73cca,False,
FIBRO,Maier_Merad_2020_564,,0,c624f243-f3c9-4a43-8d8e-f8a366f73cca,False,
FIBRO,Maier_Merad_2020_569,,0,c624f243-f3c9-4a43-8d8e-f8a366f73cca,False,
FIBRO,Maier_Merad_2020_570,,0,c624f243-f3c9-4a43-8d8e-f8a366f73cca,False,
FIBRO,Maier_Merad_2020_571,,0,c624f243-f3c9-4a43-8d8e-f8a366f73cca,False,
FIBRO,Maier_Merad_2020_572,,0,c624f243-f3c9-4a43-8d8e-f8a366f73cca,False,
FIBRO,Maier_Merad_2020_578,,0,c624f243-f3c9-4a43-8d8e-f8a366f73cca,False,
FIBRO,Maier_Merad_2020_581,,0,c624f243-f3c9-4a43-8d8e-f8a366f73cca,False,
FIBRO,Maier_Merad_2020_593,,0,c624f243-f3c9-4a43-8d8e-f8a366f73cca,False,
FIBRO,Maier_Merad_2020_596,,0,c624f243-f3c9-4a43-8d8e-f8a366f73cca,False,
FIBRO,Maier_Merad_2020_626,,0,c624f243-f3c9-4a43-8d8e-f8a366f73cca,False,
FIBRO,Maier_Merad_2020_630,,0,c624f243-f3c9-4a43-8d8e-f8a366f73cca,False,
FIBRO,Maier_Merad_2020_695,,0,c624f243-f3c9-4a43-8d8e-f8a366f73cca,False,
FIBRO,Maier_Merad_2020_729,,0,c624f243-f3c9-4a43-8d8e-f8a366f73cca,False,
FIBRO,Maynard_Bivona_2020_TH067,0.7142857142857143,7,c624f243-f3c9-4a43-8d8e-f8a366f73cca,False,0.4285714285714286
FIBRO,Maynard_Bivona_2020_TH103,0.0,1,c624f243-f3c9-4a43-8d8e-f8a366f73cca,False,-1.0
FIBRO,Maynard_Bivona_2020_TH146,,0,c624f243-f3c9-4a43-8d8e-f8a366f73cca,False,
FIBRO,Maynard_Bivona_2020_TH153,,0,c624f243-f3c9-4a43-8d8e-f8a366f73cca,False,
FIBRO,Maynard_Bivona_2020_TH155,0.5172413793103449,29,c624f243-f3c9-4a43-8d8e-f8a366f73cca,False,0.034482758620689724
FIBRO,Maynard_Bivona_2020_TH156,,0,c624f243-f3c9-4a43-8d8e-f8a366f73cca,False,
FIBRO,Maynard_Bivona_2020_TH157,0.42857142857142855,7,c624f243-f3c9-4a43-8d8e-f8a366f73cca,False,-0.1428571428571429
FIBRO,Maynard_Bivona_2020_TH158,0.4444444444444444,9,c624f243-f3c9-4a43-8d8e-f8a366f73cca,False,-0.11111111111111116
FIBRO,Maynard_Bivona_2020_TH169,0.0,3,c624f243-f3c9-4a43-8d8e-f8a366f73cca,False,-1.0
FIBRO,Maynard_Bivona_2020_TH179,0.4782608695652174,46,c624f243-f3c9-4a43-8d8e-f8a366f73cca,False,-0.04347826086956519
FIBRO,Maynard_Bivona_2020_TH179_NAT,0.09523809523809523,21,c624f243-f3c9-4a43-8d8e-f8a366f73cca,False,-0.8095238095238095
FIBRO,Maynard_Bivona_2020_TH185,,0,c624f243-f3c9-4a43-8d8e-f8a366f73cca,False,
FIBRO,Maynard_Bivona_2020_TH205,0.41304347826086957,46,c624f243-f3c9-4a43-8d8e-f8a366f73cca,False,-0.17391304347826086
FIBRO,Maynard_Bivona_2020_TH210,1.0,1,c624f243-f3c9-4a43-8d8e-f8a366f73cca,False,1.0
FIBRO,Maynard_Bivona_2020_TH217,,0,c624f243-f3c9-4a43-8d8e-f8a366f73cca,False,
FIBRO,Maynard_Bivona_2020_TH218,0.42424242424242425,66,c624f243-f3c9-4a43-8d8e-f8a366f73cca,False,-0.1515151515151515
FIBRO,Maynard_Bivona_2020_TH220,0.5,2,c624f243-f3c9-4a43-8d8e-f8a366f73cca,False,0.0
FIBRO,Maynard_Bivona_2020_TH222,0.47058823529411764,34,c624f243-f3c9-4a43-8d8e-f8a366f73cca,False,-0.05882352941176472
FIBRO,Maynard_Bivona_2020_TH223,0.625,8,c624f243-f3c9-4a43-8d8e-f8a366f73cca,False,0.25
FIBRO,Maynard_Bivona_2020_TH225,0.5,2,c624f243-f3c9-4a43-8d8e-f8a366f73cca,False,0.0
FIBRO,Maynard_Bivona_2020_TH226,0.40816326530612246,294,c624f243-f3c9-4a43-8d8e-f8a366f73cca,False,-0.18367346938775508
FIBRO,Maynard_Bivona_2020_TH227,,0,c624f243-f3c9-4a43-8d8e-f8a366f73cca,False,
FIBRO,Maynard_Bivona_2020_TH231,1.0,2,c624f243-f3c9-4a43-8d8e-f8a366f73cca,False,1.0
FIBRO,Maynard_Bivona_2020_TH236,0.36818181818181817,220,c624f243-f3c9-4a43-8d8e-f8a366f73cca,False,-0.26363636363636367
FIBRO,Maynard_Bivona_2020_TH238,0.3219178082191781,146,c624f243-f3c9-4a43-8d8e-f8a366f73cca,False,-0.3561643835616438
FIBRO,Maynard_Bivona_2020_TH238_NAT,0.20224719101123595,89,c624f243-f3c9-4a43-8d8e-f8a366f73cca,False,-0.5955056179775281
FIBRO,Maynard_Bivona_2020_TH248,0.7761194029850746,134,c624f243-f3c9-4a43-8d8e-f8a366f73cca,False,0.5522388059701493
FIBRO,Maynard_Bivona_2020_TH266,0.39344262295081966,61,c624f243-f3c9-4a43-8d8e-f8a366f73cca,False,-0.21311475409836067
FIBRO,Mayr_Schiller_2020_muc10380,0.125,72,c624f243-f3c9-4a43-8d8e-f8a366f73cca,False,-0.75
FIBRO,Mayr_Schiller_2020_muc3843,0.1,10,c624f243-f3c9-4a43-8d8e-f8a366f73cca,False,-0.8
FIBRO,Mayr_Schiller_2020_muc4658,0.0,3,c624f243-f3c9-4a43-8d8e-f8a366f73cca,False,-1.0
FIBRO,Mayr_Schiller_2020_muc4659,,0,c624f243-f3c9-4a43-8d8e-f8a366f73cca,False,
FIBRO,Mayr_Schiller_2020_muc5103,0.08333333333333333,12,c624f243-f3c9-4a43-8d8e-f8a366f73cca,False,-0.8333333333333334
FIBRO,Mayr_Schiller_2020_muc5105,,0,c624f243-f3c9-4a43-8d8e-f8a366f73cca,False,
FIBRO,Mayr_Schiller_2020_muc5212,0.18181818181818182,22,c624f243-f3c9-4a43-8d8e-f8a366f73cca,False,-0.6363636363636364
FIBRO,Mayr_Schiller_2020_muc5213,0.0,5,c624f243-f3c9-4a43-8d8e-f8a366f73cca,False,-1.0
FIBRO,Mayr_Schiller_2020_muc9832,0.0,2,c624f243-f3c9-4a43-8d8e-f8a366f73cca,False,-1.0
FIBRO,Mayr_Schiller_2020_muc9833,0.3076923076923077,13,c624f243-f3c9-4a43-8d8e-f8a366f73cca,False,-0.3846153846153846
FIBRO,Reyfman_Misharin_2018_Donor_01,0.0,4,c624f243-f3c9-4a43-8d8e-f8a366f73cca,False,-1.0
FIBRO,Reyfman_Misharin_2018_Donor_02,0.06896551724137931,29,c624f243-f3c9-4a43-8d8e-f8a366f73cca,False,-0.8620689655172413
FIBRO,Reyfman_Misharin_2018_Donor_03,0.058823529411764705,17,c624f243-f3c9-4a43-8d8e-f8a366f73cca,False,-0.8823529411764706
FIBRO,Reyfman_Misharin_2018_Donor_04,0.0,7,c624f243-f3c9-4a43-8d8e-f8a366f73cca,False,-1.0
FIBRO,Reyfman_Misharin_2018_Donor_05,0.0,10,c624f243-f3c9-4a43-8d8e-f8a366f73cca,False,-1.0
FIBRO,Reyfman_Misharin_2018_Donor_06,0.0,24,c624f243-f3c9-4a43-8d8e-f8a366f73cca,False,-1.0
FIBRO,Reyfman_Misharin_2018_Donor_07,0.09523809523809523,42,c624f243-f3c9-4a43-8d8e-f8a366f73cca,False,-0.8095238095238095
FIBRO,Reyfman_Misharin_2018_Donor_08,0.0,9,c624f243-f3c9-4a43-8d8e-f8a366f73cca,False,-1.0
FIBRO,SD10_raw_feature_bc_matrix,,0,SD10_raw_feature_bc_matrix,True,
FIBRO,SD12_raw_feature_bc_matrix,0.6666666666666666,3,SD12_raw_feature_bc_matrix,True,0.33333333333333326
FIBRO,SD15_raw_feature_bc_matrix,,0,SD15_raw_feature_bc_matrix,True,
FIBRO,SD16_raw_feature_bc_matrix,,0,SD16_raw_feature_bc_matrix,True,
FIBRO,SD2_raw_feature_bc_matrix,0.9734693877551021,490,SD2_raw_feature_bc_matrix,True,0.9469387755102041
FIBRO,SD3_raw_feature_bc_matrix,,0,SD3_raw_feature_bc_matrix,True,
FIBRO,SD6_raw_feature_bc_matrix,,0,SD6_raw_feature_bc_matrix,True,
FIBRO,SD7_raw_feature_bc_matrix,0.9478260869565217,115,SD7_raw_feature_bc_matrix,True,0.8956521739130434
FIBRO,SD8_raw_feature_bc_matrix,,0,SD8_raw_feature_bc_matrix,False,
FIBRO,Travaglini_Krasnow_2020_Lung_P1,0.0,1,c624f243-f3c9-4a43-8d8e-f8a366f73cca,False,-1.0
FIBRO,Travaglini_Krasnow_2020_Lung_P2,,0,c624f243-f3c9-4a43-8d8e-f8a366f73cca,False,
FIBRO,Travaglini_Krasnow_2020_Lung_P3,1.0,1,c624f243-f3c9-4a43-8d8e-f8a366f73cca,False,1.0
FIBRO,UKIM-V_P1,0.3333333333333333,18,c624f243-f3c9-4a43-8d8e-f8a366f73cca,False,-0.33333333333333337
FIBRO,UKIM-V_P3,0.38235294117647056,34,c624f243-f3c9-4a43-8d8e-f8a366f73cca,False,-0.23529411764705888
FIBRO,Vieira_Teichmann_2019_Dropseq_1,0.2,5,c624f243-f3c9-4a43-8d8e-f8a366f73cca,False,-0.6
FIBRO,Vieira_Teichmann_2019_Dropseq_2,0.14285714285714285,7,c624f243-f3c9-4a43-8d8e-f8a366f73cca,False,-0.7142857142857143
FIBRO,Vieira_Teichmann_2019_Dropseq_3,0.3333333333333333,12,c624f243-f3c9-4a43-8d8e-f8a366f73cca,False,-0.33333333333333337
FIBRO,Vieira_Teichmann_2019_Dropseq_4,,0,c624f243-f3c9-4a43-8d8e-f8a366f73cca,False,
FIBRO,Wu_Zhou_2021_P12,0.9565217391304348,23,c624f243-f3c9-4a43-8d8e-f8a366f73cca,False,0.9130434782608696
FIBRO,Wu_Zhou_2021_P13,1.0,19,c624f243-f3c9-4a43-8d8e-f8a366f73cca,False,1.0
FIBRO,Wu_Zhou_2021_P16,0.9333333333333333,15,c624f243-f3c9-4a43-8d8e-f8a366f73cca,False,0.8666666666666667
FIBRO,Wu_Zhou_2021_P2,,0,c624f243-f3c9-4a43-8d8e-f8a366f73cca,False,
FIBRO,Wu_Zhou_2021_P20,,0,c624f243-f3c9-4a43-8d8e-f8a366f73cca,False,
FIBRO,Wu_Zhou_2021_P21,1.0,11,c624f243-f3c9-4a43-8d8e-f8a366f73cca,False,1.0
FIBRO,Wu_Zhou_2021_P24,1.0,5,c624f243-f3c9-4a43-8d8e-f8a366f73cca,False,1.0
FIBRO,Wu_Zhou_2021_P28,0.9176470588235294,85,c624f243-f3c9-4a43-8d8e-f8a366f73cca,False,0.8352941176470587
FIBRO,Wu_Zhou_2021_P29,0.6303142329020333,541,c624f243-f3c9-4a43-8d8e-f8a366f73cca,False,0.2606284658040665
FIBRO,Wu_Zhou_2021_P32,,0,c624f243-f3c9-4a43-8d8e-f8a366f73cca,False,
FIBRO,Wu_Zhou_2021_P33,1.0,1,c624f243-f3c9-4a43-8d8e-f8a366f73cca,False,1.0
FIBRO,Wu_Zhou_2021_P34,1.0,3,c624f243-f3c9-4a43-8d8e-f8a366f73cca,False,1.0
FIBRO,Wu_Zhou_2021_P35,1.0,1,c624f243-f3c9-4a43-8d8e-f8a366f73cca,False,1.0
FIBRO,Wu_Zhou_2021_P38,,0,c624f243-f3c9-4a43-8d8e-f8a366f73cca,False,
FIBRO,Wu_Zhou_2021_P39,,0,c624f243-f3c9-4a43-8d8e-f8a366f73cca,False,
FIBRO,Wu_Zhou_2021_P5,1.0,6,c624f243-f3c9-4a43-8d8e-f8a366f73cca,False,1.0
FIBRO,Wu_Zhou_2021_P8,0.6,35,c624f243-f3c9-4a43-8d8e-f8a366f73cca,False,0.19999999999999996
FIBRO,Wu_Zhou_2021_P9,1.0,383,c624f243-f3c9-4a43-8d8e-f8a366f73cca,False,1.0
FIBRO,Zilionis_Klein_2019_patient_3,0.6538461538461539,104,c624f243-f3c9-4a43-8d8e-f8a366f73cca,False,0.3076923076923077
FIBRO,Zilionis_Klein_2019_patient_4,1.0,3,c624f243-f3c9-4a43-8d8e-f8a366f73cca,False,1.0
FIBRO,Zilionis_Klein_2019_patient_5,0.75,44,c624f243-f3c9-4a43-8d8e-f8a366f73cca,False,0.5
FIBRO,Zilionis_Klein_2019_patient_6,0.6944444444444444,36,c624f243-f3c9-4a43-8d8e-f8a366f73cca,False,0.38888888888888884
FIBRO,Zilionis_Klein_2019_patient_7,0.7037037037037037,27,c624f243-f3c9-4a43-8d8e-f8a366f73cca,False,0.40740740740740744
FIBRO,b351804c-293e-4aeb-9c4c-043db67f4540,,0,b351804c-293e-4aeb-9c4c-043db67f4540,False,
FIBRO,homosapiens_None_2023_None_sikkemalisa_001_d10_1101_2022_03_10_4837472020-3173-NC002,1.0,2,b351804c-293e-4aeb-9c4c-043db67f4540,False,1.0
FIBRO,homosapiens_None_2023_None_sikkemalisa_001_d10_1101_2022_03_10_4837472020-3173-NC003,,0,b351804c-293e-4aeb-9c4c-043db67f4540,False,
FIBRO,homosapiens_None_2023_None_sikkemalisa_001_d10_1101_2022_03_10_4837472020-3173-NC004,1.0,4,b351804c-293e-4aeb-9c4c-043db67f4540,False,1.0
FIBRO,homosapiens_None_2023_None_sikkemalisa_001_d10_1101_2022_03_10_4837472020-3173-NC005,,0,b351804c-293e-4aeb-9c4c-043db67f4540,False,
FIBRO,homosapiens_None_2023_None_sikkemalisa_001_d10_1101_2022_03_10_4837472020-3173-NC006,1.0,3,b351804c-293e-4aeb-9c4c-043db67f4540,False,1.0
FIBRO,homosapiens_None_2023_None_sikkemalisa_001_d10_1101_2022_03_10_4837472020-3173-NC007,0.5333333333333333,15,b351804c-293e-4aeb-9c4c-043db67f4540,False,0.06666666666666665
FIBRO,homosapiens_None_2023_None_sikkemalisa_001_d10_1101_2022_03_10_4837472020-3173-NC008,0.8181818181818182,11,b351804c-293e-4aeb-9c4c-043db67f4540,False,0.6363636363636365
FIBRO,homosapiens_None_2023_None_sikkemalisa_001_d10_1101_2022_03_10_483747284C,0.0,5,b351804c-293e-4aeb-9c4c-043db67f4540,False,-1.0
FIBRO,homosapiens_None_2023_None_sikkemalisa_001_d10_1101_2022_03_10_483747290B,0.06382978723404255,47,b351804c-293e-4aeb-9c4c-043db67f4540,False,-0.8723404255319149
FIBRO,homosapiens_None_2023_None_sikkemalisa_001_d10_1101_2022_03_10_483747292B,0.04,25,b351804c-293e-4aeb-9c4c-043db67f4540,False,-0.92
FIBRO,homosapiens_None_2023_None_sikkemalisa_001_d10_1101_2022_03_10_483747296C,0.013824884792626729,217,b351804c-293e-4aeb-9c4c-043db67f4540,False,-0.9723502304147466
FIBRO,homosapiens_None_2023_None_sikkemalisa_001_d10_1101_2022_03_10_483747298C,0.04878048780487805,205,b351804c-293e-4aeb-9c4c-043db67f4540,False,-0.9024390243902439
FIBRO,homosapiens_None_2023_None_sikkemalisa_001_d10_1101_2022_03_10_483747302C,0.03048780487804878,164,b351804c-293e-4aeb-9c4c-043db67f4540,False,-0.9390243902439024
FIBRO,homosapiens_None_2023_None_sikkemalisa_001_d10_1101_2022_03_10_483747356C,0.050746268656716415,335,b351804c-293e-4aeb-9c4c-043db67f4540,False,-0.8985074626865672
FIBRO,homosapiens_None_2023_None_sikkemalisa_001_d10_1101_2022_03_10_483747368C,0.0237741456166419,1346,b351804c-293e-4aeb-9c4c-043db67f4540,False,-0.9524517087667161
FIBRO,homosapiens_None_2023_None_sikkemalisa_001_d10_1101_2022_03_10_483747390C,0.012514220705346985,879,b351804c-293e-4aeb-9c4c-043db67f4540,False,-0.9749715585893061
FIBRO,homosapiens_None_2023_None_sikkemalisa_001_d10_1101_2022_03_10_483747D322,0.47619047619047616,21,b351804c-293e-4aeb-9c4c-043db67f4540,False,-0.04761904761904767
FIBRO,homosapiens_None_2023_None_sikkemalisa_001_d10_1101_2022_03_10_483747D326,0.1794871794871795,39,b351804c-293e-4aeb-9c4c-043db67f4540,False,-0.641025641025641
FIBRO,homosapiens_None_2023_None_sikkemalisa_001_d10_1101_2022_03_10_483747D337,,0,b351804c-293e-4aeb-9c4c-043db67f4540,False,
FIBRO,homosapiens_None_2023_None_sikkemalisa_001_d10_1101_2022_03_10_483747D339,0.21428571428571427,14,b351804c-293e-4aeb-9c4c-043db67f4540,False,-0.5714285714285714
FIBRO,homosapiens_None_2023_None_sikkemalisa_001_d10_1101_2022_03_10_483747D344,0.47058823529411764,34,b351804c-293e-4aeb-9c4c-043db67f4540,False,-0.05882352941176472
FIBRO,homosapiens_None_2023_None_sikkemalisa_001_d10_1101_2022_03_10_483747D353,0.19230769230769232,26,b351804c-293e-4aeb-9c4c-043db67f4540,False,-0.6153846153846154
FIBRO,homosapiens_None_2023_None_sikkemalisa_001_d10_1101_2022_03_10_483747D354,0.4,5,b351804c-293e-4aeb-9c4c-043db67f4540,False,-0.19999999999999996
FIBRO,homosapiens_None_2023_None_sikkemalisa_001_d10_1101_2022_03_10_483747D363,0.2727272727272727,22,b351804c-293e-4aeb-9c4c-043db67f4540,False,-0.4545454545454546
FIBRO,homosapiens_None_2023_None_sikkemalisa_001_d10_1101_2022_03_10_483747D367,0.25,12,b351804c-293e-4aeb-9c4c-043db67f4540,False,-0.5
FIBRO,homosapiens_None_2023_None_sikkemalisa_001_d10_1101_2022_03_10_483747D372,0.15428571428571428,175,b351804c-293e-4aeb-9c4c-043db67f4540,False,-0.6914285714285715
FIBRO,homosapiens_None_2023_None_sikkemalisa_001_d10_1101_2022_03_10_483747Donor_01,0.0,3,b351804c-293e-4aeb-9c4c-043db67f4540,False,-1.0
FIBRO,homosapiens_None_2023_None_sikkemalisa_001_d10_1101_2022_03_10_483747Donor_02,0.06451612903225806,31,b351804c-293e-4aeb-9c4c-043db67f4540,False,-0.8709677419354839
FIBRO,homosapiens_None_2023_None_sikkemalisa_001_d10_1101_2022_03_10_483747Donor_03,0.05263157894736842,19,b351804c-293e-4aeb-9c4c-043db67f4540,False,-0.8947368421052632
FIBRO,homosapiens_None_2023_None_sikkemalisa_001_d10_1101_2022_03_10_483747Donor_04,0.08333333333333333,12,b351804c-293e-4aeb-9c4c-043db67f4540,False,-0.8333333333333334
FIBRO,homosapiens_None_2023_None_sikkemalisa_001_d10_1101_2022_03_10_483747Donor_05,0.0,11,b351804c-293e-4aeb-9c4c-043db67f4540,False,-1.0
FIBRO,homosapiens_None_2023_None_sikkemalisa_001_d10_1101_2022_03_10_483747Donor_06,0.038461538461538464,26,b351804c-293e-4aeb-9c4c-043db67f4540,False,-0.9230769230769231
FIBRO,homosapiens_None_2023_None_sikkemalisa_001_d10_1101_2022_03_10_483747Donor_07,0.11363636363636363,44,b351804c-293e-4aeb-9c4c-043db67f4540,False,-0.7727272727272727
FIBRO,homosapiens_None_2023_None_sikkemalisa_001_d10_1101_2022_03_10_483747Donor_08,0.0,8,b351804c-293e-4aeb-9c4c-043db67f4540,False,-1.0
FIBRO,homosapiens_None_2023_None_sikkemalisa_001_d10_1101_2022_03_10_483747GRO-01,0.6666666666666666,3,b351804c-293e-4aeb-9c4c-043db67f4540,False,0.33333333333333326
FIBRO,homosapiens_None_2023_None_sikkemalisa_001_d10_1101_2022_03_10_483747GRO-02,,0,b351804c-293e-4aeb-9c4c-043db67f4540,False,
FIBRO,homosapiens_None_2023_None_sikkemalisa_001_d10_1101_2022_03_10_483747GRO-03,0.1801470588235294,272,b351804c-293e-4aeb-9c4c-043db67f4540,False,-0.6397058823529411
FIBRO,homosapiens_None_2023_None_sikkemalisa_001_d10_1101_2022_03_10_483747GRO-04,0.3333333333333333,33,b351804c-293e-4aeb-9c4c-043db67f4540,False,-0.33333333333333337
FIBRO,homosapiens_None_2023_None_sikkemalisa_001_d10_1101_2022_03_10_483747GRO-06,0.21739130434782608,46,b351804c-293e-4aeb-9c4c-043db67f4540,False,-0.5652173913043479
FIBRO,homosapiens_None_2023_None_sikkemalisa_001_d10_1101_2022_03_10_483747GRO-07,0.3,40,b351804c-293e-4aeb-9c4c-043db67f4540,False,-0.4
FIBRO,homosapiens_None_2023_None_sikkemalisa_001_d10_1101_2022_03_10_483747GRO-08,0.1506849315068493,73,b351804c-293e-4aeb-9c4c-043db67f4540,False,-0.6986301369863014
FIBRO,homosapiens_None_2023_None_sikkemalisa_001_d10_1101_2022_03_10_483747GRO-09,0.4219409282700422,237,b351804c-293e-4aeb-9c4c-043db67f4540,False,-0.1561181434599156
FIBRO,homosapiens_None_2023_None_sikkemalisa_001_d10_1101_2022_03_10_483747GRO-10,0.3552397868561279,563,b351804c-293e-4aeb-9c4c-043db67f4540,False,-0.2895204262877442
FIBRO,homosapiens_None_2023_None_sikkemalisa_001_d10_1101_2022_03_10_483747GRO-11,0.19444444444444445,72,b351804c-293e-4aeb-9c4c-043db67f4540,False,-0.6111111111111112
FIBRO,homosapiens_None_2023_None_sikkemalisa_001_d10_1101_2022_03_10_483747NU_CZI01,0.04239805563056981,3703,b351804c-293e-4aeb-9c4c-043db67f4540,False,-0.9152038887388604
FIBRO,homosapiens_None_2023_None_sikkemalisa_001_d10_1101_2022_03_10_483747NU_CZI02,0.018654607122668174,3538,b351804c-293e-4aeb-9c4c-043db67f4540,False,-0.9626907857546636
FIBRO,homosapiens_None_2023_None_sikkemalisa_001_d10_1101_2022_03_10_483747T101,,0,b351804c-293e-4aeb-9c4c-043db67f4540,False,
FIBRO,homosapiens_None_2023_None_sikkemalisa_001_d10_1101_2022_03_10_483747T120,,0,b351804c-293e-4aeb-9c4c-043db67f4540,False,
FIBRO,homosapiens_None_2023_None_sikkemalisa_001_d10_1101_2022_03_10_483747T121,,0,b351804c-293e-4aeb-9c4c-043db67f4540,False,
FIBRO,homosapiens_None_2023_None_sikkemalisa_001_d10_1101_2022_03_10_483747T126,,0,b351804c-293e-4aeb-9c4c-043db67f4540,False,
FIBRO,homosapiens_None_2023_None_sikkemalisa_001_d10_1101_2022_03_10_483747T137,,0,b351804c-293e-4aeb-9c4c-043db67f4540,False,
FIBRO,homosapiens_None_2023_None_sikkemalisa_001_d10_1101_2022_03_10_483747T153,,0,b351804c-293e-4aeb-9c4c-043db67f4540,False,
FIBRO,homosapiens_None_2023_None_sikkemalisa_001_d10_1101_2022_03_10_483747T154,,0,b351804c-293e-4aeb-9c4c-043db67f4540,False,
FIBRO,homosapiens_None_2023_None_sikkemalisa_001_d10_1101_2022_03_10_483747T164,,0,b351804c-293e-4aeb-9c4c-043db67f4540,False,
FIBRO,homosapiens_None_2023_None_sikkemalisa_001_d10_1101_2022_03_10_483747T165,,0,b351804c-293e-4aeb-9c4c-043db67f4540,False,
FIBRO,homosapiens_None_2023_None_sikkemalisa_001_d10_1101_2022_03_10_483747T166,,0,b351804c-293e-4aeb-9c4c-043db67f4540,False,
FIBRO,homosapiens_None_2023_None_sikkemalisa_001_d10_1101_2022_03_10_483747T167,,0,b351804c-293e-4aeb-9c4c-043db67f4540,False,
FIBRO,homosapiens_None_2023_None_sikkemalisa_001_d10_1101_2022_03_10_483747T85,,0,b351804c-293e-4aeb-9c4c-043db67f4540,False,
FIBRO,homosapiens_None_2023_None_sikkemalisa_001_d10_1101_2022_03_10_483747T89,,0,b351804c-293e-4aeb-9c4c-043db67f4540,False,
FIBRO,homosapiens_None_2023_None_sikkemalisa_001_d10_1101_2022_03_10_483747T90,,0,b351804c-293e-4aeb-9c4c-043db67f4540,False,
FIBRO,homosapiens_None_2023_None_sikkemalisa_001_d10_1101_2022_03_10_483747THD0001,0.1111111111111111,9,b351804c-293e-4aeb-9c4c-043db67f4540,False,-0.7777777777777778
FIBRO,homosapiens_None_2023_None_sikkemalisa_001_d10_1101_2022_03_10_483747THD0005,0.15625,32,b351804c-293e-4aeb-9c4c-043db67f4540,False,-0.6875
FIBRO,homosapiens_None_2023_None_sikkemalisa_001_d10_1101_2022_03_10_483747THD0006,0.25,4,b351804c-293e-4aeb-9c4c-043db67f4540,False,-0.5
FIBRO,homosapiens_None_2023_None_sikkemalisa_001_d10_1101_2022_03_10_483747THD0007,0.06779661016949153,59,b351804c-293e-4aeb-9c4c-043db67f4540,False,-0.864406779661017
FIBRO,homosapiens_None_2023_None_sikkemalisa_001_d10_1101_2022_03_10_483747THD0008,0.06451612903225806,93,b351804c-293e-4aeb-9c4c-043db67f4540,False,-0.8709677419354839
FIBRO,homosapiens_None_2023_None_sikkemalisa_001_d10_1101_2022_03_10_483747THD0009,0.0,8,b351804c-293e-4aeb-9c4c-043db67f4540,False,-1.0
FIBRO,homosapiens_None_2023_None_sikkemalisa_001_d10_1101_2022_03_10_483747THD0010,0.21428571428571427,14,b351804c-293e-4aeb-9c4c-043db67f4540,False,-0.5714285714285714
FIBRO,homosapiens_None_2023_None_sikkemalisa_001_d10_1101_2022_03_10_483747THD0012,0.3333333333333333,3,b351804c-293e-4aeb-9c4c-043db67f4540,False,-0.33333333333333337
FIBRO,homosapiens_None_2023_None_sikkemalisa_001_d10_1101_2022_03_10_483747THD0014,0.019801980198019802,101,b351804c-293e-4aeb-9c4c-043db67f4540,False,-0.9603960396039604
FIBRO,homosapiens_None_2023_None_sikkemalisa_001_d10_1101_2022_03_10_483747THD0015,0.1111111111111111,9,b351804c-293e-4aeb-9c4c-043db67f4540,False,-0.7777777777777778
FIBRO,homosapiens_None_2023_None_sikkemalisa_001_d10_1101_2022_03_10_483747THD0017,0.09375,32,b351804c-293e-4aeb-9c4c-043db67f4540,False,-0.8125
FIBRO,homosapiens_None_2023_None_sikkemalisa_001_d10_1101_2022_03_10_483747THD0019,0.0,1,b351804c-293e-4aeb-9c4c-043db67f4540,False,-1.0
FIBRO,homosapiens_None_2023_None_sikkemalisa_001_d10_1101_2022_03_10_483747THD0020,0.0,2,b351804c-293e-4aeb-9c4c-043db67f4540,False,-1.0
FIBRO,homosapiens_None_2023_None_sikkemalisa_001_d10_1101_2022_03_10_483747VUHD071,0.0,5,b351804c-293e-4aeb-9c4c-043db67f4540,False,-1.0
FIBRO,homosapiens_None_2023_None_sikkemalisa_001_d10_1101_2022_03_10_483747VUHD072,0.2857142857142857,7,b351804c-293e-4aeb-9c4c-043db67f4540,False,-0.4285714285714286
FIBRO,homosapiens_None_2023_None_sikkemalisa_001_d10_1101_2022_03_10_483747VUHD073,0.16666666666666666,6,b351804c-293e-4aeb-9c4c-043db67f4540,False,-0.6666666666666667
FIBRO,homosapiens_None_2023_None_sikkemalisa_001_d10_1101_2022_03_10_483747VUHD076,0.0,1,b351804c-293e-4aeb-9c4c-043db67f4540,False,-1.0
FIBRO,homosapiens_None_2023_None_sikkemalisa_001_d10_1101_2022_03_10_483747VUHD077,0.0,1,b351804c-293e-4aeb-9c4c-043db67f4540,False,-1.0
FIBRO,homosapiens_None_2023_None_sikkemalisa_001_d10_1101_2022_03_10_483747VUHD078,0.0,1,b351804c-293e-4aeb-9c4c-043db67f4540,False,-1.0
FIBRO,homosapiens_None_2023_None_sikkemalisa_001_d10_1101_2022_03_10_483747VUHD080,1.0,1,b351804c-293e-4aeb-9c4c-043db67f4540,False,1.0
FIBRO,homosapiens_None_2023_None_sikkemalisa_001_d10_1101_2022_03_10_483747VUHD101,0.1111111111111111,54,b351804c-293e-4aeb-9c4c-043db67f4540,False,-0.7777777777777778
FIBRO,homosapiens_None_2023_None_sikkemalisa_001_d10_1101_2022_03_10_483747VUHD103,0.19831932773109243,595,b351804c-293e-4aeb-9c4c-043db67f4540,False,-0.6033613445378152
FIBRO,homosapiens_None_2023_None_sikkemalisa_001_d10_1101_2022_03_10_483747VUHD104,0.12751677852348994,447,b351804c-293e-4aeb-9c4c-043db67f4540,False,-0.7449664429530201
FIBRO,homosapiens_None_2023_None_sikkemalisa_001_d10_1101_2022_03_10_483747VUHD105,0.0,6,b351804c-293e-4aeb-9c4c-043db67f4540,False,-1.0
FIBRO,homosapiens_None_2023_None_sikkemalisa_001_d10_1101_2022_03_10_483747VUHD106,0.2872340425531915,282,b351804c-293e-4aeb-9c4c-043db67f4540,False,-0.42553191489361697
FIBRO,homosapiens_None_2023_None_sikkemalisa_001_d10_1101_2022_03_10_483747VUHD107,0.14285714285714285,56,b351804c-293e-4aeb-9c4c-043db67f4540,False,-0.7142857142857143
FIBRO,homosapiens_None_2023_None_sikkemalisa_001_d10_1101_2022_03_10_483747VUHD66,0.20441988950276244,181,b351804c-293e-4aeb-9c4c-043db67f4540,False,-0.5911602209944751
FIBRO,homosapiens_None_2023_None_sikkemalisa_001_d10_1101_2022_03_10_483747VUHD67,0.2669683257918552,221,b351804c-293e-4aeb-9c4c-043db67f4540,False,-0.4660633484162896
FIBRO,homosapiens_None_2023_None_sikkemalisa_001_d10_1101_2022_03_10_483747VUHD68,0.19491525423728814,236,b351804c-293e-4aeb-9c4c-043db67f4540,False,-0.6101694915254237
FIBRO,homosapiens_None_2023_None_sikkemalisa_001_d10_1101_2022_03_10_483747VUHD69,0.0,13,b351804c-293e-4aeb-9c4c-043db67f4540,False,-1.0
FIBRO,homosapiens_None_2023_None_sikkemalisa_001_d10_1101_2022_03_10_483747VUHD70,0.16666666666666666,12,b351804c-293e-4aeb-9c4c-043db67f4540,False,-0.6666666666666667
FIBRO,homosapiens_None_2023_None_sikkemalisa_001_d10_1101_2022_03_10_483747VUHD84,0.18181818181818182,220,b351804c-293e-4aeb-9c4c-043db67f4540,False,-0.6363636363636364
FIBRO,homosapiens_None_2023_None_sikkemalisa_001_d10_1101_2022_03_10_483747VUHD85,0.05555555555555555,36,b351804c-293e-4aeb-9c4c-043db67f4540,False,-0.8888888888888888
FIBRO,homosapiens_None_2023_None_sikkemalisa_001_d10_1101_2022_03_10_483747VUHD87,,0,b351804c-293e-4aeb-9c4c-043db67f4540,False,
FIBRO,homosapiens_None_2023_None_sikkemalisa_001_d10_1101_2022_03_10_483747VUHD92,0.25,108,b351804c-293e-4aeb-9c4c-043db67f4540,False,-0.5
FIBRO,homosapiens_None_2023_None_sikkemalisa_001_d10_1101_2022_03_10_483747VUHD94,0.17408906882591094,494,b351804c-293e-4aeb-9c4c-043db67f4540,False,-0.6518218623481782
FIBRO,homosapiens_None_2023_None_sikkemalisa_001_d10_1101_2022_03_10_483747VUHD95,0.17647058823529413,357,b351804c-293e-4aeb-9c4c-043db67f4540,False,-0.6470588235294117
FIBRO,homosapiens_None_2023_None_sikkemalisa_001_d10_1101_2022_03_10_483747VUHD98,0.023809523809523808,42,b351804c-293e-4aeb-9c4c-043db67f4540,False,-0.9523809523809523
FIBRO,homosapiens_None_2023_None_sikkemalisa_001_d10_1101_2022_03_10_483747donor 1,0.08298755186721991,241,b351804c-293e-4aeb-9c4c-043db67f4540,False,-0.8340248962655602
FIBRO,homosapiens_None_2023_None_sikkemalisa_001_d10_1101_2022_03_10_483747donor 2,0.11363636363636363,440,b351804c-293e-4aeb-9c4c-043db67f4540,False,-0.7727272727272727
FIBRO,homosapiens_None_2023_None_sikkemalisa_001_d10_1101_2022_03_10_483747donor 3,0.11720067453625632,1186,b351804c-293e-4aeb-9c4c-043db67f4540,False,-0.7655986509274874
FIBRO,homosapiens_None_2023_None_sikkemalisa_001_d10_1101_2022_03_10_483747lafy_donor_1,1.0,1,b351804c-293e-4aeb-9c4c-043db67f4540,False,1.0
FIBRO,homosapiens_None_2023_None_sikkemalisa_001_d10_1101_2022_03_10_483747lafy_donor_2,0.3333333333333333,6,b351804c-293e-4aeb-9c4c-043db67f4540,False,-0.33333333333333337
FIBRO,homosapiens_None_2023_None_sikkemalisa_001_d10_1101_2022_03_10_483747lafy_donor_3,0.0967741935483871,31,b351804c-293e-4aeb-9c4c-043db67f4540,False,-0.8064516129032258
FIBRO,homosapiens_None_2023_None_sikkemalisa_001_d10_1101_2022_03_10_483747lafy_donor_4,0.06896551724137931,58,b351804c-293e-4aeb-9c4c-043db67f4540,False,-0.8620689655172413
FIBRO,homosapiens_None_2023_None_sikkemalisa_001_d10_1101_2022_03_10_483747lafy_donor_5,0.08196721311475409,61,b351804c-293e-4aeb-9c4c-043db67f4540,False,-0.8360655737704918
FIBRO,homosapiens_None_2023_None_sikkemalisa_001_d10_1101_2022_03_10_483747lafy_donor_6,0.26005361930294907,373,b351804c-293e-4aeb-9c4c-043db67f4540,False,-0.47989276139410186
MYELOID,Adams_Kaminski_2020_001C,0.046012269938650305,1304,c624f243-f3c9-4a43-8d8e-f8a366f73cca,False,-0.9079754601226994
MYELOID,Adams_Kaminski_2020_002C,0.02268041237113402,485,c624f243-f3c9-4a43-8d8e-f8a366f73cca,False,-0.954639175257732
MYELOID,Adams_Kaminski_2020_003C,0.02135678391959799,2388,c624f243-f3c9-4a43-8d8e-f8a366f73cca,False,-0.957286432160804
MYELOID,Adams_Kaminski_2020_034C,0.016917293233082706,532,c624f243-f3c9-4a43-8d8e-f8a366f73cca,False,-0.9661654135338346
MYELOID,Adams_Kaminski_2020_065C,0.04183757178014766,1219,c624f243-f3c9-4a43-8d8e-f8a366f73cca,False,-0.9163248564397046
MYELOID,Adams_Kaminski_2020_081C,0.018387553041018388,707,c624f243-f3c9-4a43-8d8e-f8a366f73cca,False,-0.9632248939179632
MYELOID,Adams_Kaminski_2020_084C,0.050473186119873815,317,c624f243-f3c9-4a43-8d8e-f8a366f73cca,False,-0.8990536277602523
MYELOID,Adams_Kaminski_2020_092C,0.04066985645933014,3762,c624f243-f3c9-4a43-8d8e-f8a366f73cca,False,-0.9186602870813397
MYELOID,Adams_Kaminski_2020_098C,0.03615501190733925,4619,c624f243-f3c9-4a43-8d8e-f8a366f73cca,False,-0.9276899761853215
MYELOID,Adams_Kaminski_2020_133C,0.013763440860215054,4650,c624f243-f3c9-4a43-8d8e-f8a366f73cca,False,-0.9724731182795698
MYELOID,Adams_Kaminski_2020_1372C,0.022222222222222223,2610,c624f243-f3c9-4a43-8d8e-f8a366f73cca,False,-0.9555555555555556
MYELOID,Adams_Kaminski_2020_137C,0.0256797583081571,662,c624f243-f3c9-4a43-8d8e-f8a366f73cca,False,-0.9486404833836858
MYELOID,Adams_Kaminski_2020_160C,0.03378582202111614,3315,c624f243-f3c9-4a43-8d8e-f8a366f73cca,False,-0.9324283559577677
MYELOID,Adams_Kaminski_2020_192C,0.012879102617366016,2407,c624f243-f3c9-4a43-8d8e-f8a366f73cca,False,-0.974241794765268
MYELOID,Adams_Kaminski_2020_208C,0.02023121387283237,1384,c624f243-f3c9-4a43-8d8e-f8a366f73cca,False,-0.9595375722543352
MYELOID,Adams_Kaminski_2020_218C,0.014012303485987697,2926,c624f243-f3c9-4a43-8d8e-f8a366f73cca,False,-0.9719753930280246
MYELOID,Adams_Kaminski_2020_222C,0.020585625554569654,5635,c624f243-f3c9-4a43-8d8e-f8a366f73cca,False,-0.9588287488908607
MYELOID,Adams_Kaminski_2020_226C,0.011069580218516388,6956,c624f243-f3c9-4a43-8d8e-f8a366f73cca,False,-0.9778608395629672
MYELOID,Adams_Kaminski_2020_244C,0.07142857142857142,28,c624f243-f3c9-4a43-8d8e-f8a366f73cca,False,-0.8571428571428572
MYELOID,Adams_Kaminski_2020_253C,0.029850746268656716,603,c624f243-f3c9-4a43-8d8e-f8a366f73cca,False,-0.9402985074626866
MYELOID,Adams_Kaminski_2020_296C,0.045653229723166586,2059,c624f243-f3c9-4a43-8d8e-f8a366f73cca,False,-0.9086935405536668
MYELOID,Adams_Kaminski_2020_388C,0.02098849018280298,1477,c624f243-f3c9-4a43-8d8e-f8a366f73cca,False,-0.9580230196343941
MYELOID,Adams_Kaminski_2020_396C,0.11389236545682102,799,c624f243-f3c9-4a43-8d8e-f8a366f73cca,False,-0.772215269086358
MYELOID,Adams_Kaminski_2020_439C,0.03779786359901397,3651,c624f243-f3c9-4a43-8d8e-f8a366f73cca,False,-0.924404272801972
MYELOID,Adams_Kaminski_2020_454C,0.025757575757575757,660,c624f243-f3c9-4a43-8d8e-f8a366f73cca,False,-0.9484848484848485
MYELOID,Adams_Kaminski_2020_465C,0.011135857461024499,898,c624f243-f3c9-4a43-8d8e-f8a366f73cca,False,-0.977728285077951
MYELOID,Adams_Kaminski_2020_483C,0.026565464895635674,1581,c624f243-f3c9-4a43-8d8e-f8a366f73cca,False,-0.9468690702087287
MYELOID,Adams_Kaminski_2020_484C,0.02491103202846975,562,c624f243-f3c9-4a43-8d8e-f8a366f73cca,False,-0.9501779359430605
MYELOID,Goveia_Carmeliet_2020_patient_45,0.5272904483430799,1026,c624f243-f3c9-4a43-8d8e-f8a366f73cca,False,0.05458089668615984
MYELOID,Goveia_Carmeliet_2020_patient_46,0.44493006993006995,2288,c624f243-f3c9-4a43-8d8e-f8a366f73cca,False,-0.1101398601398601
MYELOID,Goveia_Carmeliet_2020_patient_50,0.4549086757990868,1752,c624f243-f3c9-4a43-8d8e-f8a366f73cca,False,-0.09018264840182644
MYELOID,Guo_Zhang_2018_P0616A,0.0,1,c624f243-f3c9-4a43-8d8e-f8a366f73cca,False,-1.0
MYELOID,Guo_Zhang_2018_P0616P,,0,c624f243-f3c9-4a43-8d8e-f8a366f73cca,False,
MYELOID,Guo_Zhang_2018_P0617,,0,c624f243-f3c9-4a43-8d8e-f8a366f73cca,False,
MYELOID,Guo_Zhang_2018_P0729,0.6666666666666666,3,c624f243-f3c9-4a43-8d8e-f8a366f73cca,False,0.33333333333333326
MYELOID,Guo_Zhang_2018_P1010,,0,c624f243-f3c9-4a43-8d8e-f8a366f73cca,False,
MYELOID,Guo_Zhang_2018_P1118,0.0,1,c624f243-f3c9-4a43-8d8e-f8a366f73cca,False,-1.0
MYELOID,Guo_Zhang_2018_P1120,,0,c624f243-f3c9-4a43-8d8e-f8a366f73cca,False,
MYELOID,Guo_Zhang_2018_P1202,,0,c624f243-f3c9-4a43-8d8e-f8a366f73cca,False,
MYELOID,Guo_Zhang_2018_P1208,,0,c624f243-f3c9-4a43-8d8e-f8a366f73cca,False,
MYELOID,Guo_Zhang_2018_P1219,,0,c624f243-f3c9-4a43-8d8e-f8a366f73cca,False,
MYELOID,Habermann_Kropski_2020_THD0001,0.41832669322709165,753,c624f243-f3c9-4a43-8d8e-f8a366f73cca,False,-0.1633466135458167
MYELOID,Habermann_Kropski_2020_THD0002,0.406660823838738,1141,c624f243-f3c9-4a43-8d8e-f8a366f73cca,False,-0.18667835232252405
MYELOID,Habermann_Kropski_2020_THD0005,0.27313769751693,2215,c624f243-f3c9-4a43-8d8e-f8a366f73cca,False,-0.45372460496614
MYELOID,Habermann_Kropski_2020_VUHD071,0.7293383270911361,4005,c624f243-f3c9-4a43-8d8e-f8a366f73cca,False,0.4586766541822722
MYELOID,Habermann_Kropski_2020_VUHD65,0.48081841432225064,782,c624f243-f3c9-4a43-8d8e-f8a366f73cca,False,-0.038363171355498715
MYELOID,Habermann_Kropski_2020_VUHD66,0.5964285714285714,280,c624f243-f3c9-4a43-8d8e-f8a366f73cca,False,0.19285714285714284
MYELOID,Habermann_Kropski_2020_VUHD67,0.5261506276150628,2868,c624f243-f3c9-4a43-8d8e-f8a366f73cca,False,0.05230125523012563
MYELOID,Habermann_Kropski_2020_VUHD68,0.3044397463002114,3311,c624f243-f3c9-4a43-8d8e-f8a366f73cca,False,-0.39112050739957716
MYELOID,Habermann_Kropski_2020_VUHD69,0.4017857142857143,112,c624f243-f3c9-4a43-8d8e-f8a366f73cca,False,-0.1964285714285714
MYELOID,Habermann_Kropski_2020_VUHD70,0.6666666666666666,558,c624f243-f3c9-4a43-8d8e-f8a366f73cca,False,0.33333333333333326
MYELOID,He_Fan_2021_P1,0.7762863534675615,12963,c624f243-f3c9-4a43-8d8e-f8a366f73cca,False,0.552572706935123
MYELOID,He_Fan_2021_P2,0.8103216338510456,8177,c624f243-f3c9-4a43-8d8e-f8a366f73cca,False,0.6206432677020912
MYELOID,He_Fan_2021_P3,0.8264268960125097,6395,c624f243-f3c9-4a43-8d8e-f8a366f73cca,False,0.6528537920250195
MYELOID,He_Fan_2021_P4,0.7349327091866589,5127,c624f243-f3c9-4a43-8d8e-f8a366f73cca,False,0.46986541837331774
MYELOID,He_Fan_2021_P5,0.8550638550638551,3367,c624f243-f3c9-4a43-8d8e-f8a366f73cca,False,0.7101277101277101
MYELOID,Kim_Lee_2020_P0001,0.5515961395694136,1347,c624f243-f3c9-4a43-8d8e-f8a366f73cca,False,0.10319227913882711
MYELOID,Kim_Lee_2020_P0006,0.5513285024154589,1656,c624f243-f3c9-4a43-8d8e-f8a366f73cca,False,0.10265700483091789
MYELOID,Kim_Lee_2020_P0008,0.5985130111524164,1345,c624f243-f3c9-4a43-8d8e-f8a366f73cca,False,0.1970260223048328
MYELOID,Kim_Lee_2020_P0009,0.43115029387069687,2382,c624f243-f3c9-4a43-8d8e-f8a366f73cca,False,-0.13769941225860627
MYELOID,Kim_Lee_2020_P0018,0.709915611814346,2844,c624f243-f3c9-4a43-8d8e-f8a366f73cca,False,0.4198312236286921
MYELOID,Kim_Lee_2020_P0019,0.5365278868813825,2546,c624f243-f3c9-4a43-8d8e-f8a366f73cca,False,0.07305577376276506
MYELOID,Kim_Lee_2020_P0020,0.4808583272372592,4101,c624f243-f3c9-4a43-8d8e-f8a366f73cca,False,-0.03828334552548163
MYELOID,Kim_Lee_2020_P0025,0.5564409030544488,753,c624f243-f3c9-4a43-8d8e-f8a366f73cca,False,0.11288180610889764
MYELOID,Kim_Lee_2020_P0028,0.605072463768116,1656,c624f243-f3c9-4a43-8d8e-f8a366f73cca,False,0.21014492753623193
MYELOID,Kim_Lee_2020_P0030,0.5477591670439113,2209,c624f243-f3c9-4a43-8d8e-f8a366f73cca,False,0.09551833408782251
MYELOID,Kim_Lee_2020_P0031,0.507778469197262,1607,c624f243-f3c9-4a43-8d8e-f8a366f73cca,False,0.01555693839452399
MYELOID,Kim_Lee_2020_P0034,0.560212201591512,1885,c624f243-f3c9-4a43-8d8e-f8a366f73cca,False,0.12042440318302394
MYELOID,Kim_Lee_2020_P1006,0.8628472222222222,1152,c624f243-f3c9-4a43-8d8e-f8a366f73cca,False,0.7256944444444444
MYELOID,Kim_Lee_2020_P1010,0.8441926345609065,706,c624f243-f3c9-4a43-8d8e-f8a366f73cca,False,0.6883852691218131
MYELOID,Kim_Lee_2020_P1011,0.8045789043336059,1223,c624f243-f3c9-4a43-8d8e-f8a366f73cca,False,0.6091578086672118
MYELOID,Kim_Lee_2020_P1012,0.7358561258898464,2669,c624f243-f3c9-4a43-8d8e-f8a366f73cca,False,0.4717122517796928
MYELOID,Kim_Lee_2020_P1013,0.8549618320610687,393,c624f243-f3c9-4a43-8d8e-f8a366f73cca,False,0.7099236641221374
MYELOID,Kim_Lee_2020_P1015,0.7191489361702128,235,c624f243-f3c9-4a43-8d8e-f8a366f73cca,False,0.4382978723404256
MYELOID,Kim_Lee_2020_P1019,0.8375,320,c624f243-f3c9-4a43-8d8e-f8a366f73cca,False,0.675
MYELOID,Kim_Lee_2020_P1028,0.6776315789473685,152,c624f243-f3c9-4a43-8d8e-f8a366f73cca,False,0.35526315789473695
MYELOID,Kim_Lee_2020_P1049,0.708502024291498,247,c624f243-f3c9-4a43-8d8e-f8a366f73cca,False,0.417004048582996
MYELOID,Kim_Lee_2020_P1051,0.7048929663608563,654,c624f243-f3c9-4a43-8d8e-f8a366f73cca,False,0.4097859327217126
MYELOID,Kim_Lee_2020_P1058,0.6838565022421524,446,c624f243-f3c9-4a43-8d8e-f8a366f73cca,False,0.3677130044843049
MYELOID,Kim_Lee_2020_P1064,0.825,80,c624f243-f3c9-4a43-8d8e-f8a366f73cca,False,0.6499999999999999
MYELOID,Kim_Lee_2020_P2001,0.856,125,c624f243-f3c9-4a43-8d8e-f8a366f73cca,False,0.712
MYELOID,Kim_Lee_2020_P2002,0.7804878048780488,123,c624f243-f3c9-4a43-8d8e-f8a366f73cca,False,0.5609756097560976
MYELOID,Kim_Lee_2020_P2003,0.7557251908396947,131,c624f243-f3c9-4a43-8d8e-f8a366f73cca,False,0.5114503816793894
MYELOID,Kim_Lee_2020_P2004,0.6101694915254238,59,c624f243-f3c9-4a43-8d8e-f8a366f73cca,False,0.22033898305084754
MYELOID,Kim_Lee_2020_P2005,0.7666666666666667,30,c624f243-f3c9-4a43-8d8e-f8a366f73cca,False,0.5333333333333334
MYELOID,Kim_Lee_2020_P2006,0.6304347826086957,92,c624f243-f3c9-4a43-8d8e-f8a366f73cca,False,0.26086956521739135
MYELOID,Kim_Lee_2020_P2007,0.86,150,c624f243-f3c9-4a43-8d8e-f8a366f73cca,False,0.72
MYELOID,Kim_Lee_2020_P2008,0.906832298136646,161,c624f243-f3c9-4a43-8d8e-f8a366f73cca,False,0.813664596273292
MYELOID,Kim_Lee_2020_P2011,0.746031746031746,126,c624f243-f3c9-4a43-8d8e-f8a366f73cca,False,0.4920634920634921
MYELOID,Kim_Lee_2020_P2012,0.7537993920972644,329,c624f243-f3c9-4a43-8d8e-f8a366f73cca,False,0.5075987841945289
MYELOID,Kim_Lee_2020_P3002,0.6162988115449916,589,c624f243-f3c9-4a43-8d8e-f8a366f73cca,False,0.2325976230899831
MYELOID,Kim_Lee_2020_P3003,0.7319587628865979,97,c624f243-f3c9-4a43-8d8e-f8a366f73cca,False,0.4639175257731958
MYELOID,Kim_Lee_2020_P3004,0.6715867158671587,271,c624f243-f3c9-4a43-8d8e-f8a366f73cca,False,0.34317343173431736
MYELOID,Kim_Lee_2020_P3006,0.7526881720430108,279,c624f243-f3c9-4a43-8d8e-f8a366f73cca,False,0.5053763440860215
MYELOID,Kim_Lee_2020_P3007,0.5019011406844106,263,c624f243-f3c9-4a43-8d8e-f8a366f73cca,False,0.0038022813688212143
MYELOID,Kim_Lee_2020_P3012,0.5421245421245421,273,c624f243-f3c9-4a43-8d8e-f8a366f73cca,False,0.08424908424908417
MYELOID,Kim_Lee_2020_P3013,0.6091370558375635,591,c624f243-f3c9-4a43-8d8e-f8a366f73cca,False,0.218274111675127
MYELOID,Kim_Lee_2020_P3016,0.5066666666666667,150,c624f243-f3c9-4a43-8d8e-f8a366f73cca,False,0.01333333333333342
MYELOID,Kim_Lee_2020_P3017,0.6923076923076923,585,c624f243-f3c9-4a43-8d8e-f8a366f73cca,False,0.3846153846153846
MYELOID,Kim_Lee_2020_P3019,0.7049533381191673,1393,c624f243-f3c9-4a43-8d8e-f8a366f73cca,False,0.40990667623833454
MYELOID,Lambrechts_Thienpont_2018_6149v2_3,0.7423547400611621,2616,c624f243-f3c9-4a43-8d8e-f8a366f73cca,False,0.4847094801223242
MYELOID,Lambrechts_Thienpont_2018_6149v2_4,0.7584511370620775,1627,c624f243-f3c9-4a43-8d8e-f8a366f73cca,False,0.5169022741241549
MYELOID,Lambrechts_Thienpont_2018_6653_6,0.6217162872154116,571,c624f243-f3c9-4a43-8d8e-f8a366f73cca,False,0.24343257443082322
MYELOID,Laughney_Massague_2020_LX255B,0.7161803713527851,377,c624f243-f3c9-4a43-8d8e-f8a366f73cca,False,0.43236074270557023
MYELOID,Laughney_Massague_2020_LX653,0.30434782608695654,46,c624f243-f3c9-4a43-8d8e-f8a366f73cca,False,-0.3913043478260869
MYELOID,Laughney_Massague_2020_LX661,0.7730337078651686,445,c624f243-f3c9-4a43-8d8e-f8a366f73cca,False,0.5460674157303371
MYELOID,Laughney_Massague_2020_LX666,0.5671875,640,c624f243-f3c9-4a43-8d8e-f8a366f73cca,False,0.1343749999999999
MYELOID,Laughney_Massague_2020_LX675,0.42857142857142855,1750,c624f243-f3c9-4a43-8d8e-f8a366f73cca,False,-0.1428571428571429
MYELOID,Laughney_Massague_2020_LX676,0.6699507389162561,203,c624f243-f3c9-4a43-8d8e-f8a366f73cca,False,0.33990147783251223
MYELOID,Laughney_Massague_2020_LX679,0.5568181818181818,176,c624f243-f3c9-4a43-8d8e-f8a366f73cca,False,0.11363636363636354
MYELOID,Laughney_Massague_2020_LX680,0.7530864197530864,81,c624f243-f3c9-4a43-8d8e-f8a366f73cca,False,0.5061728395061729
MYELOID,Laughney_Massague_2020_LX681,0.6153846153846154,91,c624f243-f3c9-4a43-8d8e-f8a366f73cca,False,0.23076923076923084
MYELOID,Laughney_Massague_2020_LX682,0.6451612903225806,1705,c624f243-f3c9-4a43-8d8e-f8a366f73cca,False,0.29032258064516125
MYELOID,Laughney_Massague_2020_LX684,0.6588785046728972,428,c624f243-f3c9-4a43-8d8e-f8a366f73cca,False,0.31775700934579443
MYELOID,Laughney_Massague_2020_LX685,0.6824196597353497,529,c624f243-f3c9-4a43-8d8e-f8a366f73cca,False,0.36483931947069936
MYELOID,Laughney_Massague_2020_LX699,0.7571428571428571,140,c624f243-f3c9-4a43-8d8e-f8a366f73cca,False,0.5142857142857142
MYELOID,Laughney_Massague_2020_LX701,0.8048780487804879,41,c624f243-f3c9-4a43-8d8e-f8a366f73cca,False,0.6097560975609757
MYELOID,Madissoon_Meyer_2020_343B,0.4272608125819135,763,c624f243-f3c9-4a43-8d8e-f8a366f73cca,False,-0.14547837483617299
MYELOID,Madissoon_Meyer_2020_356C,0.44996501049685095,1429,c624f243-f3c9-4a43-8d8e-f8a366f73cca,False,-0.1000699790062981
MYELOID,Madissoon_Meyer_2020_367C,0.34695180338333864,3133,c624f243-f3c9-4a43-8d8e-f8a366f73cca,False,-0.3060963932333227
MYELOID,Madissoon_Meyer_2020_368C,0.277720207253886,965,c624f243-f3c9-4a43-8d8e-f8a366f73cca,False,-0.44455958549222796
MYELOID,Madissoon_Meyer_2020_390C,0.4026602176541717,2481,c624f243-f3c9-4a43-8d8e-f8a366f73cca,False,-0.1946795646916566
MYELOID,Maier_Merad_2020_370,0.8282828282828283,99,c624f243-f3c9-4a43-8d8e-f8a366f73cca,False,0.6565656565656566
MYELOID,Maier_Merad_2020_371,0.8418079096045198,177,c624f243-f3c9-4a43-8d8e-f8a366f73cca,False,0.6836158192090396
MYELOID,Maier_Merad_2020_378,0.7397959183673469,392,c624f243-f3c9-4a43-8d8e-f8a366f73cca,False,0.47959183673469385
MYELOID,Maier_Merad_2020_393,0.8652173913043478,230,c624f243-f3c9-4a43-8d8e-f8a366f73cca,False,0.7304347826086957
MYELOID,Maier_Merad_2020_403,0.6260869565217392,115,c624f243-f3c9-4a43-8d8e-f8a366f73cca,False,0.25217391304347836
MYELOID,Maier_Merad_2020_406,0.8679245283018868,106,c624f243-f3c9-4a43-8d8e-f8a366f73cca,False,0.7358490566037736
MYELOID,Maier_Merad_2020_408,0.7619047619047619,42,c624f243-f3c9-4a43-8d8e-f8a366f73cca,False,0.5238095238095237
MYELOID,Maier_Merad_2020_410,0.8648648648648649,148,c624f243-f3c9-4a43-8d8e-f8a366f73cca,False,0.7297297297297298
MYELOID,Maier_Merad_2020_514,0.7279411764705882,136,c624f243-f3c9-4a43-8d8e-f8a366f73cca,False,0.4558823529411764
MYELOID,Maier_Merad_2020_532,0.7291666666666666,48,c624f243-f3c9-4a43-8d8e-f8a366f73cca,False,0.45833333333333326
MYELOID,Maier_Merad_2020_564,0.8338368580060423,331,c624f243-f3c9-4a43-8d8e-f8a366f73cca,False,0.6676737160120847
MYELOID,Maier_Merad_2020_569,0.8018867924528302,106,c624f243-f3c9-4a43-8d8e-f8a366f73cca,False,0.6037735849056605
MYELOID,Maier_Merad_2020_570,0.7540983606557377,61,c624f243-f3c9-4a43-8d8e-f8a366f73cca,False,0.5081967213114753
MYELOID,Maier_Merad_2020_571,0.6219512195121951,164,c624f243-f3c9-4a43-8d8e-f8a366f73cca,False,0.24390243902439024
MYELOID,Maier_Merad_2020_572,0.7380191693290735,313,c624f243-f3c9-4a43-8d8e-f8a366f73cca,False,0.47603833865814704
MYELOID,Maier_Merad_2020_578,0.7970297029702971,202,c624f243-f3c9-4a43-8d8e-f8a366f73cca,False,0.5940594059405941
MYELOID,Maier_Merad_2020_581,0.71484375,256,c624f243-f3c9-4a43-8d8e-f8a366f73cca,False,0.4296875
MYELOID,Maier_Merad_2020_593,0.5025380710659898,197,c624f243-f3c9-4a43-8d8e-f8a366f73cca,False,0.0050761421319796
MYELOID,Maier_Merad_2020_596,0.73,400,c624f243-f3c9-4a43-8d8e-f8a366f73cca,False,0.45999999999999996
MYELOID,Maier_Merad_2020_626,0.7548209366391184,363,c624f243-f3c9-4a43-8d8e-f8a366f73cca,False,0.5096418732782368
MYELOID,Maier_Merad_2020_630,0.7323232323232324,198,c624f243-f3c9-4a43-8d8e-f8a366f73cca,False,0.46464646464646475
MYELOID,Maier_Merad_2020_695,0.7345679012345679,324,c624f243-f3c9-4a43-8d8e-f8a366f73cca,False,0.4691358024691359
MYELOID,Maier_Merad_2020_729,0.6666666666666666,114,c624f243-f3c9-4a43-8d8e-f8a366f73cca,False,0.33333333333333326
MYELOID,Maynard_Bivona_2020_TH067,0.8888888888888888,315,c624f243-f3c9-4a43-8d8e-f8a366f73cca,False,0.7777777777777777
MYELOID,Maynard_Bivona_2020_TH103,0.49242424242424243,132,c624f243-f3c9-4a43-8d8e-f8a366f73cca,False,-0.015151515151515138
MYELOID,Maynard_Bivona_2020_TH146,1.0,2,c624f243-f3c9-4a43-8d8e-f8a366f73cca,False,1.0
MYELOID,Maynard_Bivona_2020_TH153,,0,c624f243-f3c9-4a43-8d8e-f8a366f73cca,False,
MYELOID,Maynard_Bivona_2020_TH155,0.8260869565217391,23,c624f243-f3c9-4a43-8d8e-f8a366f73cca,False,0.6521739130434783
MYELOID,Maynard_Bivona_2020_TH156,0.9052631578947369,190,c624f243-f3c9-4a43-8d8e-f8a366f73cca,False,0.8105263157894738
MYELOID,Maynard_Bivona_2020_TH157,0.4166666666666667,12,c624f243-f3c9-4a43-8d8e-f8a366f73cca,False,-0.16666666666666663
MYELOID,Maynard_Bivona_2020_TH158,0.2727272727272727,11,c624f243-f3c9-4a43-8d8e-f8a366f73cca,False,-0.4545454545454546
MYELOID,Maynard_Bivona_2020_TH169,0.6363636363636364,11,c624f243-f3c9-4a43-8d8e-f8a366f73cca,False,0.2727272727272727
MYELOID,Maynard_Bivona_2020_TH179,0.816622691292876,758,c624f243-f3c9-4a43-8d8e-f8a366f73cca,False,0.633245382585752
MYELOID,Maynard_Bivona_2020_TH179_NAT,0.45901639344262296,122,c624f243-f3c9-4a43-8d8e-f8a366f73cca,False,-0.08196721311475408
MYELOID,Maynard_Bivona_2020_TH185,0.9221105527638191,398,c624f243-f3c9-4a43-8d8e-f8a366f73cca,False,0.8442211055276383
MYELOID,Maynard_Bivona_2020_TH205,0.5616438356164384,292,c624f243-f3c9-4a43-8d8e-f8a366f73cca,False,0.12328767123287676
MYELOID,Maynard_Bivona_2020_TH210,1.0,8,c624f243-f3c9-4a43-8d8e-f8a366f73cca,False,1.0
MYELOID,Maynard_Bivona_2020_TH217,1.0,23,c624f243-f3c9-4a43-8d8e-f8a366f73cca,False,1.0
MYELOID,Maynard_Bivona_2020_TH218,0.5833333333333334,48,c624f243-f3c9-4a43-8d8e-f8a366f73cca,False,0.16666666666666674
MYELOID,Maynard_Bivona_2020_TH220,0.7032258064516129,310,c624f243-f3c9-4a43-8d8e-f8a366f73cca,False,0.40645161290322585
MYELOID,Maynard_Bivona_2020_TH222,0.6235059760956175,502,c624f243-f3c9-4a43-8d8e-f8a366f73cca,False,0.24701195219123506
MYELOID,Maynard_Bivona_2020_TH223,0.3423728813559322,295,c624f243-f3c9-4a43-8d8e-f8a366f73cca,False,-0.3152542372881356
MYELOID,Maynard_Bivona_2020_TH225,0.7849056603773585,265,c624f243-f3c9-4a43-8d8e-f8a366f73cca,False,0.5698113207547171
MYELOID,Maynard_Bivona_2020_TH226,0.5408695652173913,575,c624f243-f3c9-4a43-8d8e-f8a366f73cca,False,0.08173913043478254
MYELOID,Maynard_Bivona_2020_TH227,0.6588235294117647,170,c624f243-f3c9-4a43-8d8e-f8a366f73cca,False,0.3176470588235294
MYELOID,Maynard_Bivona_2020_TH231,0.25925925925925924,108,c624f243-f3c9-4a43-8d8e-f8a366f73cca,False,-0.4814814814814815
MYELOID,Maynard_Bivona_2020_TH236,0.5283018867924528,159,c624f243-f3c9-4a43-8d8e-f8a366f73cca,False,0.05660377358490565
MYELOID,Maynard_Bivona_2020_TH238,0.5692771084337349,332,c624f243-f3c9-4a43-8d8e-f8a366f73cca,False,0.13855421686746983
MYELOID,Maynard_Bivona_2020_TH238_NAT,0.4959349593495935,123,c624f243-f3c9-4a43-8d8e-f8a366f73cca,False,-0.008130081300813052
MYELOID,Maynard_Bivona_2020_TH248,0.6850393700787402,254,c624f243-f3c9-4a43-8d8e-f8a366f73cca,False,0.3700787401574803
MYELOID,Maynard_Bivona_2020_TH266,0.6075085324232082,586,c624f243-f3c9-4a43-8d8e-f8a366f73cca,False,0.21501706484641647
MYELOID,Mayr_Schiller_2020_muc10380,0.6189591078066915,538,c624f243-f3c9-4a43-8d8e-f8a366f73cca,False,0.237918215613383
MYELOID,Mayr_Schiller_2020_muc3843,0.4532871972318339,289,c624f243-f3c9-4a43-8d8e-f8a366f73cca,False,-0.09342560553633217
MYELOID,Mayr_Schiller_2020_muc4658,0.6138996138996139,518,c624f243-f3c9-4a43-8d8e-f8a366f73cca,False,0.2277992277992278
MYELOID,Mayr_Schiller_2020_muc4659,0.48333333333333334,60,c624f243-f3c9-4a43-8d8e-f8a366f73cca,False,-0.033333333333333326
MYELOID,Mayr_Schiller_2020_muc5103,0.33078880407124683,393,c624f243-f3c9-4a43-8d8e-f8a366f73cca,False,-0.33842239185750633
MYELOID,Mayr_Schiller_2020_muc5105,0.3448275862068966,435,c624f243-f3c9-4a43-8d8e-f8a366f73cca,False,-0.31034482758620685
MYELOID,Mayr_Schiller_2020_muc5212,0.2876712328767123,219,c624f243-f3c9-4a43-8d8e-f8a366f73cca,False,-0.4246575342465754
MYELOID,Mayr_Schiller_2020_muc5213,0.3382352941176471,136,c624f243-f3c9-4a43-8d8e-f8a366f73cca,False,-0.32352941176470584
MYELOID,Mayr_Schiller_2020_muc9832,0.4864864864864865,111,c624f243-f3c9-4a43-8d8e-f8a366f73cca,False,-0.027027027027026973
MYELOID,Mayr_Schiller_2020_muc9833,0.3333333333333333,684,c624f243-f3c9-4a43-8d8e-f8a366f73cca,False,-0.33333333333333337
MYELOID,Reyfman_Misharin_2018_Donor_01,0.3369886123998313,2371,c624f243-f3c9-4a43-8d8e-f8a366f73cca,False,-0.3260227752003374
MYELOID,Reyfman_Misharin_2018_Donor_02,0.368,1125,c624f243-f3c9-4a43-8d8e-f8a366f73cca,False,-0.264
MYELOID,Reyfman_Misharin_2018_Donor_03,0.5581192860252503,2297,c624f243-f3c9-4a43-8d8e-f8a366f73cca,False,0.11623857205050059
MYELOID,Reyfman_Misharin_2018_Donor_04,0.5082089552238805,1340,c624f243-f3c9-4a43-8d8e-f8a366f73cca,False,0.016417910447761086
MYELOID,Reyfman_Misharin_2018_Donor_05,0.29613992762364294,1658,c624f243-f3c9-4a43-8d8e-f8a366f73cca,False,-0.4077201447527141
MYELOID,Reyfman_Misharin_2018_Donor_06,0.2621744054360136,1766,c624f243-f3c9-4a43-8d8e-f8a366f73cca,False,-0.4756511891279728
MYELOID,Reyfman_Misharin_2018_Donor_07,0.34041423260754117,1883,c624f243-f3c9-4a43-8d8e-f8a366f73cca,False,-0.31917153478491767
MYELOID,Reyfman_Misharin_2018_Donor_08,0.4089845577912962,2137,c624f243-f3c9-4a43-8d8e-f8a366f73cca,False,-0.18203088441740756
MYELOID,SD10_raw_feature_bc_matrix,0.5405405405405406,74,SD10_raw_feature_bc_matrix,True,0.08108108108108114
MYELOID,SD12_raw_feature_bc_matrix,0.7361111111111112,72,SD12_raw_feature_bc_matrix,True,0.4722222222222223
MYELOID,SD15_raw_feature_bc_matrix,,0,SD15_raw_feature_bc_matrix,True,
MYELOID,SD16_raw_feature_bc_matrix,0.4166666666666667,24,SD16_raw_feature_bc_matrix,True,-0.16666666666666663
MYELOID,SD2_raw_feature_bc_matrix,0.8473282442748091,131,SD2_raw_feature_bc_matrix,True,0.6946564885496183
MYELOID,SD3_raw_feature_bc_matrix,0.27350427350427353,117,SD3_raw_feature_bc_matrix,True,-0.45299145299145294
MYELOID,SD6_raw_feature_bc_matrix,0.5193370165745856,181,SD6_raw_feature_bc_matrix,True,0.03867403314917128
MYELOID,SD7_raw_feature_bc_matrix,0.9859833811396634,67634,SD7_raw_feature_bc_matrix,True,0.9719667622793269
MYELOID,SD8_raw_feature_bc_matrix,1.0,1,SD8_raw_feature_bc_matrix,False,1.0
MYELOID,Travaglini_Krasnow_2020_Lung_P1,0.15846994535519127,183,c624f243-f3c9-4a43-8d8e-f8a366f73cca,False,-0.6830601092896175
MYELOID,Travaglini_Krasnow_2020_Lung_P2,0.4418604651162791,43,c624f243-f3c9-4a43-8d8e-f8a366f73cca,False,-0.11627906976744184
MYELOID,Travaglini_Krasnow_2020_Lung_P3,0.4909090909090909,55,c624f243-f3c9-4a43-8d8e-f8a366f73cca,False,-0.018181818181818188
MYELOID,UKIM-V_P1,0.5701219512195121,328,c624f243-f3c9-4a43-8d8e-f8a366f73cca,False,0.1402439024390243
MYELOID,UKIM-V_P3,0.5274229902329076,2662,c624f243-f3c9-4a43-8d8e-f8a366f73cca,False,0.054845980465815236
MYELOID,Vieira_Teichmann_2019_Dropseq_1,0.45565749235474007,327,c624f243-f3c9-4a43-8d8e-f8a366f73cca,False,-0.08868501529051986
MYELOID,Vieira_Teichmann_2019_Dropseq_2,0.5824742268041238,776,c624f243-f3c9-4a43-8d8e-f8a366f73cca,False,0.1649484536082475
MYELOID,Vieira_Teichmann_2019_Dropseq_3,0.2222222222222222,117,c624f243-f3c9-4a43-8d8e-f8a366f73cca,False,-0.5555555555555556
MYELOID,Vieira_Teichmann_2019_Dropseq_4,0.26666666666666666,15,c624f243-f3c9-4a43-8d8e-f8a366f73cca,False,-0.4666666666666667
MYELOID,Wu_Zhou_2021_P12,0.5833333333333334,168,c624f243-f3c9-4a43-8d8e-f8a366f73cca,False,0.16666666666666674
MYELOID,Wu_Zhou_2021_P13,0.44868035190615835,341,c624f243-f3c9-4a43-8d8e-f8a366f73cca,False,-0.1026392961876833
MYELOID,Wu_Zhou_2021_P16,0.5433070866141733,127,c624f243-f3c9-4a43-8d8e-f8a366f73cca,False,0.08661417322834652
MYELOID,Wu_Zhou_2021_P2,0.875,16,c624f243-f3c9-4a43-8d8e-f8a366f73cca,False,0.75
MYELOID,Wu_Zhou_2021_P20,0.75,12,c624f243-f3c9-4a43-8d8e-f8a366f73cca,False,0.5
MYELOID,Wu_Zhou_2021_P21,0.5625,48,c624f243-f3c9-4a43-8d8e-f8a366f73cca,False,0.125
MYELOID,Wu_Zhou_2021_P24,0.631578947368421,95,c624f243-f3c9-4a43-8d8e-f8a366f73cca,False,0.26315789473684204
MYELOID,Wu_Zhou_2021_P28,0.576271186440678,944,c624f243-f3c9-4a43-8d8e-f8a366f73cca,False,0.15254237288135597
MYELOID,Wu_Zhou_2021_P29,0.3157894736842105,95,c624f243-f3c9-4a43-8d8e-f8a366f73cca,False,-0.368421052631579
MYELOID,Wu_Zhou_2021_P32,0.5,66,c624f243-f3c9-4a43-8d8e-f8a366f73cca,False,0.0
MYELOID,Wu_Zhou_2021_P33,0.5806451612903226,31,c624f243-f3c9-4a43-8d8e-f8a366f73cca,False,0.16129032258064524
MYELOID,Wu_Zhou_2021_P34,0.5230263157894737,304,c624f243-f3c9-4a43-8d8e-f8a366f73cca,False,0.046052631578947345
MYELOID,Wu_Zhou_2021_P35,0.5681818181818182,132,c624f243-f3c9-4a43-8d8e-f8a366f73cca,False,0.13636363636363646
MYELOID,Wu_Zhou_2021_P38,0.5969125214408233,583,c624f243-f3c9-4a43-8d8e-f8a366f73cca,False,0.1938250428816466
MYELOID,Wu_Zhou_2021_P39,0.6008902077151336,674,c624f243-f3c9-4a43-8d8e-f8a366f73cca,False,0.20178041543026715
MYELOID,Wu_Zhou_2021_P5,0.7867647058823529,544,c624f243-f3c9-4a43-8d8e-f8a366f73cca,False,0.5735294117647058
MYELOID,Wu_Zhou_2021_P8,0.42093023255813955,430,c624f243-f3c9-4a43-8d8e-f8a366f73cca,False,-0.1581395348837209
MYELOID,Wu_Zhou_2021_P9,0.7663934426229508,244,c624f243-f3c9-4a43-8d8e-f8a366f73cca,False,0.5327868852459017
MYELOID,Zilionis_Klein_2019_patient_3,0.3986175115207373,868,c624f243-f3c9-4a43-8d8e-f8a366f73cca,False,-0.20276497695852536
MYELOID,Zilionis_Klein_2019_patient_4,0.5662650602409639,498,c624f243-f3c9-4a43-8d8e-f8a366f73cca,False,0.1325301204819278
MYELOID,Zilionis_Klein_2019_patient_5,0.46926536731634183,667,c624f243-f3c9-4a43-8d8e-f8a366f73cca,False,-0.06146926536731634
MYELOID,Zilionis_Klein_2019_patient_6,0.39520958083832336,668,c624f243-f3c9-4a43-8d8e-f8a366f73cca,False,-0.20958083832335328
MYELOID,Zilionis_Klein_2019_patient_7,0.341545352743561,1786,c624f243-f3c9-4a43-8d8e-f8a366f73cca,False,-0.31690929451287797
MYELOID,b351804c-293e-4aeb-9c4c-043db67f4540,1.0,1,b351804c-293e-4aeb-9c4c-043db67f4540,False,1.0
MYELOID,homosapiens_None_2023_None_sikkemalisa_001_d10_1101_2022_03_10_4837472020-3173-NC002,0.6457142857142857,175,b351804c-293e-4aeb-9c4c-043db67f4540,False,0.29142857142857137
MYELOID,homosapiens_None_2023_None_sikkemalisa_001_d10_1101_2022_03_10_4837472020-3173-NC003,0.6124885215794307,1089,b351804c-293e-4aeb-9c4c-043db67f4540,False,0.22497704315886136
MYELOID,homosapiens_None_2023_None_sikkemalisa_001_d10_1101_2022_03_10_4837472020-3173-NC004,0.7142857142857143,133,b351804c-293e-4aeb-9c4c-043db67f4540,False,0.4285714285714286
MYELOID,homosapiens_None_2023_None_sikkemalisa_001_d10_1101_2022_03_10_4837472020-3173-NC005,0.6868686868686869,99,b351804c-293e-4aeb-9c4c-043db67f4540,False,0.3737373737373737
MYELOID,homosapiens_None_2023_None_sikkemalisa_001_d10_1101_2022_03_10_4837472020-3173-NC006,0.6666666666666666,27,b351804c-293e-4aeb-9c4c-043db67f4540,False,0.33333333333333326
MYELOID,homosapiens_None_2023_None_sikkemalisa_001_d10_1101_2022_03_10_4837472020-3173-NC007,0.7894736842105263,19,b351804c-293e-4aeb-9c4c-043db67f4540,False,0.5789473684210527
MYELOID,homosapiens_None_2023_None_sikkemalisa_001_d10_1101_2022_03_10_4837472020-3173-NC008,0.7755102040816326,49,b351804c-293e-4aeb-9c4c-043db67f4540,False,0.5510204081632653
MYELOID,homosapiens_None_2023_None_sikkemalisa_001_d10_1101_2022_03_10_483747284C,0.21052631578947367,133,b351804c-293e-4aeb-9c4c-043db67f4540,False,-0.5789473684210527
MYELOID,homosapiens_None_2023_None_sikkemalisa_001_d10_1101_2022_03_10_483747290B,0.32985658409387225,1534,b351804c-293e-4aeb-9c4c-043db67f4540,False,-0.3402868318122555
MYELOID,homosapiens_None_2023_None_sikkemalisa_001_d10_1101_2022_03_10_483747292B,0.26811594202898553,138,b351804c-293e-4aeb-9c4c-043db67f4540,False,-0.46376811594202894
MYELOID,homosapiens_None_2023_None_sikkemalisa_001_d10_1101_2022_03_10_483747296C,0.25532994923857866,1970,b351804c-293e-4aeb-9c4c-043db67f4540,False,-0.4893401015228427
MYELOID,homosapiens_None_2023_None_sikkemalisa_001_d10_1101_2022_03_10_483747298C,0.24109014675052412,1431,b351804c-293e-4aeb-9c4c-043db67f4540,False,-0.5178197064989518
MYELOID,homosapiens_None_2023_None_sikkemalisa_001_d10_1101_2022_03_10_483747302C,0.29648671808054844,2334,b351804c-293e-4aeb-9c4c-043db67f4540,False,-0.4070265638389031
MYELOID,homosapiens_None_2023_None_sikkemalisa_001_d10_1101_2022_03_10_483747356C,0.44271844660194176,2575,b351804c-293e-4aeb-9c4c-043db67f4540,False,-0.11456310679611648
MYELOID,homosapiens_None_2023_None_sikkemalisa_001_d10_1101_2022_03_10_483747368C,0.2109721661960468,2479,b351804c-293e-4aeb-9c4c-043db67f4540,False,-0.5780556676079064
MYELOID,homosapiens_None_2023_None_sikkemalisa_001_d10_1101_2022_03_10_483747390C,0.3843802112284603,3598,b351804c-293e-4aeb-9c4c-043db67f4540,False,-0.23123957754307944
MYELOID,homosapiens_None_2023_None_sikkemalisa_001_d10_1101_2022_03_10_483747D322,0.9615384615384616,26,b351804c-293e-4aeb-9c4c-043db67f4540,False,0.9230769230769231
MYELOID,homosapiens_None_2023_None_sikkemalisa_001_d10_1101_2022_03_10_483747D326,0.5192307692307693,260,b351804c-293e-4aeb-9c4c-043db67f4540,False,0.03846153846153855
MYELOID,homosapiens_None_2023_None_sikkemalisa_001_d10_1101_2022_03_10_483747D337,0.64,225,b351804c-293e-4aeb-9c4c-043db67f4540,False,0.28
MYELOID,homosapiens_None_2023_None_sikkemalisa_001_d10_1101_2022_03_10_483747D339,0.8974358974358975,39,b351804c-293e-4aeb-9c4c-043db67f4540,False,0.7948717948717949
MYELOID,homosapiens_None_2023_None_sikkemalisa_001_d10_1101_2022_03_10_483747D344,0.4847457627118644,295,b351804c-293e-4aeb-9c4c-043db67f4540,False,-0.03050847457627115
MYELOID,homosapiens_None_2023_None_sikkemalisa_001_d10_1101_2022_03_10_483747D353,0.5857461024498887,449,b351804c-293e-4aeb-9c4c-043db67f4540,False,0.17149220489977735
MYELOID,homosapiens_None_2023_None_sikkemalisa_001_d10_1101_2022_03_10_483747D354,0.7951807228915663,83,b351804c-293e-4aeb-9c4c-043db67f4540,False,0.5903614457831325
MYELOID,homosapiens_None_2023_None_sikkemalisa_001_d10_1101_2022_03_10_483747D363,0.5341426403641881,1318,b351804c-293e-4aeb-9c4c-043db67f4540,False,0.06828528072837625
MYELOID,homosapiens_None_2023_None_sikkemalisa_001_d10_1101_2022_03_10_483747D367,0.6020942408376964,191,b351804c-293e-4aeb-9c4c-043db67f4540,False,0.20418848167539272
MYELOID,homosapiens_None_2023_None_sikkemalisa_001_d10_1101_2022_03_10_483747D372,0.644,250,b351804c-293e-4aeb-9c4c-043db67f4540,False,0.28800000000000003
MYELOID,homosapiens_None_2023_None_sikkemalisa_001_d10_1101_2022_03_10_483747Donor_01,0.32775297619047616,2688,b351804c-293e-4aeb-9c4c-043db67f4540,False,-0.34449404761904767
MYELOID,homosapiens_None_2023_None_sikkemalisa_001_d10_1101_2022_03_10_483747Donor_02,0.3902053712480253,1266,b351804c-293e-4aeb-9c4c-043db67f4540,False,-0.21958925750394942
MYELOID,homosapiens_None_2023_None_sikkemalisa_001_d10_1101_2022_03_10_483747Donor_03,0.5721574344023324,2744,b351804c-293e-4aeb-9c4c-043db67f4540,False,0.1443148688046647
MYELOID,homosapiens_None_2023_None_sikkemalisa_001_d10_1101_2022_03_10_483747Donor_04,0.4983164983164983,1485,b351804c-293e-4aeb-9c4c-043db67f4540,False,-0.0033670033670033517
MYELOID,homosapiens_None_2023_None_sikkemalisa_001_d10_1101_2022_03_10_483747Donor_05,0.290580095795636,1879,b351804c-293e-4aeb-9c4c-043db67f4540,False,-0.41883980840872803
MYELOID,homosapiens_None_2023_None_sikkemalisa_001_d10_1101_2022_03_10_483747Donor_06,0.27970939283860924,1927,b351804c-293e-4aeb-9c4c-043db67f4540,False,-0.4405812143227815
MYELOID,homosapiens_None_2023_None_sikkemalisa_001_d10_1101_2022_03_10_483747Donor_07,0.35936030103480715,2126,b351804c-293e-4aeb-9c4c-043db67f4540,False,-0.2812793979303857
MYELOID,homosapiens_None_2023_None_sikkemalisa_001_d10_1101_2022_03_10_483747Donor_08,0.375,2104,b351804c-293e-4aeb-9c4c-043db67f4540,False,-0.25
MYELOID,homosapiens_None_2023_None_sikkemalisa_001_d10_1101_2022_03_10_483747GRO-01,0.8181818181818182,11,b351804c-293e-4aeb-9c4c-043db67f4540,False,0.6363636363636365
MYELOID,homosapiens_None_2023_None_sikkemalisa_001_d10_1101_2022_03_10_483747GRO-02,,0,b351804c-293e-4aeb-9c4c-043db67f4540,False,
MYELOID,homosapiens_None_2023_None_sikkemalisa_001_d10_1101_2022_03_10_483747GRO-03,0.5481798715203426,467,b351804c-293e-4aeb-9c4c-043db67f4540,False,0.09635974304068529
MYELOID,homosapiens_None_2023_None_sikkemalisa_001_d10_1101_2022_03_10_483747GRO-04,0.7291139240506329,395,b351804c-293e-4aeb-9c4c-043db67f4540,False,0.4582278481012658
MYELOID,homosapiens_None_2023_None_sikkemalisa_001_d10_1101_2022_03_10_483747GRO-06,0.757085020242915,247,b351804c-293e-4aeb-9c4c-043db67f4540,False,0.51417004048583
MYELOID,homosapiens_None_2023_None_sikkemalisa_001_d10_1101_2022_03_10_483747GRO-07,0.6434108527131783,129,b351804c-293e-4aeb-9c4c-043db67f4540,False,0.28682170542635665
MYELOID,homosapiens_None_2023_None_sikkemalisa_001_d10_1101_2022_03_10_483747GRO-08,0.7090909090909091,110,b351804c-293e-4aeb-9c4c-043db67f4540,False,0.4181818181818182
MYELOID,homosapiens_None_2023_None_sikkemalisa_001_d10_1101_2022_03_10_483747GRO-09,0.5750724637681159,1725,b351804c-293e-4aeb-9c4c-043db67f4540,False,0.15014492753623188
MYELOID,homosapiens_None_2023_None_sikkemalisa_001_d10_1101_2022_03_10_483747GRO-10,0.5585215605749486,487,b351804c-293e-4aeb-9c4c-043db67f4540,False,0.11704312114989723
MYELOID,homosapiens_None_2023_None_sikkemalisa_001_d10_1101_2022_03_10_483747GRO-11,0.7816091954022989,87,b351804c-293e-4aeb-9c4c-043db67f4540,False,0.5632183908045978
MYELOID,homosapiens_None_2023_None_sikkemalisa_001_d10_1101_2022_03_10_483747NU_CZI01,0.4630424415832141,6291,b351804c-293e-4aeb-9c4c-043db67f4540,False,-0.07391511683357177
MYELOID,homosapiens_None_2023_None_sikkemalisa_001_d10_1101_2022_03_10_483747NU_CZI02,0.40897350441593067,24004,b351804c-293e-4aeb-9c4c-043db67f4540,False,-0.18205299116813867
MYELOID,homosapiens_None_2023_None_sikkemalisa_001_d10_1101_2022_03_10_483747T101,,0,b351804c-293e-4aeb-9c4c-043db67f4540,False,
MYELOID,homosapiens_None_2023_None_sikkemalisa_001_d10_1101_2022_03_10_483747T120,,0,b351804c-293e-4aeb-9c4c-043db67f4540,False,
MYELOID,homosapiens_None_2023_None_sikkemalisa_001_d10_1101_2022_03_10_483747T121,,0,b351804c-293e-4aeb-9c4c-043db67f4540,False,
MYELOID,homosapiens_None_2023_None_sikkemalisa_001_d10_1101_2022_03_10_483747T126,,0,b351804c-293e-4aeb-9c4c-043db67f4540,False,
MYELOID,homosapiens_None_2023_None_sikkemalisa_001_d10_1101_2022_03_10_483747T137,,0,b351804c-293e-4aeb-9c4c-043db67f4540,False,
MYELOID,homosapiens_None_2023_None_sikkemalisa_001_d10_1101_2022_03_10_483747T153,,0,b351804c-293e-4aeb-9c4c-043db67f4540,False,
MYELOID,homosapiens_None_2023_None_sikkemalisa_001_d10_1101_2022_03_10_483747T154,,0,b351804c-293e-4aeb-9c4c-043db67f4540,False,
MYELOID,homosapiens_None_2023_None_sikkemalisa_001_d10_1101_2022_03_10_483747T164,,0,b351804c-293e-4aeb-9c4c-043db67f4540,False,
MYELOID,homosapiens_None_2023_None_sikkemalisa_001_d10_1101_2022_03_10_483747T165,,0,b351804c-293e-4aeb-9c4c-043db67f4540,False,
MYELOID,homosapiens_None_2023_None_sikkemalisa_001_d10_1101_2022_03_10_483747T166,,0,b351804c-293e-4aeb-9c4c-043db67f4540,False,
MYELOID,homosapiens_None_2023_None_sikkemalisa_001_d10_1101_2022_03_10_483747T167,,0,b351804c-293e-4aeb-9c4c-043db67f4540,False,
MYELOID,homosapiens_None_2023_None_sikkemalisa_001_d10_1101_2022_03_10_483747T85,,0,b351804c-293e-4aeb-9c4c-043db67f4540,False,
MYELOID,homosapiens_None_2023_None_sikkemalisa_001_d10_1101_2022_03_10_483747T89,,0,b351804c-293e-4aeb-9c4c-043db67f4540,False,
MYELOID,homosapiens_None_2023_None_sikkemalisa_001_d10_1101_2022_03_10_483747T90,,0,b351804c-293e-4aeb-9c4c-043db67f4540,False,
MYELOID,homosapiens_None_2023_None_sikkemalisa_001_d10_1101_2022_03_10_483747THD0001,0.39507389162561574,1015,b351804c-293e-4aeb-9c4c-043db67f4540,False,-0.20985221674876853
MYELOID,homosapiens_None_2023_None_sikkemalisa_001_d10_1101_2022_03_10_483747THD0005,0.26192196531791906,2768,b351804c-293e-4aeb-9c4c-043db67f4540,False,-0.4761560693641619
MYELOID,homosapiens_None_2023_None_sikkemalisa_001_d10_1101_2022_03_10_483747THD0006,0.42984014209591476,1126,b351804c-293e-4aeb-9c4c-043db67f4540,False,-0.1403197158081705
MYELOID,homosapiens_None_2023_None_sikkemalisa_001_d10_1101_2022_03_10_483747THD0007,0.3364345738295318,3332,b351804c-293e-4aeb-9c4c-043db67f4540,False,-0.3271308523409364
MYELOID,homosapiens_None_2023_None_sikkemalisa_001_d10_1101_2022_03_10_483747THD0008,0.3830525272547076,2018,b351804c-293e-4aeb-9c4c-043db67f4540,False,-0.23389494549058476
MYELOID,homosapiens_None_2023_None_sikkemalisa_001_d10_1101_2022_03_10_483747THD0009,0.37868852459016394,1220,b351804c-293e-4aeb-9c4c-043db67f4540,False,-0.2426229508196721
MYELOID,homosapiens_None_2023_None_sikkemalisa_001_d10_1101_2022_03_10_483747THD0010,0.4666666666666667,495,b351804c-293e-4aeb-9c4c-043db67f4540,False,-0.06666666666666665
MYELOID,homosapiens_None_2023_None_sikkemalisa_001_d10_1101_2022_03_10_483747THD0012,0.3970149253731343,670,b351804c-293e-4aeb-9c4c-043db67f4540,False,-0.20597014925373136
MYELOID,homosapiens_None_2023_None_sikkemalisa_001_d10_1101_2022_03_10_483747THD0014,0.2661290322580645,744,b351804c-293e-4aeb-9c4c-043db67f4540,False,-0.467741935483871
MYELOID,homosapiens_None_2023_None_sikkemalisa_001_d10_1101_2022_03_10_483747THD0015,0.39924242424242423,1320,b351804c-293e-4aeb-9c4c-043db67f4540,False,-0.20151515151515154
MYELOID,homosapiens_None_2023_None_sikkemalisa_001_d10_1101_2022_03_10_483747THD0017,0.5196850393700787,889,b351804c-293e-4aeb-9c4c-043db67f4540,False,0.03937007874015741
MYELOID,homosapiens_None_2023_None_sikkemalisa_001_d10_1101_2022_03_10_483747THD0019,0.45514079895219384,1527,b351804c-293e-4aeb-9c4c-043db67f4540,False,-0.08971840209561233
MYELOID,homosapiens_None_2023_None_sikkemalisa_001_d10_1101_2022_03_10_483747THD0020,0.5165289256198347,726,b351804c-293e-4aeb-9c4c-043db67f4540,False,0.03305785123966931
MYELOID,homosapiens_None_2023_None_sikkemalisa_001_d10_1101_2022_03_10_483747VUHD071,0.6130326772405885,5233,b351804c-293e-4aeb-9c4c-043db67f4540,False,0.22606535448117704
MYELOID,homosapiens_None_2023_None_sikkemalisa_001_d10_1101_2022_03_10_483747VUHD072,0.46445497630331756,211,b351804c-293e-4aeb-9c4c-043db67f4540,False,-0.07109004739336489
MYELOID,homosapiens_None_2023_None_sikkemalisa_001_d10_1101_2022_03_10_483747VUHD073,0.5245901639344263,61,b351804c-293e-4aeb-9c4c-043db67f4540,False,0.049180327868852514
MYELOID,homosapiens_None_2023_None_sikkemalisa_001_d10_1101_2022_03_10_483747VUHD076,0.6,15,b351804c-293e-4aeb-9c4c-043db67f4540,False,0.19999999999999996
MYELOID,homosapiens_None_2023_None_sikkemalisa_001_d10_1101_2022_03_10_483747VUHD077,0.336996336996337,273,b351804c-293e-4aeb-9c4c-043db67f4540,False,-0.32600732600732596
MYELOID,homosapiens_None_2023_None_sikkemalisa_001_d10_1101_2022_03_10_483747VUHD078,0.46153846153846156,247,b351804c-293e-4aeb-9c4c-043db67f4540,False,-0.07692307692307687
MYELOID,homosapiens_None_2023_None_sikkemalisa_001_d10_1101_2022_03_10_483747VUHD080,0.5625,144,b351804c-293e-4aeb-9c4c-043db67f4540,False,0.125
MYELOID,homosapiens_None_2023_None_sikkemalisa_001_d10_1101_2022_03_10_483747VUHD101,0.48104575163398694,765,b351804c-293e-4aeb-9c4c-043db67f4540,False,-0.03790849673202612
MYELOID,homosapiens_None_2023_None_sikkemalisa_001_d10_1101_2022_03_10_483747VUHD103,0.5540044085231447,2722,b351804c-293e-4aeb-9c4c-043db67f4540,False,0.1080088170462894
MYELOID,homosapiens_None_2023_None_sikkemalisa_001_d10_1101_2022_03_10_483747VUHD104,0.5100965759438104,1139,b351804c-293e-4aeb-9c4c-043db67f4540,False,0.02019315188762083
MYELOID,homosapiens_None_2023_None_sikkemalisa_001_d10_1101_2022_03_10_483747VUHD105,0.7777777777777778,36,b351804c-293e-4aeb-9c4c-043db67f4540,False,0.5555555555555556
MYELOID,homosapiens_None_2023_None_sikkemalisa_001_d10_1101_2022_03_10_483747VUHD106,0.8621686746987952,2075,b351804c-293e-4aeb-9c4c-043db67f4540,False,0.7243373493975904
MYELOID,homosapiens_None_2023_None_sikkemalisa_001_d10_1101_2022_03_10_483747VUHD107,0.4079601990049751,201,b351804c-293e-4aeb-9c4c-043db67f4540,False,-0.1840796019900498
MYELOID,homosapiens_None_2023_None_sikkemalisa_001_d10_1101_2022_03_10_483747VUHD66,0.5348189415041783,359,b351804c-293e-4aeb-9c4c-043db67f4540,False,0.0696378830083566
MYELOID,homosapiens_None_2023_None_sikkemalisa_001_d10_1101_2022_03_10_483747VUHD67,0.5265427108596066,3711,b351804c-293e-4aeb-9c4c-043db67f4540,False,0.053085421719213155
MYELOID,homosapiens_None_2023_None_sikkemalisa_001_d10_1101_2022_03_10_483747VUHD68,0.2570165321030373,5202,b351804c-293e-4aeb-9c4c-043db67f4540,False,-0.48596693579392536
MYELOID,homosapiens_None_2023_None_sikkemalisa_001_d10_1101_2022_03_10_483747VUHD69,0.3805970149253731,134,b351804c-293e-4aeb-9c4c-043db67f4540,False,-0.23880597014925375
MYELOID,homosapiens_None_2023_None_sikkemalisa_001_d10_1101_2022_03_10_483747VUHD70,0.6283987915407855,662,b351804c-293e-4aeb-9c4c-043db67f4540,False,0.25679758308157097
MYELOID,homosapiens_None_2023_None_sikkemalisa_001_d10_1101_2022_03_10_483747VUHD84,0.593313373253493,2004,b351804c-293e-4aeb-9c4c-043db67f4540,False,0.18662674650698596
MYELOID,homosapiens_None_2023_None_sikkemalisa_001_d10_1101_2022_03_10_483747VUHD85,0.4732142857142857,224,b351804c-293e-4aeb-9c4c-043db67f4540,False,-0.0535714285714286
MYELOID,homosapiens_None_2023_None_sikkemalisa_001_d10_1101_2022_03_10_483747VUHD87,,0,b351804c-293e-4aeb-9c4c-043db67f4540,False,
MYELOID,homosapiens_None_2023_None_sikkemalisa_001_d10_1101_2022_03_10_483747VUHD92,0.5060975609756098,328,b351804c-293e-4aeb-9c4c-043db67f4540,False,0.012195121951219523
MYELOID,homosapiens_None_2023_None_sikkemalisa_001_d10_1101_2022_03_10_483747VUHD94,0.46615905245346867,1182,b351804c-293e-4aeb-9c4c-043db67f4540,False,-0.06768189509306266
MYELOID,homosapiens_None_2023_None_sikkemalisa_001_d10_1101_2022_03_10_483747VUHD95,0.442809364548495,1495,b351804c-293e-4aeb-9c4c-043db67f4540,False,-0.11438127090300998
MYELOID,homosapiens_None_2023_None_sikkemalisa_001_d10_1101_2022_03_10_483747VUHD98,0.3829268292682927,410,b351804c-293e-4aeb-9c4c-043db67f4540,False,-0.23414634146341462
MYELOID,homosapiens_None_2023_None_sikkemalisa_001_d10_1101_2022_03_10_483747donor 1,0.3103448275862069,3770,b351804c-293e-4aeb-9c4c-043db67f4540,False,-0.3793103448275862
MYELOID,homosapiens_None_2023_None_sikkemalisa_001_d10_1101_2022_03_10_483747donor 2,0.6358134567461731,8427,b351804c-293e-4aeb-9c4c-043db67f4540,False,0.27162691349234613
MYELOID,homosapiens_None_2023_None_sikkemalisa_001_d10_1101_2022_03_10_483747donor 3,0.4214081579631073,7698,b351804c-293e-4aeb-9c4c-043db67f4540,False,-0.15718368407378536
MYELOID,homosapiens_None_2023_None_sikkemalisa_001_d10_1101_2022_03_10_483747lafy_donor_1,0.5552147239263804,326,b351804c-293e-4aeb-9c4c-043db67f4540,False,0.11042944785276076
MYELOID,homosapiens_None_2023_None_sikkemalisa_001_d10_1101_2022_03_10_483747lafy_donor_2,0.6022628372497825,1149,b351804c-293e-4aeb-9c4c-043db67f4540,False,0.20452567449956494
MYELOID,homosapiens_None_2023_None_sikkemalisa_001_d10_1101_2022_03_10_483747lafy_donor_3,0.29623059866962304,2255,b351804c-293e-4aeb-9c4c-043db67f4540,False,-0.40753880266075393
MYELOID,homosapiens_None_2023_None_sikkemalisa_001_d10_1101_2022_03_10_483747lafy_donor_4,0.3123123123123123,1332,b351804c-293e-4aeb-9c4c-043db67f4540,False,-0.37537537537537535
MYELOID,homosapiens_None_2023_None_sikkemalisa_001_d10_1101_2022_03_10_483747lafy_donor_5,0.3861629048086359,2038,b351804c-293e-4aeb-9c4c-043db67f4540,False,-0.22767419038272818
MYELOID,homosapiens_None_2023_None_sikkemalisa_001_d10_1101_2022_03_10_483747lafy_donor_6,0.47407255585160896,4879,b351804c-293e-4aeb-9c4c-043db67f4540,False,-0.05185488829678209
LYMPHOID,Adams_Kaminski_2020_001C,0.3644067796610169,118,c624f243-f3c9-4a43-8d8e-f8a366f73cca,False,-0.27118644067796616
LYMPHOID,Adams_Kaminski_2020_002C,0.2,50,c624f243-f3c9-4a43-8d8e-f8a366f73cca,False,-0.6
LYMPHOID,Adams_Kaminski_2020_003C,0.15165876777251186,422,c624f243-f3c9-4a43-8d8e-f8a366f73cca,False,-0.6966824644549763
LYMPHOID,Adams_Kaminski_2020_034C,0.09090909090909091,55,c624f243-f3c9-4a43-8d8e-f8a366f73cca,False,-0.8181818181818181
LYMPHOID,Adams_Kaminski_2020_065C,0.14893617021276595,47,c624f243-f3c9-4a43-8d8e-f8a366f73cca,False,-0.7021276595744681
LYMPHOID,Adams_Kaminski_2020_081C,0.6,5,c624f243-f3c9-4a43-8d8e-f8a366f73cca,False,0.19999999999999996
LYMPHOID,Adams_Kaminski_2020_084C,0.058823529411764705,17,c624f243-f3c9-4a43-8d8e-f8a366f73cca,False,-0.8823529411764706
LYMPHOID,Adams_Kaminski_2020_092C,0.3333333333333333,93,c624f243-f3c9-4a43-8d8e-f8a366f73cca,False,-0.33333333333333337
LYMPHOID,Adams_Kaminski_2020_098C,0.1996476805637111,1703,c624f243-f3c9-4a43-8d8e-f8a366f73cca,False,-0.6007046388725779
LYMPHOID,Adams_Kaminski_2020_133C,0.181640625,512,c624f243-f3c9-4a43-8d8e-f8a366f73cca,False,-0.63671875
LYMPHOID,Adams_Kaminski_2020_1372C,0.04716981132075472,212,c624f243-f3c9-4a43-8d8e-f8a366f73cca,False,-0.9056603773584906
LYMPHOID,Adams_Kaminski_2020_137C,0.0718232044198895,181,c624f243-f3c9-4a43-8d8e-f8a366f73cca,False,-0.856353591160221
LYMPHOID,Adams_Kaminski_2020_160C,0.2242152466367713,223,c624f243-f3c9-4a43-8d8e-f8a366f73cca,False,-0.5515695067264574
LYMPHOID,Adams_Kaminski_2020_192C,0.13011152416356878,269,c624f243-f3c9-4a43-8d8e-f8a366f73cca,False,-0.7397769516728625
LYMPHOID,Adams_Kaminski_2020_208C,0.125,88,c624f243-f3c9-4a43-8d8e-f8a366f73cca,False,-0.75
LYMPHOID,Adams_Kaminski_2020_218C,0.19288389513108614,534,c624f243-f3c9-4a43-8d8e-f8a366f73cca,False,-0.6142322097378277
LYMPHOID,Adams_Kaminski_2020_222C,0.12162937464142283,1743,c624f243-f3c9-4a43-8d8e-f8a366f73cca,False,-0.7567412507171544
LYMPHOID,Adams_Kaminski_2020_226C,0.12690355329949238,788,c624f243-f3c9-4a43-8d8e-f8a366f73cca,False,-0.7461928934010152
LYMPHOID,Adams_Kaminski_2020_244C,0.20833333333333334,24,c624f243-f3c9-4a43-8d8e-f8a366f73cca,False,-0.5833333333333333
LYMPHOID,Adams_Kaminski_2020_253C,0.22093023255813954,86,c624f243-f3c9-4a43-8d8e-f8a366f73cca,False,-0.5581395348837209
LYMPHOID,Adams_Kaminski_2020_296C,0.09803921568627451,153,c624f243-f3c9-4a43-8d8e-f8a366f73cca,False,-0.803921568627451
LYMPHOID,Adams_Kaminski_2020_388C,0.12857142857142856,140,c624f243-f3c9-4a43-8d8e-f8a366f73cca,False,-0.7428571428571429
LYMPHOID,Adams_Kaminski_2020_396C,0.2,5,c624f243-f3c9-4a43-8d8e-f8a366f73cca,False,-0.6
LYMPHOID,Adams_Kaminski_2020_439C,0.15401621223286663,1357,c624f243-f3c9-4a43-8d8e-f8a366f73cca,False,-0.6919675755342667
LYMPHOID,Adams_Kaminski_2020_454C,0.24087591240875914,137,c624f243-f3c9-4a43-8d8e-f8a366f73cca,False,-0.5182481751824817
LYMPHOID,Adams_Kaminski_2020_465C,0.14407582938388624,1055,c624f243-f3c9-4a43-8d8e-f8a366f73cca,False,-0.7118483412322275
LYMPHOID,Adams_Kaminski_2020_483C,0.13636363636363635,44,c624f243-f3c9-4a43-8d8e-f8a366f73cca,False,-0.7272727272727273
LYMPHOID,Adams_Kaminski_2020_484C,0.08940397350993377,302,c624f243-f3c9-4a43-8d8e-f8a366f73cca,False,-0.8211920529801324
LYMPHOID,Goveia_Carmeliet_2020_patient_45,0.6388888888888888,216,c624f243-f3c9-4a43-8d8e-f8a366f73cca,False,0.2777777777777777
LYMPHOID,Goveia_Carmeliet_2020_patient_46,0.8770053475935828,374,c624f243-f3c9-4a43-8d8e-f8a366f73cca,False,0.7540106951871657
LYMPHOID,Goveia_Carmeliet_2020_patient_50,0.6149584487534626,361,c624f243-f3c9-4a43-8d8e-f8a366f73cca,False,0.22991689750692523
LYMPHOID,Guo_Zhang_2018_P0616A,0.8807692307692307,520,c624f243-f3c9-4a43-8d8e-f8a366f73cca,False,0.7615384615384615
LYMPHOID,Guo_Zhang_2018_P0616P,0.9285714285714286,210,c624f243-f3c9-4a43-8d8e-f8a366f73cca,False,0.8571428571428572
LYMPHOID,Guo_Zhang_2018_P0617,0.9387019230769231,832,c624f243-f3c9-4a43-8d8e-f8a366f73cca,False,0.8774038461538463
LYMPHOID,Guo_Zhang_2018_P0729,0.9733333333333334,525,c624f243-f3c9-4a43-8d8e-f8a366f73cca,False,0.9466666666666668
LYMPHOID,Guo_Zhang_2018_P1010,0.8964539007092198,705,c624f243-f3c9-4a43-8d8e-f8a366f73cca,False,0.7929078014184396
LYMPHOID,Guo_Zhang_2018_P1118,0.9254457050243112,617,c624f243-f3c9-4a43-8d8e-f8a366f73cca,False,0.8508914100486225
LYMPHOID,Guo_Zhang_2018_P1120,0.973718791064389,761,c624f243-f3c9-4a43-8d8e-f8a366f73cca,False,0.9474375821287779
LYMPHOID,Guo_Zhang_2018_P1202,0.8804483188044832,803,c624f243-f3c9-4a43-8d8e-f8a366f73cca,False,0.7608966376089663
LYMPHOID,Guo_Zhang_2018_P1208,0.7033492822966507,209,c624f243-f3c9-4a43-8d8e-f8a366f73cca,False,0.40669856459330145
LYMPHOID,Guo_Zhang_2018_P1219,0.748898678414097,227,c624f243-f3c9-4a43-8d8e-f8a366f73cca,False,0.4977973568281939
LYMPHOID,Habermann_Kropski_2020_THD0001,0.6538461538461539,52,c624f243-f3c9-4a43-8d8e-f8a366f73cca,False,0.3076923076923077
LYMPHOID,Habermann_Kropski_2020_THD0002,0.8888888888888888,9,c624f243-f3c9-4a43-8d8e-f8a366f73cca,False,0.7777777777777777
LYMPHOID,Habermann_Kropski_2020_THD0005,0.7072072072072072,444,c624f243-f3c9-4a43-8d8e-f8a366f73cca,False,0.4144144144144144
LYMPHOID,Habermann_Kropski_2020_VUHD071,0.9108910891089109,909,c624f243-f3c9-4a43-8d8e-f8a366f73cca,False,0.8217821782178218
LYMPHOID,Habermann_Kropski_2020_VUHD65,0.7815126050420168,238,c624f243-f3c9-4a43-8d8e-f8a366f73cca,False,0.5630252100840336
LYMPHOID,Habermann_Kropski_2020_VUHD66,0.7270955165692008,513,c624f243-f3c9-4a43-8d8e-f8a366f73cca,False,0.4541910331384016
LYMPHOID,Habermann_Kropski_2020_VUHD67,0.8449483161053685,2999,c624f243-f3c9-4a43-8d8e-f8a366f73cca,False,0.6898966322107369
LYMPHOID,Habermann_Kropski_2020_VUHD68,0.70703125,256,c624f243-f3c9-4a43-8d8e-f8a366f73cca,False,0.4140625
LYMPHOID,Habermann_Kropski_2020_VUHD69,0.7661971830985915,355,c624f243-f3c9-4a43-8d8e-f8a366f73cca,False,0.532394366197183
LYMPHOID,Habermann_Kropski_2020_VUHD70,0.7446808510638298,94,c624f243-f3c9-4a43-8d8e-f8a366f73cca,False,0.4893617021276595
LYMPHOID,He_Fan_2021_P1,0.9154095856406339,5237,c624f243-f3c9-4a43-8d8e-f8a366f73cca,False,0.8308191712812678
LYMPHOID,He_Fan_2021_P2,0.9181329067907518,6877,c624f243-f3c9-4a43-8d8e-f8a366f73cca,False,0.8362658135815035
LYMPHOID,He_Fan_2021_P3,0.9264849074975657,4108,c624f243-f3c9-4a43-8d8e-f8a366f73cca,False,0.8529698149951315
LYMPHOID,He_Fan_2021_P4,0.96929592376919,3778,c624f243-f3c9-4a43-8d8e-f8a366f73cca,False,0.9385918475383801
LYMPHOID,He_Fan_2021_P5,0.9553048845376184,9397,c624f243-f3c9-4a43-8d8e-f8a366f73cca,False,0.9106097690752368
LYMPHOID,Kim_Lee_2020_P0001,0.696923076923077,1300,c624f243-f3c9-4a43-8d8e-f8a366f73cca,False,0.39384615384615396
LYMPHOID,Kim_Lee_2020_P0006,0.6578616352201258,3180,c624f243-f3c9-4a43-8d8e-f8a366f73cca,False,0.3157232704402515
LYMPHOID,Kim_Lee_2020_P0008,0.6710090004737091,4222,c624f243-f3c9-4a43-8d8e-f8a366f73cca,False,0.3420180009474183
LYMPHOID,Kim_Lee_2020_P0009,0.7236697247706422,2725,c624f243-f3c9-4a43-8d8e-f8a366f73cca,False,0.44733944954128435
LYMPHOID,Kim_Lee_2020_P0018,0.7384772960054626,2929,c624f243-f3c9-4a43-8d8e-f8a366f73cca,False,0.47695459201092527
LYMPHOID,Kim_Lee_2020_P0019,0.725567881669308,3786,c624f243-f3c9-4a43-8d8e-f8a366f73cca,False,0.45113576333861594
LYMPHOID,Kim_Lee_2020_P0020,0.6970550576184379,3905,c624f243-f3c9-4a43-8d8e-f8a366f73cca,False,0.3941101152368758
LYMPHOID,Kim_Lee_2020_P0025,0.7397307559544356,2897,c624f243-f3c9-4a43-8d8e-f8a366f73cca,False,0.4794615119088712
LYMPHOID,Kim_Lee_2020_P0028,0.7486604968339016,4106,c624f243-f3c9-4a43-8d8e-f8a366f73cca,False,0.49732099366780314
LYMPHOID,Kim_Lee_2020_P0030,0.5947200464171744,3447,c624f243-f3c9-4a43-8d8e-f8a366f73cca,False,0.1894400928343487
LYMPHOID,Kim_Lee_2020_P0031,0.69592741084617,4739,c624f243-f3c9-4a43-8d8e-f8a366f73cca,False,0.3918548216923401
LYMPHOID,Kim_Lee_2020_P0034,0.6371940080379979,2737,c624f243-f3c9-4a43-8d8e-f8a366f73cca,False,0.2743880160759957
LYMPHOID,Kim_Lee_2020_P1006,0.918448883666275,4255,c624f243-f3c9-4a43-8d8e-f8a366f73cca,False,0.83689776733255
LYMPHOID,Kim_Lee_2020_P1010,0.888360291785601,3153,c624f243-f3c9-4a43-8d8e-f8a366f73cca,False,0.7767205835712021
LYMPHOID,Kim_Lee_2020_P1011,0.8470466855816353,3877,c624f243-f3c9-4a43-8d8e-f8a366f73cca,False,0.6940933711632706
LYMPHOID,Kim_Lee_2020_P1012,0.8971844353052831,3161,c624f243-f3c9-4a43-8d8e-f8a366f73cca,False,0.7943688706105663
LYMPHOID,Kim_Lee_2020_P1013,0.9345119139123751,6505,c624f243-f3c9-4a43-8d8e-f8a366f73cca,False,0.8690238278247502
LYMPHOID,Kim_Lee_2020_P1015,0.8318965517241379,464,c624f243-f3c9-4a43-8d8e-f8a366f73cca,False,0.6637931034482758
LYMPHOID,Kim_Lee_2020_P1019,0.8311965811965812,1404,c624f243-f3c9-4a43-8d8e-f8a366f73cca,False,0.6623931623931625
LYMPHOID,Kim_Lee_2020_P1028,0.774468085106383,235,c624f243-f3c9-4a43-8d8e-f8a366f73cca,False,0.548936170212766
LYMPHOID,Kim_Lee_2020_P1049,0.6955484896661367,1258,c624f243-f3c9-4a43-8d8e-f8a366f73cca,False,0.3910969793322734
LYMPHOID,Kim_Lee_2020_P1051,0.7668609492089925,1201,c624f243-f3c9-4a43-8d8e-f8a366f73cca,False,0.533721898417985
LYMPHOID,Kim_Lee_2020_P1058,0.6794468887492143,1591,c624f243-f3c9-4a43-8d8e-f8a366f73cca,False,0.35889377749842866
LYMPHOID,Kim_Lee_2020_P1064,0.8498831775700935,3424,c624f243-f3c9-4a43-8d8e-f8a366f73cca,False,0.6997663551401869
LYMPHOID,Kim_Lee_2020_P2001,0.8324607329842932,3056,c624f243-f3c9-4a43-8d8e-f8a366f73cca,False,0.6649214659685865
LYMPHOID,Kim_Lee_2020_P2002,0.7651807651807652,2849,c624f243-f3c9-4a43-8d8e-f8a366f73cca,False,0.5303615303615303
LYMPHOID,Kim_Lee_2020_P2003,0.8323787705231004,2619,c624f243-f3c9-4a43-8d8e-f8a366f73cca,False,0.6647575410462008
LYMPHOID,Kim_Lee_2020_P2004,0.7586080586080586,2730,c624f243-f3c9-4a43-8d8e-f8a366f73cca,False,0.5172161172161172
LYMPHOID,Kim_Lee_2020_P2005,0.9265774378585087,2615,c624f243-f3c9-4a43-8d8e-f8a366f73cca,False,0.8531548757170173
LYMPHOID,Kim_Lee_2020_P2006,0.752550056667926,2647,c624f243-f3c9-4a43-8d8e-f8a366f73cca,False,0.5051001133358519
LYMPHOID,Kim_Lee_2020_P2007,0.7864606007836308,4594,c624f243-f3c9-4a43-8d8e-f8a366f73cca,False,0.5729212015672616
LYMPHOID,Kim_Lee_2020_P2008,0.8750998668442077,3755,c624f243-f3c9-4a43-8d8e-f8a366f73cca,False,0.7501997336884154
LYMPHOID,Kim_Lee_2020_P2011,0.8763060330299967,2967,c624f243-f3c9-4a43-8d8e-f8a366f73cca,False,0.7526120660599933
LYMPHOID,Kim_Lee_2020_P2012,0.8014705882352942,3672,c624f243-f3c9-4a43-8d8e-f8a366f73cca,False,0.6029411764705883
LYMPHOID,Kim_Lee_2020_P3002,0.7110894941634242,1028,c624f243-f3c9-4a43-8d8e-f8a366f73cca,False,0.4221789883268483
LYMPHOID,Kim_Lee_2020_P3003,0.6891891891891891,148,c624f243-f3c9-4a43-8d8e-f8a366f73cca,False,0.3783783783783783
LYMPHOID,Kim_Lee_2020_P3004,0.7580645161290323,124,c624f243-f3c9-4a43-8d8e-f8a366f73cca,False,0.5161290322580645
LYMPHOID,Kim_Lee_2020_P3006,0.7507692307692307,325,c624f243-f3c9-4a43-8d8e-f8a366f73cca,False,0.5015384615384615
LYMPHOID,Kim_Lee_2020_P3007,0.7932692307692307,208,c624f243-f3c9-4a43-8d8e-f8a366f73cca,False,0.5865384615384615
LYMPHOID,Kim_Lee_2020_P3012,0.75,24,c624f243-f3c9-4a43-8d8e-f8a366f73cca,False,0.5
LYMPHOID,Kim_Lee_2020_P3013,0.8989672204759767,2227,c624f243-f3c9-4a43-8d8e-f8a366f73cca,False,0.7979344409519533
LYMPHOID,Kim_Lee_2020_P3016,0.8471698113207548,530,c624f243-f3c9-4a43-8d8e-f8a366f73cca,False,0.6943396226415095
LYMPHOID,Kim_Lee_2020_P3017,0.8039647577092511,454,c624f243-f3c9-4a43-8d8e-f8a366f73cca,False,0.6079295154185023
LYMPHOID,Kim_Lee_2020_P3019,0.8401937046004843,413,c624f243-f3c9-4a43-8d8e-f8a366f73cca,False,0.6803874092009685
LYMPHOID,Lambrechts_Thienpont_2018_6149v2_3,0.8310960067969414,5885,c624f243-f3c9-4a43-8d8e-f8a366f73cca,False,0.6621920135938828
LYMPHOID,Lambrechts_Thienpont_2018_6149v2_4,0.907858782380588,9149,c624f243-f3c9-4a43-8d8e-f8a366f73cca,False,0.8157175647611761
LYMPHOID,Lambrechts_Thienpont_2018_6653_6,0.7426003069502302,4561,c624f243-f3c9-4a43-8d8e-f8a366f73cca,False,0.4852006139004603
LYMPHOID,Laughney_Massague_2020_LX255B,0.8333333333333334,12,c624f243-f3c9-4a43-8d8e-f8a366f73cca,False,0.6666666666666667
LYMPHOID,Laughney_Massague_2020_LX653,0.5714285714285714,14,c624f243-f3c9-4a43-8d8e-f8a366f73cca,False,0.1428571428571428
LYMPHOID,Laughney_Massague_2020_LX661,0.7071823204419889,2715,c624f243-f3c9-4a43-8d8e-f8a366f73cca,False,0.41436464088397784
LYMPHOID,Laughney_Massague_2020_LX666,0.8099173553719008,121,c624f243-f3c9-4a43-8d8e-f8a366f73cca,False,0.6198347107438016
LYMPHOID,Laughney_Massague_2020_LX675,0.6638297872340425,1880,c624f243-f3c9-4a43-8d8e-f8a366f73cca,False,0.327659574468085
LYMPHOID,Laughney_Massague_2020_LX676,0.6679418515684774,2614,c624f243-f3c9-4a43-8d8e-f8a366f73cca,False,0.3358837031369548
LYMPHOID,Laughney_Massague_2020_LX679,0.8823529411764706,68,c624f243-f3c9-4a43-8d8e-f8a366f73cca,False,0.7647058823529411
LYMPHOID,Laughney_Massague_2020_LX680,0.8385650224215246,223,c624f243-f3c9-4a43-8d8e-f8a366f73cca,False,0.6771300448430493
LYMPHOID,Laughney_Massague_2020_LX681,0.647887323943662,71,c624f243-f3c9-4a43-8d8e-f8a366f73cca,False,0.295774647887324
LYMPHOID,Laughney_Massague_2020_LX682,0.6943065693430657,3425,c624f243-f3c9-4a43-8d8e-f8a366f73cca,False,0.38861313868613134
LYMPHOID,Laughney_Massague_2020_LX684,0.7836538461538461,1664,c624f243-f3c9-4a43-8d8e-f8a366f73cca,False,0.5673076923076923
LYMPHOID,Laughney_Massague_2020_LX685,0.7196796338672768,1748,c624f243-f3c9-4a43-8d8e-f8a366f73cca,False,0.4393592677345537
LYMPHOID,Laughney_Massague_2020_LX699,0.7620670073821693,1761,c624f243-f3c9-4a43-8d8e-f8a366f73cca,False,0.5241340147643385
LYMPHOID,Laughney_Massague_2020_LX701,0.9134199134199135,231,c624f243-f3c9-4a43-8d8e-f8a366f73cca,False,0.8268398268398269
LYMPHOID,Madissoon_Meyer_2020_343B,0.8643122676579925,2690,c624f243-f3c9-4a43-8d8e-f8a366f73cca,False,0.728624535315985
LYMPHOID,Madissoon_Meyer_2020_356C,0.7114711033274956,6852,c624f243-f3c9-4a43-8d8e-f8a366f73cca,False,0.42294220665499127
LYMPHOID,Madissoon_Meyer_2020_367C,0.6131204789224245,4009,c624f243-f3c9-4a43-8d8e-f8a366f73cca,False,0.226240957844849
LYMPHOID,Madissoon_Meyer_2020_368C,0.6004489337822672,1782,c624f243-f3c9-4a43-8d8e-f8a366f73cca,False,0.20089786756453432
LYMPHOID,Madissoon_Meyer_2020_390C,0.6573645724518729,6701,c624f243-f3c9-4a43-8d8e-f8a366f73cca,False,0.3147291449037457
LYMPHOID,Maier_Merad_2020_370,1.0,1,c624f243-f3c9-4a43-8d8e-f8a366f73cca,False,1.0
LYMPHOID,Maier_Merad_2020_371,1.0,1,c624f243-f3c9-4a43-8d8e-f8a366f73cca,False,1.0
LYMPHOID,Maier_Merad_2020_378,0.6666666666666666,3,c624f243-f3c9-4a43-8d8e-f8a366f73cca,False,0.33333333333333326
LYMPHOID,Maier_Merad_2020_393,,0,c624f243-f3c9-4a43-8d8e-f8a366f73cca,False,
LYMPHOID,Maier_Merad_2020_403,,0,c624f243-f3c9-4a43-8d8e-f8a366f73cca,False,
LYMPHOID,Maier_Merad_2020_406,,0,c624f243-f3c9-4a43-8d8e-f8a366f73cca,False,
LYMPHOID,Maier_Merad_2020_408,,0,c624f243-f3c9-4a43-8d8e-f8a366f73cca,False,
LYMPHOID,Maier_Merad_2020_410,1.0,1,c624f243-f3c9-4a43-8d8e-f8a366f73cca,False,1.0
LYMPHOID,Maier_Merad_2020_514,,0,c624f243-f3c9-4a43-8d8e-f8a366f73cca,False,
LYMPHOID,Maier_Merad_2020_532,,0,c624f243-f3c9-4a43-8d8e-f8a366f73cca,False,
LYMPHOID,Maier_Merad_2020_564,,0,c624f243-f3c9-4a43-8d8e-f8a366f73cca,False,
LYMPHOID,Maier_Merad_2020_569,,0,c624f243-f3c9-4a43-8d8e-f8a366f73cca,False,
LYMPHOID,Maier_Merad_2020_570,,0,c624f243-f3c9-4a43-8d8e-f8a366f73cca,False,
LYMPHOID,Maier_Merad_2020_571,,0,c624f243-f3c9-4a43-8d8e-f8a366f73cca,False,
LYMPHOID,Maier_Merad_2020_572,,0,c624f243-f3c9-4a43-8d8e-f8a366f73cca,False,
LYMPHOID,Maier_Merad_2020_578,1.0,1,c624f243-f3c9-4a43-8d8e-f8a366f73cca,False,1.0
LYMPHOID,Maier_Merad_2020_581,,0,c624f243-f3c9-4a43-8d8e-f8a366f73cca,False,
LYMPHOID,Maier_Merad_2020_593,,0,c624f243-f3c9-4a43-8d8e-f8a366f73cca,False,
LYMPHOID,Maier_Merad_2020_596,,0,c624f243-f3c9-4a43-8d8e-f8a366f73cca,False,
LYMPHOID,Maier_Merad_2020_626,,0,c624f243-f3c9-4a43-8d8e-f8a366f73cca,False,
LYMPHOID,Maier_Merad_2020_630,,0,c624f243-f3c9-4a43-8d8e-f8a366f73cca,False,
LYMPHOID,Maier_Merad_2020_695,1.0,1,c624f243-f3c9-4a43-8d8e-f8a366f73cca,False,1.0
LYMPHOID,Maier_Merad_2020_729,,0,c624f243-f3c9-4a43-8d8e-f8a366f73cca,False,
LYMPHOID,Maynard_Bivona_2020_TH067,0.9857142857142858,70,c624f243-f3c9-4a43-8d8e-f8a366f73cca,False,0.9714285714285715
LYMPHOID,Maynard_Bivona_2020_TH103,0.6,5,c624f243-f3c9-4a43-8d8e-f8a366f73cca,False,0.19999999999999996
LYMPHOID,Maynard_Bivona_2020_TH146,0.7614678899082569,109,c624f243-f3c9-4a43-8d8e-f8a366f73cca,False,0.5229357798165137
LYMPHOID,Maynard_Bivona_2020_TH153,0.8035714285714286,56,c624f243-f3c9-4a43-8d8e-f8a366f73cca,False,0.6071428571428572
LYMPHOID,Maynard_Bivona_2020_TH155,1.0,2,c624f243-f3c9-4a43-8d8e-f8a366f73cca,False,1.0
LYMPHOID,Maynard_Bivona_2020_TH156,1.0,1,c624f243-f3c9-4a43-8d8e-f8a366f73cca,False,1.0
LYMPHOID,Maynard_Bivona_2020_TH157,,0,c624f243-f3c9-4a43-8d8e-f8a366f73cca,False,
LYMPHOID,Maynard_Bivona_2020_TH158,0.8072289156626506,83,c624f243-f3c9-4a43-8d8e-f8a366f73cca,False,0.6144578313253013
LYMPHOID,Maynard_Bivona_2020_TH169,0.75,20,c624f243-f3c9-4a43-8d8e-f8a366f73cca,False,0.5
LYMPHOID,Maynard_Bivona_2020_TH179,0.7873949579831933,1190,c624f243-f3c9-4a43-8d8e-f8a366f73cca,False,0.5747899159663865
LYMPHOID,Maynard_Bivona_2020_TH179_NAT,0.6857142857142857,70,c624f243-f3c9-4a43-8d8e-f8a366f73cca,False,0.37142857142857144
LYMPHOID,Maynard_Bivona_2020_TH185,0.9010123734533183,889,c624f243-f3c9-4a43-8d8e-f8a366f73cca,False,0.8020247469066366
LYMPHOID,Maynard_Bivona_2020_TH205,0.8333333333333334,12,c624f243-f3c9-4a43-8d8e-f8a366f73cca,False,0.6666666666666667
LYMPHOID,Maynard_Bivona_2020_TH210,0.8333333333333334,12,c624f243-f3c9-4a43-8d8e-f8a366f73cca,False,0.6666666666666667
LYMPHOID,Maynard_Bivona_2020_TH217,1.0,8,c624f243-f3c9-4a43-8d8e-f8a366f73cca,False,1.0
LYMPHOID,Maynard_Bivona_2020_TH218,0.9082969432314411,458,c624f243-f3c9-4a43-8d8e-f8a366f73cca,False,0.8165938864628821
LYMPHOID,Maynard_Bivona_2020_TH220,0.8333333333333334,126,c624f243-f3c9-4a43-8d8e-f8a366f73cca,False,0.6666666666666667
LYMPHOID,Maynard_Bivona_2020_TH222,0.7403846153846154,104,c624f243-f3c9-4a43-8d8e-f8a366f73cca,False,0.48076923076923084
LYMPHOID,Maynard_Bivona_2020_TH223,0.9027777777777778,72,c624f243-f3c9-4a43-8d8e-f8a366f73cca,False,0.8055555555555556
LYMPHOID,Maynard_Bivona_2020_TH225,1.0,9,c624f243-f3c9-4a43-8d8e-f8a366f73cca,False,1.0
LYMPHOID,Maynard_Bivona_2020_TH226,0.8859223300970874,412,c624f243-f3c9-4a43-8d8e-f8a366f73cca,False,0.7718446601941749
LYMPHOID,Maynard_Bivona_2020_TH227,1.0,1,c624f243-f3c9-4a43-8d8e-f8a366f73cca,False,1.0
LYMPHOID,Maynard_Bivona_2020_TH231,0.9,10,c624f243-f3c9-4a43-8d8e-f8a366f73cca,False,0.8
LYMPHOID,Maynard_Bivona_2020_TH236,0.801980198019802,303,c624f243-f3c9-4a43-8d8e-f8a366f73cca,False,0.603960396039604
LYMPHOID,Maynard_Bivona_2020_TH238,0.6260387811634349,361,c624f243-f3c9-4a43-8d8e-f8a366f73cca,False,0.25207756232686984
LYMPHOID,Maynard_Bivona_2020_TH238_NAT,0.7305699481865285,193,c624f243-f3c9-4a43-8d8e-f8a366f73cca,False,0.4611398963730571
LYMPHOID,Maynard_Bivona_2020_TH248,0.8152350081037277,617,c624f243-f3c9-4a43-8d8e-f8a366f73cca,False,0.6304700162074555
LYMPHOID,Maynard_Bivona_2020_TH266,0.7553191489361702,376,c624f243-f3c9-4a43-8d8e-f8a366f73cca,False,0.5106382978723405
LYMPHOID,Mayr_Schiller_2020_muc10380,0.7072243346007605,263,c624f243-f3c9-4a43-8d8e-f8a366f73cca,False,0.414448669201521
LYMPHOID,Mayr_Schiller_2020_muc3843,0.7160493827160493,81,c624f243-f3c9-4a43-8d8e-f8a366f73cca,False,0.4320987654320987
LYMPHOID,Mayr_Schiller_2020_muc4658,0.75,36,c624f243-f3c9-4a43-8d8e-f8a366f73cca,False,0.5
LYMPHOID,Mayr_Schiller_2020_muc4659,1.0,1,c624f243-f3c9-4a43-8d8e-f8a366f73cca,False,1.0
LYMPHOID,Mayr_Schiller_2020_muc5103,0.6470588235294118,17,c624f243-f3c9-4a43-8d8e-f8a366f73cca,False,0.2941176470588236
LYMPHOID,Mayr_Schiller_2020_muc5105,0.75,16,c624f243-f3c9-4a43-8d8e-f8a366f73cca,False,0.5
LYMPHOID,Mayr_Schiller_2020_muc5212,0.7142857142857143,98,c624f243-f3c9-4a43-8d8e-f8a366f73cca,False,0.4285714285714286
LYMPHOID,Mayr_Schiller_2020_muc5213,0.6494845360824743,97,c624f243-f3c9-4a43-8d8e-f8a366f73cca,False,0.2989690721649485
LYMPHOID,Mayr_Schiller_2020_muc9832,0.4444444444444444,9,c624f243-f3c9-4a43-8d8e-f8a366f73cca,False,-0.11111111111111116
LYMPHOID,Mayr_Schiller_2020_muc9833,0.7142857142857143,35,c624f243-f3c9-4a43-8d8e-f8a366f73cca,False,0.4285714285714286
LYMPHOID,Reyfman_Misharin_2018_Donor_01,0.5675675675675675,37,c624f243-f3c9-4a43-8d8e-f8a366f73cca,False,0.1351351351351351
LYMPHOID,Reyfman_Misharin_2018_Donor_02,0.5185185185185185,27,c624f243-f3c9-4a43-8d8e-f8a366f73cca,False,0.03703703703703698
LYMPHOID,Reyfman_Misharin_2018_Donor_03,0.673469387755102,147,c624f243-f3c9-4a43-8d8e-f8a366f73cca,False,0.346938775510204
LYMPHOID,Reyfman_Misharin_2018_Donor_04,0.6623376623376623,77,c624f243-f3c9-4a43-8d8e-f8a366f73cca,False,0.3246753246753247
LYMPHOID,Reyfman_Misharin_2018_Donor_05,0.5263157894736842,38,c624f243-f3c9-4a43-8d8e-f8a366f73cca,False,0.05263157894736836
LYMPHOID,Reyfman_Misharin_2018_Donor_06,0.7857142857142857,154,c624f243-f3c9-4a43-8d8e-f8a366f73cca,False,0.5714285714285714
LYMPHOID,Reyfman_Misharin_2018_Donor_07,0.717948717948718,39,c624f243-f3c9-4a43-8d8e-f8a366f73cca,False,0.4358974358974359
LYMPHOID,Reyfman_Misharin_2018_Donor_08,0.8444444444444444,45,c624f243-f3c9-4a43-8d8e-f8a366f73cca,False,0.6888888888888889
LYMPHOID,SD10_raw_feature_bc_matrix,,0,SD10_raw_feature_bc_matrix,True,
LYMPHOID,SD12_raw_feature_bc_matrix,,0,SD12_raw_feature_bc_matrix,True,
LYMPHOID,SD15_raw_feature_bc_matrix,,0,SD15_raw_feature_bc_matrix,True,
LYMPHOID,SD16_raw_feature_bc_matrix,,0,SD16_raw_feature_bc_matrix,True,
LYMPHOID,SD2_raw_feature_bc_matrix,0.9213483146067416,89,SD2_raw_feature_bc_matrix,True,0.8426966292134832
LYMPHOID,SD3_raw_feature_bc_matrix,,0,SD3_raw_feature_bc_matrix,True,
LYMPHOID,SD6_raw_feature_bc_matrix,1.0,1,SD6_raw_feature_bc_matrix,True,1.0
LYMPHOID,SD7_raw_feature_bc_matrix,,0,SD7_raw_feature_bc_matrix,True,
LYMPHOID,SD8_raw_feature_bc_matrix,,0,SD8_raw_feature_bc_matrix,False,
LYMPHOID,Travaglini_Krasnow_2020_Lung_P1,0.7631578947368421,532,c624f243-f3c9-4a43-8d8e-f8a366f73cca,False,0.5263157894736843
LYMPHOID,Travaglini_Krasnow_2020_Lung_P2,0.7941952506596306,379,c624f243-f3c9-4a43-8d8e-f8a366f73cca,False,0.5883905013192612
LYMPHOID,Travaglini_Krasnow_2020_Lung_P3,0.849290780141844,564,c624f243-f3c9-4a43-8d8e-f8a366f73cca,False,0.698581560283688
LYMPHOID,UKIM-V_P1,0.7523419203747073,1708,c624f243-f3c9-4a43-8d8e-f8a366f73cca,False,0.5046838407494145
LYMPHOID,UKIM-V_P3,0.7138320395201129,2834,c624f243-f3c9-4a43-8d8e-f8a366f73cca,False,0.42766407904022574
LYMPHOID,Vieira_Teichmann_2019_Dropseq_1,0.6868686868686869,99,c624f243-f3c9-4a43-8d8e-f8a366f73cca,False,0.3737373737373737
LYMPHOID,Vieira_Teichmann_2019_Dropseq_2,0.8571428571428571,56,c624f243-f3c9-4a43-8d8e-f8a366f73cca,False,0.7142857142857142
LYMPHOID,Vieira_Teichmann_2019_Dropseq_3,0.5555555555555556,27,c624f243-f3c9-4a43-8d8e-f8a366f73cca,False,0.11111111111111116
LYMPHOID,Vieira_Teichmann_2019_Dropseq_4,0.5476190476190477,42,c624f243-f3c9-4a43-8d8e-f8a366f73cca,False,0.09523809523809534
LYMPHOID,Wu_Zhou_2021_P12,0.7266187050359713,139,c624f243-f3c9-4a43-8d8e-f8a366f73cca,False,0.4532374100719425
LYMPHOID,Wu_Zhou_2021_P13,0.7718120805369127,298,c624f243-f3c9-4a43-8d8e-f8a366f73cca,False,0.5436241610738255
LYMPHOID,Wu_Zhou_2021_P16,1.0,3,c624f243-f3c9-4a43-8d8e-f8a366f73cca,False,1.0
LYMPHOID,Wu_Zhou_2021_P2,0.75,4,c624f243-f3c9-4a43-8d8e-f8a366f73cca,False,0.5
LYMPHOID,Wu_Zhou_2021_P20,0.9,10,c624f243-f3c9-4a43-8d8e-f8a366f73cca,False,0.8
LYMPHOID,Wu_Zhou_2021_P21,0.9285714285714286,84,c624f243-f3c9-4a43-8d8e-f8a366f73cca,False,0.8571428571428572
LYMPHOID,Wu_Zhou_2021_P24,0.8403361344537815,119,c624f243-f3c9-4a43-8d8e-f8a366f73cca,False,0.680672268907563
LYMPHOID,Wu_Zhou_2021_P28,0.7922077922077922,154,c624f243-f3c9-4a43-8d8e-f8a366f73cca,False,0.5844155844155845
LYMPHOID,Wu_Zhou_2021_P29,1.0,2,c624f243-f3c9-4a43-8d8e-f8a366f73cca,False,1.0
LYMPHOID,Wu_Zhou_2021_P32,0.8828828828828829,111,c624f243-f3c9-4a43-8d8e-f8a366f73cca,False,0.7657657657657657
LYMPHOID,Wu_Zhou_2021_P33,1.0,1,c624f243-f3c9-4a43-8d8e-f8a366f73cca,False,1.0
LYMPHOID,Wu_Zhou_2021_P34,0.8108108108108109,37,c624f243-f3c9-4a43-8d8e-f8a366f73cca,False,0.6216216216216217
LYMPHOID,Wu_Zhou_2021_P35,0.9,20,c624f243-f3c9-4a43-8d8e-f8a366f73cca,False,0.8
LYMPHOID,Wu_Zhou_2021_P38,0.8872180451127819,133,c624f243-f3c9-4a43-8d8e-f8a366f73cca,False,0.7744360902255638
LYMPHOID,Wu_Zhou_2021_P39,0.8495821727019499,359,c624f243-f3c9-4a43-8d8e-f8a366f73cca,False,0.6991643454038998
LYMPHOID,Wu_Zhou_2021_P5,0.9746835443037974,79,c624f243-f3c9-4a43-8d8e-f8a366f73cca,False,0.9493670886075949
LYMPHOID,Wu_Zhou_2021_P8,0.8870967741935484,186,c624f243-f3c9-4a43-8d8e-f8a366f73cca,False,0.7741935483870968
LYMPHOID,Wu_Zhou_2021_P9,0.94375,160,c624f243-f3c9-4a43-8d8e-f8a366f73cca,False,0.8875
LYMPHOID,Zilionis_Klein_2019_patient_3,0.6277948268303376,4562,c624f243-f3c9-4a43-8d8e-f8a366f73cca,False,0.2555896536606752
LYMPHOID,Zilionis_Klein_2019_patient_4,0.7007434944237918,2690,c624f243-f3c9-4a43-8d8e-f8a366f73cca,False,0.4014869888475836
LYMPHOID,Zilionis_Klein_2019_patient_5,0.6757446808510639,1175,c624f243-f3c9-4a43-8d8e-f8a366f73cca,False,0.35148936170212774
LYMPHOID,Zilionis_Klein_2019_patient_6,0.6272229822161423,2924,c624f243-f3c9-4a43-8d8e-f8a366f73cca,False,0.2544459644322845
LYMPHOID,Zilionis_Klein_2019_patient_7,0.6539050535987749,653,c624f243-f3c9-4a43-8d8e-f8a366f73cca,False,0.30781010719754986
LYMPHOID,b351804c-293e-4aeb-9c4c-043db67f4540,,0,b351804c-293e-4aeb-9c4c-043db67f4540,False,
LYMPHOID,homosapiens_None_2023_None_sikkemalisa_001_d10_1101_2022_03_10_4837472020-3173-NC002,0.912751677852349,149,b351804c-293e-4aeb-9c4c-043db67f4540,False,0.825503355704698
LYMPHOID,homosapiens_None_2023_None_sikkemalisa_001_d10_1101_2022_03_10_4837472020-3173-NC003,0.828996282527881,269,b351804c-293e-4aeb-9c4c-043db67f4540,False,0.6579925650557621
LYMPHOID,homosapiens_None_2023_None_sikkemalisa_001_d10_1101_2022_03_10_4837472020-3173-NC004,0.8703703703703703,162,b351804c-293e-4aeb-9c4c-043db67f4540,False,0.7407407407407407
LYMPHOID,homosapiens_None_2023_None_sikkemalisa_001_d10_1101_2022_03_10_4837472020-3173-NC005,0.889763779527559,127,b351804c-293e-4aeb-9c4c-043db67f4540,False,0.7795275590551181
LYMPHOID,homosapiens_None_2023_None_sikkemalisa_001_d10_1101_2022_03_10_4837472020-3173-NC006,0.9130434782608695,23,b351804c-293e-4aeb-9c4c-043db67f4540,False,0.826086956521739
LYMPHOID,homosapiens_None_2023_None_sikkemalisa_001_d10_1101_2022_03_10_4837472020-3173-NC007,1.0,2,b351804c-293e-4aeb-9c4c-043db67f4540,False,1.0
LYMPHOID,homosapiens_None_2023_None_sikkemalisa_001_d10_1101_2022_03_10_4837472020-3173-NC008,0.941908713692946,241,b351804c-293e-4aeb-9c4c-043db67f4540,False,0.8838174273858921
LYMPHOID,homosapiens_None_2023_None_sikkemalisa_001_d10_1101_2022_03_10_483747284C,0.7816091954022989,87,b351804c-293e-4aeb-9c4c-043db67f4540,False,0.5632183908045978
LYMPHOID,homosapiens_None_2023_None_sikkemalisa_001_d10_1101_2022_03_10_483747290B,0.4611872146118721,219,b351804c-293e-4aeb-9c4c-043db67f4540,False,-0.07762557077625576
LYMPHOID,homosapiens_None_2023_None_sikkemalisa_001_d10_1101_2022_03_10_483747292B,0.45,60,b351804c-293e-4aeb-9c4c-043db67f4540,False,-0.09999999999999998
LYMPHOID,homosapiens_None_2023_None_sikkemalisa_001_d10_1101_2022_03_10_483747296C,0.2,5,b351804c-293e-4aeb-9c4c-043db67f4540,False,-0.6
LYMPHOID,homosapiens_None_2023_None_sikkemalisa_001_d10_1101_2022_03_10_483747298C,0.3804878048780488,205,b351804c-293e-4aeb-9c4c-043db67f4540,False,-0.23902439024390243
LYMPHOID,homosapiens_None_2023_None_sikkemalisa_001_d10_1101_2022_03_10_483747302C,0.5,10,b351804c-293e-4aeb-9c4c-043db67f4540,False,0.0
LYMPHOID,homosapiens_None_2023_None_sikkemalisa_001_d10_1101_2022_03_10_483747356C,0.7290666666666666,7500,b351804c-293e-4aeb-9c4c-043db67f4540,False,0.4581333333333333
LYMPHOID,homosapiens_None_2023_None_sikkemalisa_001_d10_1101_2022_03_10_483747368C,0.6171911695631752,2129,b351804c-293e-4aeb-9c4c-043db67f4540,False,0.23438233912635043
LYMPHOID,homosapiens_None_2023_None_sikkemalisa_001_d10_1101_2022_03_10_483747390C,0.6651928273151559,8142,b351804c-293e-4aeb-9c4c-043db67f4540,False,0.3303856546303119
LYMPHOID,homosapiens_None_2023_None_sikkemalisa_001_d10_1101_2022_03_10_483747D322,1.0,18,b351804c-293e-4aeb-9c4c-043db67f4540,False,1.0
LYMPHOID,homosapiens_None_2023_None_sikkemalisa_001_d10_1101_2022_03_10_483747D326,0.9051724137931034,116,b351804c-293e-4aeb-9c4c-043db67f4540,False,0.8103448275862069
LYMPHOID,homosapiens_None_2023_None_sikkemalisa_001_d10_1101_2022_03_10_483747D337,0.9782608695652174,46,b351804c-293e-4aeb-9c4c-043db67f4540,False,0.9565217391304348
LYMPHOID,homosapiens_None_2023_None_sikkemalisa_001_d10_1101_2022_03_10_483747D339,0.9333333333333333,15,b351804c-293e-4aeb-9c4c-043db67f4540,False,0.8666666666666667
LYMPHOID,homosapiens_None_2023_None_sikkemalisa_001_d10_1101_2022_03_10_483747D344,0.8817204301075269,93,b351804c-293e-4aeb-9c4c-043db67f4540,False,0.7634408602150538
LYMPHOID,homosapiens_None_2023_None_sikkemalisa_001_d10_1101_2022_03_10_483747D353,0.9240506329113924,79,b351804c-293e-4aeb-9c4c-043db67f4540,False,0.8481012658227849
LYMPHOID,homosapiens_None_2023_None_sikkemalisa_001_d10_1101_2022_03_10_483747D354,0.8923076923076924,65,b351804c-293e-4aeb-9c4c-043db67f4540,False,0.7846153846153847
LYMPHOID,homosapiens_None_2023_None_sikkemalisa_001_d10_1101_2022_03_10_483747D363,0.9310344827586207,87,b351804c-293e-4aeb-9c4c-043db67f4540,False,0.8620689655172413
LYMPHOID,homosapiens_None_2023_None_sikkemalisa_001_d10_1101_2022_03_10_483747D367,0.9138755980861244,209,b351804c-293e-4aeb-9c4c-043db67f4540,False,0.8277511961722488
LYMPHOID,homosapiens_None_2023_None_sikkemalisa_001_d10_1101_2022_03_10_483747D372,0.8985507246376812,138,b351804c-293e-4aeb-9c4c-043db67f4540,False,0.7971014492753623
LYMPHOID,homosapiens_None_2023_None_sikkemalisa_001_d10_1101_2022_03_10_483747Donor_01,0.5789473684210527,38,b351804c-293e-4aeb-9c4c-043db67f4540,False,0.1578947368421053
LYMPHOID,homosapiens_None_2023_None_sikkemalisa_001_d10_1101_2022_03_10_483747Donor_02,0.6428571428571429,28,b351804c-293e-4aeb-9c4c-043db67f4540,False,0.2857142857142858
LYMPHOID,homosapiens_None_2023_None_sikkemalisa_001_d10_1101_2022_03_10_483747Donor_03,0.7094594594594594,148,b351804c-293e-4aeb-9c4c-043db67f4540,False,0.41891891891891886
LYMPHOID,homosapiens_None_2023_None_sikkemalisa_001_d10_1101_2022_03_10_483747Donor_04,0.6753246753246753,77,b351804c-293e-4aeb-9c4c-043db67f4540,False,0.35064935064935066
LYMPHOID,homosapiens_None_2023_None_sikkemalisa_001_d10_1101_2022_03_10_483747Donor_05,0.65,40,b351804c-293e-4aeb-9c4c-043db67f4540,False,0.30000000000000004
LYMPHOID,homosapiens_None_2023_None_sikkemalisa_001_d10_1101_2022_03_10_483747Donor_06,0.82,150,b351804c-293e-4aeb-9c4c-043db67f4540,False,0.6399999999999999
LYMPHOID,homosapiens_None_2023_None_sikkemalisa_001_d10_1101_2022_03_10_483747Donor_07,0.725,40,b351804c-293e-4aeb-9c4c-043db67f4540,False,0.44999999999999996
LYMPHOID,homosapiens_None_2023_None_sikkemalisa_001_d10_1101_2022_03_10_483747Donor_08,1.0,8,b351804c-293e-4aeb-9c4c-043db67f4540,False,1.0
LYMPHOID,homosapiens_None_2023_None_sikkemalisa_001_d10_1101_2022_03_10_483747GRO-01,1.0,2,b351804c-293e-4aeb-9c4c-043db67f4540,False,1.0
LYMPHOID,homosapiens_None_2023_None_sikkemalisa_001_d10_1101_2022_03_10_483747GRO-02,,0,b351804c-293e-4aeb-9c4c-043db67f4540,False,
LYMPHOID,homosapiens_None_2023_None_sikkemalisa_001_d10_1101_2022_03_10_483747GRO-03,0.6545454545454545,2640,b351804c-293e-4aeb-9c4c-043db67f4540,False,0.3090909090909091
LYMPHOID,homosapiens_None_2023_None_sikkemalisa_001_d10_1101_2022_03_10_483747GRO-04,0.7650655021834061,4580,b351804c-293e-4aeb-9c4c-043db67f4540,False,0.5301310043668122
LYMPHOID,homosapiens_None_2023_None_sikkemalisa_001_d10_1101_2022_03_10_483747GRO-06,0.6302325581395349,860,b351804c-293e-4aeb-9c4c-043db67f4540,False,0.2604651162790699
LYMPHOID,homosapiens_None_2023_None_sikkemalisa_001_d10_1101_2022_03_10_483747GRO-07,0.6409550045913682,1089,b351804c-293e-4aeb-9c4c-043db67f4540,False,0.28191000918273645
LYMPHOID,homosapiens_None_2023_None_sikkemalisa_001_d10_1101_2022_03_10_483747GRO-08,0.5645491803278688,976,b351804c-293e-4aeb-9c4c-043db67f4540,False,0.12909836065573765
LYMPHOID,homosapiens_None_2023_None_sikkemalisa_001_d10_1101_2022_03_10_483747GRO-09,0.7405381754539488,4571,b351804c-293e-4aeb-9c4c-043db67f4540,False,0.4810763509078977
LYMPHOID,homosapiens_None_2023_None_sikkemalisa_001_d10_1101_2022_03_10_483747GRO-10,0.7751307379430563,3442,b351804c-293e-4aeb-9c4c-043db67f4540,False,0.5502614758861126
LYMPHOID,homosapiens_None_2023_None_sikkemalisa_001_d10_1101_2022_03_10_483747GRO-11,0.6949891067538126,459,b351804c-293e-4aeb-9c4c-043db67f4540,False,0.3899782135076253
LYMPHOID,homosapiens_None_2023_None_sikkemalisa_001_d10_1101_2022_03_10_483747NU_CZI01,0.8171597633136095,1690,b351804c-293e-4aeb-9c4c-043db67f4540,False,0.634319526627219
LYMPHOID,homosapiens_None_2023_None_sikkemalisa_001_d10_1101_2022_03_10_483747NU_CZI02,0.7901234567901234,81,b351804c-293e-4aeb-9c4c-043db67f4540,False,0.5802469135802468
LYMPHOID,homosapiens_None_2023_None_sikkemalisa_001_d10_1101_2022_03_10_483747T101,,0,b351804c-293e-4aeb-9c4c-043db67f4540,False,
LYMPHOID,homosapiens_None_2023_None_sikkemalisa_001_d10_1101_2022_03_10_483747T120,,0,b351804c-293e-4aeb-9c4c-043db67f4540,False,
LYMPHOID,homosapiens_None_2023_None_sikkemalisa_001_d10_1101_2022_03_10_483747T121,,0,b351804c-293e-4aeb-9c4c-043db67f4540,False,
LYMPHOID,homosapiens_None_2023_None_sikkemalisa_001_d10_1101_2022_03_10_483747T126,,0,b351804c-293e-4aeb-9c4c-043db67f4540,False,
LYMPHOID,homosapiens_None_2023_None_sikkemalisa_001_d10_1101_2022_03_10_483747T137,,0,b351804c-293e-4aeb-9c4c-043db67f4540,False,
LYMPHOID,homosapiens_None_2023_None_sikkemalisa_001_d10_1101_2022_03_10_483747T153,,0,b351804c-293e-4aeb-9c4c-043db67f4540,False,
LYMPHOID,homosapiens_None_2023_None_sikkemalisa_001_d10_1101_2022_03_10_483747T154,,0,b351804c-293e-4aeb-9c4c-043db67f4540,False,
LYMPHOID,homosapiens_None_2023_None_sikkemalisa_001_d10_1101_2022_03_10_483747T164,,0,b351804c-293e-4aeb-9c4c-043db67f4540,False,
LYMPHOID,homosapiens_None_2023_None_sikkemalisa_001_d10_1101_2022_03_10_483747T165,,0,b351804c-293e-4aeb-9c4c-043db67f4540,False,
LYMPHOID,homosapiens_None_2023_None_sikkemalisa_001_d10_1101_2022_03_10_483747T166,,0,b351804c-293e-4aeb-9c4c-043db67f4540,False,
LYMPHOID,homosapiens_None_2023_None_sikkemalisa_001_d10_1101_2022_03_10_483747T167,,0,b351804c-293e-4aeb-9c4c-043db67f4540,False,
LYMPHOID,homosapiens_None_2023_None_sikkemalisa_001_d10_1101_2022_03_10_483747T85,,0,b351804c-293e-4aeb-9c4c-043db67f4540,False,
LYMPHOID,homosapiens_None_2023_None_sikkemalisa_001_d10_1101_2022_03_10_483747T89,,0,b351804c-293e-4aeb-9c4c-043db67f4540,False,
LYMPHOID,homosapiens_None_2023_None_sikkemalisa_001_d10_1101_2022_03_10_483747T90,,0,b351804c-293e-4aeb-9c4c-043db67f4540,False,
LYMPHOID,homosapiens_None_2023_None_sikkemalisa_001_d10_1101_2022_03_10_483747THD0001,0.7115384615384616,52,b351804c-293e-4aeb-9c4c-043db67f4540,False,0.42307692307692313
LYMPHOID,homosapiens_None_2023_None_sikkemalisa_001_d10_1101_2022_03_10_483747THD0005,0.7254545454545455,550,b351804c-293e-4aeb-9c4c-043db67f4540,False,0.4509090909090909
LYMPHOID,homosapiens_None_2023_None_sikkemalisa_001_d10_1101_2022_03_10_483747THD0006,0.7777777777777778,72,b351804c-293e-4aeb-9c4c-043db67f4540,False,0.5555555555555556
LYMPHOID,homosapiens_None_2023_None_sikkemalisa_001_d10_1101_2022_03_10_483747THD0007,0.8620689655172413,29,b351804c-293e-4aeb-9c4c-043db67f4540,False,0.7241379310344827
LYMPHOID,homosapiens_None_2023_None_sikkemalisa_001_d10_1101_2022_03_10_483747THD0008,0.6246418338108882,349,b351804c-293e-4aeb-9c4c-043db67f4540,False,0.24928366762177645
LYMPHOID,homosapiens_None_2023_None_sikkemalisa_001_d10_1101_2022_03_10_483747THD0009,0.5555555555555556,9,b351804c-293e-4aeb-9c4c-043db67f4540,False,0.11111111111111116
LYMPHOID,homosapiens_None_2023_None_sikkemalisa_001_d10_1101_2022_03_10_483747THD0010,1.0,2,b351804c-293e-4aeb-9c4c-043db67f4540,False,1.0
LYMPHOID,homosapiens_None_2023_None_sikkemalisa_001_d10_1101_2022_03_10_483747THD0012,0.6666666666666666,3,b351804c-293e-4aeb-9c4c-043db67f4540,False,0.33333333333333326
LYMPHOID,homosapiens_None_2023_None_sikkemalisa_001_d10_1101_2022_03_10_483747THD0014,0.6666666666666666,3,b351804c-293e-4aeb-9c4c-043db67f4540,False,0.33333333333333326
LYMPHOID,homosapiens_None_2023_None_sikkemalisa_001_d10_1101_2022_03_10_483747THD0015,1.0,5,b351804c-293e-4aeb-9c4c-043db67f4540,False,1.0
LYMPHOID,homosapiens_None_2023_None_sikkemalisa_001_d10_1101_2022_03_10_483747THD0017,1.0,3,b351804c-293e-4aeb-9c4c-043db67f4540,False,1.0
LYMPHOID,homosapiens_None_2023_None_sikkemalisa_001_d10_1101_2022_03_10_483747THD0019,0.8181818181818182,66,b351804c-293e-4aeb-9c4c-043db67f4540,False,0.6363636363636365
LYMPHOID,homosapiens_None_2023_None_sikkemalisa_001_d10_1101_2022_03_10_483747THD0020,0.0,1,b351804c-293e-4aeb-9c4c-043db67f4540,False,-1.0
LYMPHOID,homosapiens_None_2023_None_sikkemalisa_001_d10_1101_2022_03_10_483747VUHD071,0.8701657458563536,362,b351804c-293e-4aeb-9c4c-043db67f4540,False,0.7403314917127073
LYMPHOID,homosapiens_None_2023_None_sikkemalisa_001_d10_1101_2022_03_10_483747VUHD072,0.8194444444444444,144,b351804c-293e-4aeb-9c4c-043db67f4540,False,0.6388888888888888
LYMPHOID,homosapiens_None_2023_None_sikkemalisa_001_d10_1101_2022_03_10_483747VUHD073,0.7619047619047619,126,b351804c-293e-4aeb-9c4c-043db67f4540,False,0.5238095238095237
LYMPHOID,homosapiens_None_2023_None_sikkemalisa_001_d10_1101_2022_03_10_483747VUHD076,1.0,1,b351804c-293e-4aeb-9c4c-043db67f4540,False,1.0
LYMPHOID,homosapiens_None_2023_None_sikkemalisa_001_d10_1101_2022_03_10_483747VUHD077,0.5,42,b351804c-293e-4aeb-9c4c-043db67f4540,False,0.0
LYMPHOID,homosapiens_None_2023_None_sikkemalisa_001_d10_1101_2022_03_10_483747VUHD078,0.7578947368421053,95,b351804c-293e-4aeb-9c4c-043db67f4540,False,0.5157894736842106
LYMPHOID,homosapiens_None_2023_None_sikkemalisa_001_d10_1101_2022_03_10_483747VUHD080,0.7109004739336493,211,b351804c-293e-4aeb-9c4c-043db67f4540,False,0.4218009478672986
LYMPHOID,homosapiens_None_2023_None_sikkemalisa_001_d10_1101_2022_03_10_483747VUHD101,0.7932251235003529,1417,b351804c-293e-4aeb-9c4c-043db67f4540,False,0.5864502470007058
LYMPHOID,homosapiens_None_2023_None_sikkemalisa_001_d10_1101_2022_03_10_483747VUHD103,0.9245283018867925,106,b351804c-293e-4aeb-9c4c-043db67f4540,False,0.8490566037735849
LYMPHOID,homosapiens_None_2023_None_sikkemalisa_001_d10_1101_2022_03_10_483747VUHD104,0.8493788819875776,644,b351804c-293e-4aeb-9c4c-043db67f4540,False,0.6987577639751552
LYMPHOID,homosapiens_None_2023_None_sikkemalisa_001_d10_1101_2022_03_10_483747VUHD105,,0,b351804c-293e-4aeb-9c4c-043db67f4540,False,
LYMPHOID,homosapiens_None_2023_None_sikkemalisa_001_d10_1101_2022_03_10_483747VUHD106,0.8914728682170543,129,b351804c-293e-4aeb-9c4c-043db67f4540,False,0.7829457364341086
LYMPHOID,homosapiens_None_2023_None_sikkemalisa_001_d10_1101_2022_03_10_483747VUHD107,0.8519134775374376,601,b351804c-293e-4aeb-9c4c-043db67f4540,False,0.7038269550748752
LYMPHOID,homosapiens_None_2023_None_sikkemalisa_001_d10_1101_2022_03_10_483747VUHD66,0.7596491228070176,570,b351804c-293e-4aeb-9c4c-043db67f4540,False,0.5192982456140351
LYMPHOID,homosapiens_None_2023_None_sikkemalisa_001_d10_1101_2022_03_10_483747VUHD67,0.8636776734322933,3301,b351804c-293e-4aeb-9c4c-043db67f4540,False,0.7273553468645866
LYMPHOID,homosapiens_None_2023_None_sikkemalisa_001_d10_1101_2022_03_10_483747VUHD68,0.6795366795366795,259,b351804c-293e-4aeb-9c4c-043db67f4540,False,0.359073359073359
LYMPHOID,homosapiens_None_2023_None_sikkemalisa_001_d10_1101_2022_03_10_483747VUHD69,0.6747572815533981,824,b351804c-293e-4aeb-9c4c-043db67f4540,False,0.3495145631067962
LYMPHOID,homosapiens_None_2023_None_sikkemalisa_001_d10_1101_2022_03_10_483747VUHD70,0.7244897959183674,98,b351804c-293e-4aeb-9c4c-043db67f4540,False,0.44897959183673475
LYMPHOID,homosapiens_None_2023_None_sikkemalisa_001_d10_1101_2022_03_10_483747VUHD84,0.8329764453961456,467,b351804c-293e-4aeb-9c4c-043db67f4540,False,0.6659528907922911
LYMPHOID,homosapiens_None_2023_None_sikkemalisa_001_d10_1101_2022_03_10_483747VUHD85,0.7244094488188977,127,b351804c-293e-4aeb-9c4c-043db67f4540,False,0.44881889763779537
LYMPHOID,homosapiens_None_2023_None_sikkemalisa_001_d10_1101_2022_03_10_483747VUHD87,,0,b351804c-293e-4aeb-9c4c-043db67f4540,False,
LYMPHOID,homosapiens_None_2023_None_sikkemalisa_001_d10_1101_2022_03_10_483747VUHD92,0.654296875,1536,b351804c-293e-4aeb-9c4c-043db67f4540,False,0.30859375
LYMPHOID,homosapiens_None_2023_None_sikkemalisa_001_d10_1101_2022_03_10_483747VUHD94,0.7313304721030043,2330,b351804c-293e-4aeb-9c4c-043db67f4540,False,0.46266094420600856
LYMPHOID,homosapiens_None_2023_None_sikkemalisa_001_d10_1101_2022_03_10_483747VUHD95,0.6773901223380154,2207,b351804c-293e-4aeb-9c4c-043db67f4540,False,0.35478024467603086
LYMPHOID,homosapiens_None_2023_None_sikkemalisa_001_d10_1101_2022_03_10_483747VUHD98,0.6619981325863679,1071,b351804c-293e-4aeb-9c4c-043db67f4540,False,0.3239962651727357
LYMPHOID,homosapiens_None_2023_None_sikkemalisa_001_d10_1101_2022_03_10_483747donor 1,0.8788522848034006,941,b351804c-293e-4aeb-9c4c-043db67f4540,False,0.7577045696068012
LYMPHOID,homosapiens_None_2023_None_sikkemalisa_001_d10_1101_2022_03_10_483747donor 2,0.6925722145804677,4362,b351804c-293e-4aeb-9c4c-043db67f4540,False,0.3851444291609354
LYMPHOID,homosapiens_None_2023_None_sikkemalisa_001_d10_1101_2022_03_10_483747donor 3,0.7640281630040537,4687,b351804c-293e-4aeb-9c4c-043db67f4540,False,0.5280563260081075
LYMPHOID,homosapiens_None_2023_None_sikkemalisa_001_d10_1101_2022_03_10_483747lafy_donor_1,0.772189349112426,338,b351804c-293e-4aeb-9c4c-043db67f4540,False,0.544378698224852
LYMPHOID,homosapiens_None_2023_None_sikkemalisa_001_d10_1101_2022_03_10_483747lafy_donor_2,0.7551020408163265,539,b351804c-293e-4aeb-9c4c-043db67f4540,False,0.510204081632653
LYMPHOID,homosapiens_None_2023_None_sikkemalisa_001_d10_1101_2022_03_10_483747lafy_donor_3,0.531810766721044,613,b351804c-293e-4aeb-9c4c-043db67f4540,False,0.06362153344208799
LYMPHOID,homosapiens_None_2023_None_sikkemalisa_001_d10_1101_2022_03_10_483747lafy_donor_4,0.6443046820405312,1431,b351804c-293e-4aeb-9c4c-043db67f4540,False,0.2886093640810623
LYMPHOID,homosapiens_None_2023_None_sikkemalisa_001_d10_1101_2022_03_10_483747lafy_donor_5,0.6901408450704225,497,b351804c-293e-4aeb-9c4c-043db67f4540,False,0.380281690140845
LYMPHOID,homosapiens_None_2023_None_sikkemalisa_001_d10_1101_2022_03_10_483747lafy_donor_6,0.609564596716631,1401,b351804c-293e-4aeb-9c4c-043db67f4540,False,0.21912919343326198
ENDOTHELIAL,Adams_Kaminski_2020_001C,0.29411764705882354,68,c624f243-f3c9-4a43-8d8e-f8a366f73cca,False,-0.4117647058823529
ENDOTHELIAL,Adams_Kaminski_2020_002C,0.0,2,c624f243-f3c9-4a43-8d8e-f8a366f73cca,False,-1.0
ENDOTHELIAL,Adams_Kaminski_2020_003C,0.3125,80,c624f243-f3c9-4a43-8d8e-f8a366f73cca,False,-0.375
ENDOTHELIAL,Adams_Kaminski_2020_034C,0.1111111111111111,9,c624f243-f3c9-4a43-8d8e-f8a366f73cca,False,-0.7777777777777778
ENDOTHELIAL,Adams_Kaminski_2020_065C,0.3448275862068966,29,c624f243-f3c9-4a43-8d8e-f8a366f73cca,False,-0.31034482758620685
ENDOTHELIAL,Adams_Kaminski_2020_081C,0.4,10,c624f243-f3c9-4a43-8d8e-f8a366f73cca,False,-0.19999999999999996
ENDOTHELIAL,Adams_Kaminski_2020_084C,0.5555555555555556,18,c624f243-f3c9-4a43-8d8e-f8a366f73cca,False,0.11111111111111116
ENDOTHELIAL,Adams_Kaminski_2020_092C,,0,c624f243-f3c9-4a43-8d8e-f8a366f73cca,False,
ENDOTHELIAL,Adams_Kaminski_2020_098C,0.21951219512195122,328,c624f243-f3c9-4a43-8d8e-f8a366f73cca,False,-0.5609756097560976
ENDOTHELIAL,Adams_Kaminski_2020_133C,0.10909090909090909,55,c624f243-f3c9-4a43-8d8e-f8a366f73cca,False,-0.7818181818181819
ENDOTHELIAL,Adams_Kaminski_2020_1372C,0.03146853146853147,286,c624f243-f3c9-4a43-8d8e-f8a366f73cca,False,-0.9370629370629371
ENDOTHELIAL,Adams_Kaminski_2020_137C,0.36363636363636365,11,c624f243-f3c9-4a43-8d8e-f8a366f73cca,False,-0.2727272727272727
ENDOTHELIAL,Adams_Kaminski_2020_160C,0.32727272727272727,55,c624f243-f3c9-4a43-8d8e-f8a366f73cca,False,-0.34545454545454546
ENDOTHELIAL,Adams_Kaminski_2020_192C,0.14814814814814814,162,c624f243-f3c9-4a43-8d8e-f8a366f73cca,False,-0.7037037037037037
ENDOTHELIAL,Adams_Kaminski_2020_208C,0.16129032258064516,31,c624f243-f3c9-4a43-8d8e-f8a366f73cca,False,-0.6774193548387097
ENDOTHELIAL,Adams_Kaminski_2020_218C,0.2,30,c624f243-f3c9-4a43-8d8e-f8a366f73cca,False,-0.6
ENDOTHELIAL,Adams_Kaminski_2020_222C,0.18807339449541285,218,c624f243-f3c9-4a43-8d8e-f8a366f73cca,False,-0.6238532110091743
ENDOTHELIAL,Adams_Kaminski_2020_226C,0.35714285714285715,14,c624f243-f3c9-4a43-8d8e-f8a366f73cca,False,-0.2857142857142857
ENDOTHELIAL,Adams_Kaminski_2020_244C,0.3333333333333333,12,c624f243-f3c9-4a43-8d8e-f8a366f73cca,False,-0.33333333333333337
ENDOTHELIAL,Adams_Kaminski_2020_253C,0.10526315789473684,57,c624f243-f3c9-4a43-8d8e-f8a366f73cca,False,-0.7894736842105263
ENDOTHELIAL,Adams_Kaminski_2020_296C,0.3102189781021898,274,c624f243-f3c9-4a43-8d8e-f8a366f73cca,False,-0.3795620437956204
ENDOTHELIAL,Adams_Kaminski_2020_388C,0.2077922077922078,77,c624f243-f3c9-4a43-8d8e-f8a366f73cca,False,-0.5844155844155844
ENDOTHELIAL,Adams_Kaminski_2020_396C,0.19230769230769232,26,c624f243-f3c9-4a43-8d8e-f8a366f73cca,False,-0.6153846153846154
ENDOTHELIAL,Adams_Kaminski_2020_439C,0.20634920634920634,63,c624f243-f3c9-4a43-8d8e-f8a366f73cca,False,-0.5873015873015873
ENDOTHELIAL,Adams_Kaminski_2020_454C,0.1694915254237288,59,c624f243-f3c9-4a43-8d8e-f8a366f73cca,False,-0.6610169491525424
ENDOTHELIAL,Adams_Kaminski_2020_465C,0.11428571428571428,35,c624f243-f3c9-4a43-8d8e-f8a366f73cca,False,-0.7714285714285715
ENDOTHELIAL,Adams_Kaminski_2020_483C,0.23809523809523808,42,c624f243-f3c9-4a43-8d8e-f8a366f73cca,False,-0.5238095238095238
ENDOTHELIAL,Adams_Kaminski_2020_484C,0.0,1,c624f243-f3c9-4a43-8d8e-f8a366f73cca,False,-1.0
ENDOTHELIAL,Goveia_Carmeliet_2020_patient_45,0.6257969592937714,2039,c624f243-f3c9-4a43-8d8e-f8a366f73cca,False,0.2515939185875429
ENDOTHELIAL,Goveia_Carmeliet_2020_patient_46,0.6740696278511404,1666,c624f243-f3c9-4a43-8d8e-f8a366f73cca,False,0.3481392557022809
ENDOTHELIAL,Goveia_Carmeliet_2020_patient_50,0.5625,2160,c624f243-f3c9-4a43-8d8e-f8a366f73cca,False,0.125
ENDOTHELIAL,Guo_Zhang_2018_P0616A,,0,c624f243-f3c9-4a43-8d8e-f8a366f73cca,False,
ENDOTHELIAL,Guo_Zhang_2018_P0616P,,0,c624f243-f3c9-4a43-8d8e-f8a366f73cca,False,
ENDOTHELIAL,Guo_Zhang_2018_P0617,,0,c624f243-f3c9-4a43-8d8e-f8a366f73cca,False,
ENDOTHELIAL,Guo_Zhang_2018_P0729,,0,c624f243-f3c9-4a43-8d8e-f8a366f73cca,False,
ENDOTHELIAL,Guo_Zhang_2018_P1010,,0,c624f243-f3c9-4a43-8d8e-f8a366f73cca,False,
ENDOTHELIAL,Guo_Zhang_2018_P1118,,0,c624f243-f3c9-4a43-8d8e-f8a366f73cca,False,
ENDOTHELIAL,Guo_Zhang_2018_P1120,,0,c624f243-f3c9-4a43-8d8e-f8a366f73cca,False,
ENDOTHELIAL,Guo_Zhang_2018_P1202,,0,c624f243-f3c9-4a43-8d8e-f8a366f73cca,False,
ENDOTHELIAL,Guo_Zhang_2018_P1208,,0,c624f243-f3c9-4a43-8d8e-f8a366f73cca,False,
ENDOTHELIAL,Guo_Zhang_2018_P1219,,0,c624f243-f3c9-4a43-8d8e-f8a366f73cca,False,
ENDOTHELIAL,Habermann_Kropski_2020_THD0001,0.2345679012345679,81,c624f243-f3c9-4a43-8d8e-f8a366f73cca,False,-0.5308641975308642
ENDOTHELIAL,Habermann_Kropski_2020_THD0002,0.22171945701357465,221,c624f243-f3c9-4a43-8d8e-f8a366f73cca,False,-0.5565610859728507
ENDOTHELIAL,Habermann_Kropski_2020_THD0005,0.3400537634408602,744,c624f243-f3c9-4a43-8d8e-f8a366f73cca,False,-0.3198924731182796
ENDOTHELIAL,Habermann_Kropski_2020_VUHD071,0.8165137614678899,109,c624f243-f3c9-4a43-8d8e-f8a366f73cca,False,0.6330275229357798
ENDOTHELIAL,Habermann_Kropski_2020_VUHD65,0.2800687285223368,582,c624f243-f3c9-4a43-8d8e-f8a366f73cca,False,-0.43986254295532645
ENDOTHELIAL,Habermann_Kropski_2020_VUHD66,0.49230769230769234,260,c624f243-f3c9-4a43-8d8e-f8a366f73cca,False,-0.01538461538461533
ENDOTHELIAL,Habermann_Kropski_2020_VUHD67,0.49411764705882355,595,c624f243-f3c9-4a43-8d8e-f8a366f73cca,False,-0.0117647058823529
ENDOTHELIAL,Habermann_Kropski_2020_VUHD68,0.5877901109989909,1982,c624f243-f3c9-4a43-8d8e-f8a366f73cca,False,0.17558022199798184
ENDOTHELIAL,Habermann_Kropski_2020_VUHD69,0.4666666666666667,180,c624f243-f3c9-4a43-8d8e-f8a366f73cca,False,-0.06666666666666665
ENDOTHELIAL,Habermann_Kropski_2020_VUHD70,0.33738938053097345,904,c624f243-f3c9-4a43-8d8e-f8a366f73cca,False,-0.3252212389380531
ENDOTHELIAL,He_Fan_2021_P1,0.8754863813229572,257,c624f243-f3c9-4a43-8d8e-f8a366f73cca,False,0.7509727626459144
ENDOTHELIAL,He_Fan_2021_P2,0.804147465437788,434,c624f243-f3c9-4a43-8d8e-f8a366f73cca,False,0.6082949308755761
ENDOTHELIAL,He_Fan_2021_P3,0.9118457300275482,363,c624f243-f3c9-4a43-8d8e-f8a366f73cca,False,0.8236914600550964
ENDOTHELIAL,He_Fan_2021_P4,0.8945945945945946,370,c624f243-f3c9-4a43-8d8e-f8a366f73cca,False,0.7891891891891891
ENDOTHELIAL,He_Fan_2021_P5,0.8780487804878049,205,c624f243-f3c9-4a43-8d8e-f8a366f73cca,False,0.7560975609756098
ENDOTHELIAL,Kim_Lee_2020_P0001,0.41935483870967744,31,c624f243-f3c9-4a43-8d8e-f8a366f73cca,False,-0.16129032258064513
ENDOTHELIAL,Kim_Lee_2020_P0006,0.7192982456140351,57,c624f243-f3c9-4a43-8d8e-f8a366f73cca,False,0.4385964912280702
ENDOTHELIAL,Kim_Lee_2020_P0008,0.6818181818181818,110,c624f243-f3c9-4a43-8d8e-f8a366f73cca,False,0.36363636363636354
ENDOTHELIAL,Kim_Lee_2020_P0009,0.581081081081081,74,c624f243-f3c9-4a43-8d8e-f8a366f73cca,False,0.16216216216216206
ENDOTHELIAL,Kim_Lee_2020_P0018,0.7945736434108527,258,c624f243-f3c9-4a43-8d8e-f8a366f73cca,False,0.5891472868217054
ENDOTHELIAL,Kim_Lee_2020_P0019,0.7358490566037735,477,c624f243-f3c9-4a43-8d8e-f8a366f73cca,False,0.47169811320754707
ENDOTHELIAL,Kim_Lee_2020_P0020,0.8392857142857143,112,c624f243-f3c9-4a43-8d8e-f8a366f73cca,False,0.6785714285714286
ENDOTHELIAL,Kim_Lee_2020_P0025,0.4642857142857143,28,c624f243-f3c9-4a43-8d8e-f8a366f73cca,False,-0.0714285714285714
ENDOTHELIAL,Kim_Lee_2020_P0028,0.9027777777777778,72,c624f243-f3c9-4a43-8d8e-f8a366f73cca,False,0.8055555555555556
ENDOTHELIAL,Kim_Lee_2020_P0030,0.7209302325581395,301,c624f243-f3c9-4a43-8d8e-f8a366f73cca,False,0.44186046511627897
ENDOTHELIAL,Kim_Lee_2020_P0031,0.6677852348993288,298,c624f243-f3c9-4a43-8d8e-f8a366f73cca,False,0.3355704697986577
ENDOTHELIAL,Kim_Lee_2020_P0034,0.7235772357723578,123,c624f243-f3c9-4a43-8d8e-f8a366f73cca,False,0.44715447154471555
ENDOTHELIAL,Kim_Lee_2020_P1006,0.8846153846153846,364,c624f243-f3c9-4a43-8d8e-f8a366f73cca,False,0.7692307692307692
ENDOTHELIAL,Kim_Lee_2020_P1010,0.7808219178082192,73,c624f243-f3c9-4a43-8d8e-f8a366f73cca,False,0.5616438356164384
ENDOTHELIAL,Kim_Lee_2020_P1011,0.8958333333333334,48,c624f243-f3c9-4a43-8d8e-f8a366f73cca,False,0.7916666666666667
ENDOTHELIAL,Kim_Lee_2020_P1012,0.92,25,c624f243-f3c9-4a43-8d8e-f8a366f73cca,False,0.8400000000000001
ENDOTHELIAL,Kim_Lee_2020_P1013,0.9512195121951219,246,c624f243-f3c9-4a43-8d8e-f8a366f73cca,False,0.9024390243902438
ENDOTHELIAL,Kim_Lee_2020_P1015,0.9928057553956835,139,c624f243-f3c9-4a43-8d8e-f8a366f73cca,False,0.985611510791367
ENDOTHELIAL,Kim_Lee_2020_P1019,0.9285714285714286,14,c624f243-f3c9-4a43-8d8e-f8a366f73cca,False,0.8571428571428572
ENDOTHELIAL,Kim_Lee_2020_P1028,0.7747747747747747,111,c624f243-f3c9-4a43-8d8e-f8a366f73cca,False,0.5495495495495495
ENDOTHELIAL,Kim_Lee_2020_P1049,0.8260869565217391,69,c624f243-f3c9-4a43-8d8e-f8a366f73cca,False,0.6521739130434783
ENDOTHELIAL,Kim_Lee_2020_P1051,0.9,130,c624f243-f3c9-4a43-8d8e-f8a366f73cca,False,0.8
ENDOTHELIAL,Kim_Lee_2020_P1058,0.8701298701298701,154,c624f243-f3c9-4a43-8d8e-f8a366f73cca,False,0.7402597402597402
ENDOTHELIAL,Kim_Lee_2020_P1064,0.9,10,c624f243-f3c9-4a43-8d8e-f8a366f73cca,False,0.8
ENDOTHELIAL,Kim_Lee_2020_P2001,1.0,2,c624f243-f3c9-4a43-8d8e-f8a366f73cca,False,1.0
ENDOTHELIAL,Kim_Lee_2020_P2002,1.0,1,c624f243-f3c9-4a43-8d8e-f8a366f73cca,False,1.0
ENDOTHELIAL,Kim_Lee_2020_P2003,,0,c624f243-f3c9-4a43-8d8e-f8a366f73cca,False,
ENDOTHELIAL,Kim_Lee_2020_P2004,,0,c624f243-f3c9-4a43-8d8e-f8a366f73cca,False,
ENDOTHELIAL,Kim_Lee_2020_P2005,1.0,1,c624f243-f3c9-4a43-8d8e-f8a366f73cca,False,1.0
ENDOTHELIAL,Kim_Lee_2020_P2006,0.5,2,c624f243-f3c9-4a43-8d8e-f8a366f73cca,False,0.0
ENDOTHELIAL,Kim_Lee_2020_P2007,0.6666666666666666,9,c624f243-f3c9-4a43-8d8e-f8a366f73cca,False,0.33333333333333326
ENDOTHELIAL,Kim_Lee_2020_P2008,1.0,5,c624f243-f3c9-4a43-8d8e-f8a366f73cca,False,1.0
ENDOTHELIAL,Kim_Lee_2020_P2011,1.0,4,c624f243-f3c9-4a43-8d8e-f8a366f73cca,False,1.0
ENDOTHELIAL,Kim_Lee_2020_P2012,1.0,2,c624f243-f3c9-4a43-8d8e-f8a366f73cca,False,1.0
ENDOTHELIAL,Kim_Lee_2020_P3002,0.859375,64,c624f243-f3c9-4a43-8d8e-f8a366f73cca,False,0.71875
ENDOTHELIAL,Kim_Lee_2020_P3003,0.8590308370044053,227,c624f243-f3c9-4a43-8d8e-f8a366f73cca,False,0.7180616740088106
ENDOTHELIAL,Kim_Lee_2020_P3004,0.7615894039735099,151,c624f243-f3c9-4a43-8d8e-f8a366f73cca,False,0.5231788079470199
ENDOTHELIAL,Kim_Lee_2020_P3006,0.746031746031746,63,c624f243-f3c9-4a43-8d8e-f8a366f73cca,False,0.4920634920634921
ENDOTHELIAL,Kim_Lee_2020_P3007,0.8134952766531713,3705,c624f243-f3c9-4a43-8d8e-f8a366f73cca,False,0.6269905533063427
ENDOTHELIAL,Kim_Lee_2020_P3012,0.7511520737327189,868,c624f243-f3c9-4a43-8d8e-f8a366f73cca,False,0.5023041474654377
ENDOTHELIAL,Kim_Lee_2020_P3013,0.9,20,c624f243-f3c9-4a43-8d8e-f8a366f73cca,False,0.8
ENDOTHELIAL,Kim_Lee_2020_P3016,0.7142857142857143,7,c624f243-f3c9-4a43-8d8e-f8a366f73cca,False,0.4285714285714286
ENDOTHELIAL,Kim_Lee_2020_P3017,0.8911174785100286,349,c624f243-f3c9-4a43-8d8e-f8a366f73cca,False,0.7822349570200573
ENDOTHELIAL,Kim_Lee_2020_P3019,0.9166666666666666,240,c624f243-f3c9-4a43-8d8e-f8a366f73cca,False,0.8333333333333333
ENDOTHELIAL,Lambrechts_Thienpont_2018_6149v2_3,0.458656330749354,774,c624f243-f3c9-4a43-8d8e-f8a366f73cca,False,-0.08268733850129195
ENDOTHELIAL,Lambrechts_Thienpont_2018_6149v2_4,0.9453924914675768,1758,c624f243-f3c9-4a43-8d8e-f8a366f73cca,False,0.8907849829351535
ENDOTHELIAL,Lambrechts_Thienpont_2018_6653_6,0.6782334384858044,634,c624f243-f3c9-4a43-8d8e-f8a366f73cca,False,0.35646687697160884
ENDOTHELIAL,Laughney_Massague_2020_LX255B,0.9024390243902439,41,c624f243-f3c9-4a43-8d8e-f8a366f73cca,False,0.8048780487804879
ENDOTHELIAL,Laughney_Massague_2020_LX653,0.25,4,c624f243-f3c9-4a43-8d8e-f8a366f73cca,False,-0.5
ENDOTHELIAL,Laughney_Massague_2020_LX661,1.0,4,c624f243-f3c9-4a43-8d8e-f8a366f73cca,False,1.0
ENDOTHELIAL,Laughney_Massague_2020_LX666,0.6111111111111112,36,c624f243-f3c9-4a43-8d8e-f8a366f73cca,False,0.22222222222222232
ENDOTHELIAL,Laughney_Massague_2020_LX675,0.5178571428571429,56,c624f243-f3c9-4a43-8d8e-f8a366f73cca,False,0.03571428571428581
ENDOTHELIAL,Laughney_Massague_2020_LX676,0.4,10,c624f243-f3c9-4a43-8d8e-f8a366f73cca,False,-0.19999999999999996
ENDOTHELIAL,Laughney_Massague_2020_LX679,0.6470588235294118,34,c624f243-f3c9-4a43-8d8e-f8a366f73cca,False,0.2941176470588236
ENDOTHELIAL,Laughney_Massague_2020_LX680,1.0,12,c624f243-f3c9-4a43-8d8e-f8a366f73cca,False,1.0
ENDOTHELIAL,Laughney_Massague_2020_LX681,0.5625,16,c624f243-f3c9-4a43-8d8e-f8a366f73cca,False,0.125
ENDOTHELIAL,Laughney_Massague_2020_LX682,0.5405405405405406,74,c624f243-f3c9-4a43-8d8e-f8a366f73cca,False,0.08108108108108114
ENDOTHELIAL,Laughney_Massague_2020_LX684,,0,c624f243-f3c9-4a43-8d8e-f8a366f73cca,False,
ENDOTHELIAL,Laughney_Massague_2020_LX685,0.3333333333333333,3,c624f243-f3c9-4a43-8d8e-f8a366f73cca,False,-0.33333333333333337
ENDOTHELIAL,Laughney_Massague_2020_LX699,0.6666666666666666,21,c624f243-f3c9-4a43-8d8e-f8a366f73cca,False,0.33333333333333326
ENDOTHELIAL,Laughney_Massague_2020_LX701,1.0,10,c624f243-f3c9-4a43-8d8e-f8a366f73cca,False,1.0
ENDOTHELIAL,Madissoon_Meyer_2020_343B,0.7587786259541984,655,c624f243-f3c9-4a43-8d8e-f8a366f73cca,False,0.5175572519083969
ENDOTHELIAL,Madissoon_Meyer_2020_356C,0.5677966101694916,118,c624f243-f3c9-4a43-8d8e-f8a366f73cca,False,0.13559322033898313
ENDOTHELIAL,Madissoon_Meyer_2020_367C,0.385502471169687,607,c624f243-f3c9-4a43-8d8e-f8a366f73cca,False,-0.228995057660626
ENDOTHELIAL,Madissoon_Meyer_2020_368C,0.38571428571428573,280,c624f243-f3c9-4a43-8d8e-f8a366f73cca,False,-0.22857142857142854
ENDOTHELIAL,Madissoon_Meyer_2020_390C,0.2391304347826087,276,c624f243-f3c9-4a43-8d8e-f8a366f73cca,False,-0.5217391304347826
ENDOTHELIAL,Maier_Merad_2020_370,,0,c624f243-f3c9-4a43-8d8e-f8a366f73cca,False,
ENDOTHELIAL,Maier_Merad_2020_371,,0,c624f243-f3c9-4a43-8d8e-f8a366f73cca,False,
ENDOTHELIAL,Maier_Merad_2020_378,,0,c624f243-f3c9-4a43-8d8e-f8a366f73cca,False,
ENDOTHELIAL,Maier_Merad_2020_393,,0,c624f243-f3c9-4a43-8d8e-f8a366f73cca,False,
ENDOTHELIAL,Maier_Merad_2020_403,,0,c624f243-f3c9-4a43-8d8e-f8a366f73cca,False,
ENDOTHELIAL,Maier_Merad_2020_406,,0,c624f243-f3c9-4a43-8d8e-f8a366f73cca,False,
ENDOTHELIAL,Maier_Merad_2020_408,,0,c624f243-f3c9-4a43-8d8e-f8a366f73cca,False,
ENDOTHELIAL,Maier_Merad_2020_410,,0,c624f243-f3c9-4a43-8d8e-f8a366f73cca,False,
ENDOTHELIAL,Maier_Merad_2020_514,,0,c624f243-f3c9-4a43-8d8e-f8a366f73cca,False,
ENDOTHELIAL,Maier_Merad_2020_532,,0,c624f243-f3c9-4a43-8d8e-f8a366f73cca,False,
ENDOTHELIAL,Maier_Merad_2020_564,,0,c624f243-f3c9-4a43-8d8e-f8a366f73cca,False,
ENDOTHELIAL,Maier_Merad_2020_569,,0,c624f243-f3c9-4a43-8d8e-f8a366f73cca,False,
ENDOTHELIAL,Maier_Merad_2020_570,,0,c624f243-f3c9-4a43-8d8e-f8a366f73cca,False,
ENDOTHELIAL,Maier_Merad_2020_571,,0,c624f243-f3c9-4a43-8d8e-f8a366f73cca,False,
ENDOTHELIAL,Maier_Merad_2020_572,,0,c624f243-f3c9-4a43-8d8e-f8a366f73cca,False,
ENDOTHELIAL,Maier_Merad_2020_578,,0,c624f243-f3c9-4a43-8d8e-f8a366f73cca,False,
ENDOTHELIAL,Maier_Merad_2020_581,,0,c624f243-f3c9-4a43-8d8e-f8a366f73cca,False,
ENDOTHELIAL,Maier_Merad_2020_593,0.0,2,c624f243-f3c9-4a43-8d8e-f8a366f73cca,False,-1.0
ENDOTHELIAL,Maier_Merad_2020_596,,0,c624f243-f3c9-4a43-8d8e-f8a366f73cca,False,
ENDOTHELIAL,Maier_Merad_2020_626,,0,c624f243-f3c9-4a43-8d8e-f8a366f73cca,False,
ENDOTHELIAL,Maier_Merad_2020_630,,0,c624f243-f3c9-4a43-8d8e-f8a366f73cca,False,
ENDOTHELIAL,Maier_Merad_2020_695,,0,c624f243-f3c9-4a43-8d8e-f8a366f73cca,False,
ENDOTHELIAL,Maier_Merad_2020_729,,0,c624f243-f3c9-4a43-8d8e-f8a366f73cca,False,
ENDOTHELIAL,Maynard_Bivona_2020_TH067,0.625,8,c624f243-f3c9-4a43-8d8e-f8a366f73cca,False,0.25
ENDOTHELIAL,Maynard_Bivona_2020_TH103,0.0,1,c624f243-f3c9-4a43-8d8e-f8a366f73cca,False,-1.0
ENDOTHELIAL,Maynard_Bivona_2020_TH146,0.0,1,c624f243-f3c9-4a43-8d8e-f8a366f73cca,False,-1.0
ENDOTHELIAL,Maynard_Bivona_2020_TH153,,0,c624f243-f3c9-4a43-8d8e-f8a366f73cca,False,
ENDOTHELIAL,Maynard_Bivona_2020_TH155,0.0,2,c624f243-f3c9-4a43-8d8e-f8a366f73cca,False,-1.0
ENDOTHELIAL,Maynard_Bivona_2020_TH156,1.0,1,c624f243-f3c9-4a43-8d8e-f8a366f73cca,False,1.0
ENDOTHELIAL,Maynard_Bivona_2020_TH157,1.0,1,c624f243-f3c9-4a43-8d8e-f8a366f73cca,False,1.0
ENDOTHELIAL,Maynard_Bivona_2020_TH158,0.0,1,c624f243-f3c9-4a43-8d8e-f8a366f73cca,False,-1.0
ENDOTHELIAL,Maynard_Bivona_2020_TH169,0.3333333333333333,3,c624f243-f3c9-4a43-8d8e-f8a366f73cca,False,-0.33333333333333337
ENDOTHELIAL,Maynard_Bivona_2020_TH179,0.6666666666666666,210,c624f243-f3c9-4a43-8d8e-f8a366f73cca,False,0.33333333333333326
ENDOTHELIAL,Maynard_Bivona_2020_TH179_NAT,0.3333333333333333,84,c624f243-f3c9-4a43-8d8e-f8a366f73cca,False,-0.33333333333333337
ENDOTHELIAL,Maynard_Bivona_2020_TH185,,0,c624f243-f3c9-4a43-8d8e-f8a366f73cca,False,
ENDOTHELIAL,Maynard_Bivona_2020_TH205,0.4318181818181818,44,c624f243-f3c9-4a43-8d8e-f8a366f73cca,False,-0.13636363636363635
ENDOTHELIAL,Maynard_Bivona_2020_TH210,,0,c624f243-f3c9-4a43-8d8e-f8a366f73cca,False,
ENDOTHELIAL,Maynard_Bivona_2020_TH217,,0,c624f243-f3c9-4a43-8d8e-f8a366f73cca,False,
ENDOTHELIAL,Maynard_Bivona_2020_TH218,0.9166666666666666,12,c624f243-f3c9-4a43-8d8e-f8a366f73cca,False,0.8333333333333333
ENDOTHELIAL,Maynard_Bivona_2020_TH220,0.5909090909090909,22,c624f243-f3c9-4a43-8d8e-f8a366f73cca,False,0.18181818181818188
ENDOTHELIAL,Maynard_Bivona_2020_TH222,0.7391304347826086,23,c624f243-f3c9-4a43-8d8e-f8a366f73cca,False,0.4782608695652173
ENDOTHELIAL,Maynard_Bivona_2020_TH223,1.0,1,c624f243-f3c9-4a43-8d8e-f8a366f73cca,False,1.0
ENDOTHELIAL,Maynard_Bivona_2020_TH225,0.0,1,c624f243-f3c9-4a43-8d8e-f8a366f73cca,False,-1.0
ENDOTHELIAL,Maynard_Bivona_2020_TH226,0.8272727272727273,110,c624f243-f3c9-4a43-8d8e-f8a366f73cca,False,0.6545454545454545
ENDOTHELIAL,Maynard_Bivona_2020_TH227,,0,c624f243-f3c9-4a43-8d8e-f8a366f73cca,False,
ENDOTHELIAL,Maynard_Bivona_2020_TH231,1.0,1,c624f243-f3c9-4a43-8d8e-f8a366f73cca,False,1.0
ENDOTHELIAL,Maynard_Bivona_2020_TH236,0.6296296296296297,81,c624f243-f3c9-4a43-8d8e-f8a366f73cca,False,0.2592592592592593
ENDOTHELIAL,Maynard_Bivona_2020_TH238,0.5806451612903226,62,c624f243-f3c9-4a43-8d8e-f8a366f73cca,False,0.16129032258064524
ENDOTHELIAL,Maynard_Bivona_2020_TH238_NAT,0.4406779661016949,59,c624f243-f3c9-4a43-8d8e-f8a366f73cca,False,-0.11864406779661019
ENDOTHELIAL,Maynard_Bivona_2020_TH248,0.8333333333333334,18,c624f243-f3c9-4a43-8d8e-f8a366f73cca,False,0.6666666666666667
ENDOTHELIAL,Maynard_Bivona_2020_TH266,0.5947712418300654,153,c624f243-f3c9-4a43-8d8e-f8a366f73cca,False,0.1895424836601307
ENDOTHELIAL,Mayr_Schiller_2020_muc10380,0.6458333333333334,144,c624f243-f3c9-4a43-8d8e-f8a366f73cca,False,0.29166666666666674
ENDOTHELIAL,Mayr_Schiller_2020_muc3843,0.5652173913043478,23,c624f243-f3c9-4a43-8d8e-f8a366f73cca,False,0.13043478260869557
ENDOTHELIAL,Mayr_Schiller_2020_muc4658,0.35714285714285715,56,c624f243-f3c9-4a43-8d8e-f8a366f73cca,False,-0.2857142857142857
ENDOTHELIAL,Mayr_Schiller_2020_muc4659,,0,c624f243-f3c9-4a43-8d8e-f8a366f73cca,False,
ENDOTHELIAL,Mayr_Schiller_2020_muc5103,0.21153846153846154,52,c624f243-f3c9-4a43-8d8e-f8a366f73cca,False,-0.5769230769230769
ENDOTHELIAL,Mayr_Schiller_2020_muc5105,0.16666666666666666,18,c624f243-f3c9-4a43-8d8e-f8a366f73cca,False,-0.6666666666666667
ENDOTHELIAL,Mayr_Schiller_2020_muc5212,0.2112676056338028,71,c624f243-f3c9-4a43-8d8e-f8a366f73cca,False,-0.5774647887323944
ENDOTHELIAL,Mayr_Schiller_2020_muc5213,0.3548387096774194,62,c624f243-f3c9-4a43-8d8e-f8a366f73cca,False,-0.29032258064516125
ENDOTHELIAL,Mayr_Schiller_2020_muc9832,,0,c624f243-f3c9-4a43-8d8e-f8a366f73cca,False,
ENDOTHELIAL,Mayr_Schiller_2020_muc9833,0.44537815126050423,119,c624f243-f3c9-4a43-8d8e-f8a366f73cca,False,-0.10924369747899154
ENDOTHELIAL,Reyfman_Misharin_2018_Donor_01,0.20253164556962025,79,c624f243-f3c9-4a43-8d8e-f8a366f73cca,False,-0.5949367088607596
ENDOTHELIAL,Reyfman_Misharin_2018_Donor_02,0.1978021978021978,91,c624f243-f3c9-4a43-8d8e-f8a366f73cca,False,-0.6043956043956045
ENDOTHELIAL,Reyfman_Misharin_2018_Donor_03,0.16666666666666666,54,c624f243-f3c9-4a43-8d8e-f8a366f73cca,False,-0.6666666666666667
ENDOTHELIAL,Reyfman_Misharin_2018_Donor_04,0.08333333333333333,48,c624f243-f3c9-4a43-8d8e-f8a366f73cca,False,-0.8333333333333334
ENDOTHELIAL,Reyfman_Misharin_2018_Donor_05,0.2608695652173913,23,c624f243-f3c9-4a43-8d8e-f8a366f73cca,False,-0.4782608695652174
ENDOTHELIAL,Reyfman_Misharin_2018_Donor_06,0.2465753424657534,73,c624f243-f3c9-4a43-8d8e-f8a366f73cca,False,-0.5068493150684932
ENDOTHELIAL,Reyfman_Misharin_2018_Donor_07,0.22395833333333334,192,c624f243-f3c9-4a43-8d8e-f8a366f73cca,False,-0.5520833333333333
ENDOTHELIAL,Reyfman_Misharin_2018_Donor_08,0.527027027027027,74,c624f243-f3c9-4a43-8d8e-f8a366f73cca,False,0.054054054054053946
ENDOTHELIAL,SD10_raw_feature_bc_matrix,0.9523809523809523,21,SD10_raw_feature_bc_matrix,True,0.9047619047619047
ENDOTHELIAL,SD12_raw_feature_bc_matrix,0.908256880733945,109,SD12_raw_feature_bc_matrix,True,0.8165137614678899
ENDOTHELIAL,SD15_raw_feature_bc_matrix,,0,SD15_raw_feature_bc_matrix,True,
ENDOTHELIAL,SD16_raw_feature_bc_matrix,0.6896551724137931,58,SD16_raw_feature_bc_matrix,True,0.3793103448275863
ENDOTHELIAL,SD2_raw_feature_bc_matrix,0.94,300,SD2_raw_feature_bc_matrix,True,0.8799999999999999
ENDOTHELIAL,SD3_raw_feature_bc_matrix,0.8888888888888888,9,SD3_raw_feature_bc_matrix,True,0.7777777777777777
ENDOTHELIAL,SD6_raw_feature_bc_matrix,0.6886792452830188,106,SD6_raw_feature_bc_matrix,True,0.37735849056603765
ENDOTHELIAL,SD7_raw_feature_bc_matrix,0.9333333333333333,180,SD7_raw_feature_bc_matrix,True,0.8666666666666667
ENDOTHELIAL,SD8_raw_feature_bc_matrix,,0,SD8_raw_feature_bc_matrix,False,
ENDOTHELIAL,Travaglini_Krasnow_2020_Lung_P1,0.3229166666666667,576,c624f243-f3c9-4a43-8d8e-f8a366f73cca,False,-0.35416666666666663
ENDOTHELIAL,Travaglini_Krasnow_2020_Lung_P2,0.21340388007054673,1134,c624f243-f3c9-4a43-8d8e-f8a366f73cca,False,-0.5731922398589065
ENDOTHELIAL,Travaglini_Krasnow_2020_Lung_P3,0.48717948717948717,117,c624f243-f3c9-4a43-8d8e-f8a366f73cca,False,-0.02564102564102566
ENDOTHELIAL,UKIM-V_P1,0.2727272727272727,11,c624f243-f3c9-4a43-8d8e-f8a366f73cca,False,-0.4545454545454546
ENDOTHELIAL,UKIM-V_P3,0.8919753086419753,324,c624f243-f3c9-4a43-8d8e-f8a366f73cca,False,0.7839506172839505
ENDOTHELIAL,Vieira_Teichmann_2019_Dropseq_1,0.417910447761194,67,c624f243-f3c9-4a43-8d8e-f8a366f73cca,False,-0.16417910447761197
ENDOTHELIAL,Vieira_Teichmann_2019_Dropseq_2,0.4794520547945205,73,c624f243-f3c9-4a43-8d8e-f8a366f73cca,False,-0.04109589041095896
ENDOTHELIAL,Vieira_Teichmann_2019_Dropseq_3,0.3115942028985507,138,c624f243-f3c9-4a43-8d8e-f8a366f73cca,False,-0.37681159420289856
ENDOTHELIAL,Vieira_Teichmann_2019_Dropseq_4,0.12244897959183673,49,c624f243-f3c9-4a43-8d8e-f8a366f73cca,False,-0.7551020408163265
ENDOTHELIAL,Wu_Zhou_2021_P12,0.5714285714285714,14,c624f243-f3c9-4a43-8d8e-f8a366f73cca,False,0.1428571428571428
ENDOTHELIAL,Wu_Zhou_2021_P13,0.5,2,c624f243-f3c9-4a43-8d8e-f8a366f73cca,False,0.0
ENDOTHELIAL,Wu_Zhou_2021_P16,0.5714285714285714,7,c624f243-f3c9-4a43-8d8e-f8a366f73cca,False,0.1428571428571428
ENDOTHELIAL,Wu_Zhou_2021_P2,0.5,2,c624f243-f3c9-4a43-8d8e-f8a366f73cca,False,0.0
ENDOTHELIAL,Wu_Zhou_2021_P20,1.0,2,c624f243-f3c9-4a43-8d8e-f8a366f73cca,False,1.0
ENDOTHELIAL,Wu_Zhou_2021_P21,0.8571428571428571,7,c624f243-f3c9-4a43-8d8e-f8a366f73cca,False,0.7142857142857142
ENDOTHELIAL,Wu_Zhou_2021_P24,,0,c624f243-f3c9-4a43-8d8e-f8a366f73cca,False,
ENDOTHELIAL,Wu_Zhou_2021_P28,0.9,10,c624f243-f3c9-4a43-8d8e-f8a366f73cca,False,0.8
ENDOTHELIAL,Wu_Zhou_2021_P29,,0,c624f243-f3c9-4a43-8d8e-f8a366f73cca,False,
ENDOTHELIAL,Wu_Zhou_2021_P32,1.0,1,c624f243-f3c9-4a43-8d8e-f8a366f73cca,False,1.0
ENDOTHELIAL,Wu_Zhou_2021_P33,1.0,1,c624f243-f3c9-4a43-8d8e-f8a366f73cca,False,1.0
ENDOTHELIAL,Wu_Zhou_2021_P34,1.0,1,c624f243-f3c9-4a43-8d8e-f8a366f73cca,False,1.0
ENDOTHELIAL,Wu_Zhou_2021_P35,1.0,1,c624f243-f3c9-4a43-8d8e-f8a366f73cca,False,1.0
ENDOTHELIAL,Wu_Zhou_2021_P38,,0,c624f243-f3c9-4a43-8d8e-f8a366f73cca,False,
ENDOTHELIAL,Wu_Zhou_2021_P39,1.0,3,c624f243-f3c9-4a43-8d8e-f8a366f73cca,False,1.0
ENDOTHELIAL,Wu_Zhou_2021_P5,0.8666666666666667,15,c624f243-f3c9-4a43-8d8e-f8a366f73cca,False,0.7333333333333334
ENDOTHELIAL,Wu_Zhou_2021_P8,0.6666666666666666,3,c624f243-f3c9-4a43-8d8e-f8a366f73cca,False,0.33333333333333326
ENDOTHELIAL,Wu_Zhou_2021_P9,0.9346938775510204,245,c624f243-f3c9-4a43-8d8e-f8a366f73cca,False,0.8693877551020408
ENDOTHELIAL,Zilionis_Klein_2019_patient_3,0.44285714285714284,140,c624f243-f3c9-4a43-8d8e-f8a366f73cca,False,-0.11428571428571432
ENDOTHELIAL,Zilionis_Klein_2019_patient_4,0.8148148148148148,27,c624f243-f3c9-4a43-8d8e-f8a366f73cca,False,0.6296296296296295
ENDOTHELIAL,Zilionis_Klein_2019_patient_5,0.6190476190476191,63,c624f243-f3c9-4a43-8d8e-f8a366f73cca,False,0.23809523809523814
ENDOTHELIAL,Zilionis_Klein_2019_patient_6,0.49056603773584906,53,c624f243-f3c9-4a43-8d8e-f8a366f73cca,False,-0.018867924528301883
ENDOTHELIAL,Zilionis_Klein_2019_patient_7,0.5,52,c624f243-f3c9-4a43-8d8e-f8a366f73cca,False,0.0
ENDOTHELIAL,b351804c-293e-4aeb-9c4c-043db67f4540,,0,b351804c-293e-4aeb-9c4c-043db67f4540,False,
ENDOTHELIAL,homosapiens_None_2023_None_sikkemalisa_001_d10_1101_2022_03_10_4837472020-3173-NC002,,0,b351804c-293e-4aeb-9c4c-043db67f4540,False,
ENDOTHELIAL,homosapiens_None_2023_None_sikkemalisa_001_d10_1101_2022_03_10_4837472020-3173-NC003,1.0,6,b351804c-293e-4aeb-9c4c-043db67f4540,False,1.0
ENDOTHELIAL,homosapiens_None_2023_None_sikkemalisa_001_d10_1101_2022_03_10_4837472020-3173-NC004,0.0,1,b351804c-293e-4aeb-9c4c-043db67f4540,False,-1.0
ENDOTHELIAL,homosapiens_None_2023_None_sikkemalisa_001_d10_1101_2022_03_10_4837472020-3173-NC005,,0,b351804c-293e-4aeb-9c4c-043db67f4540,False,
ENDOTHELIAL,homosapiens_None_2023_None_sikkemalisa_001_d10_1101_2022_03_10_4837472020-3173-NC006,1.0,3,b351804c-293e-4aeb-9c4c-043db67f4540,False,1.0
ENDOTHELIAL,homosapiens_None_2023_None_sikkemalisa_001_d10_1101_2022_03_10_4837472020-3173-NC007,,0,b351804c-293e-4aeb-9c4c-043db67f4540,False,
ENDOTHELIAL,homosapiens_None_2023_None_sikkemalisa_001_d10_1101_2022_03_10_4837472020-3173-NC008,,0,b351804c-293e-4aeb-9c4c-043db67f4540,False,
ENDOTHELIAL,homosapiens_None_2023_None_sikkemalisa_001_d10_1101_2022_03_10_483747284C,0.13513513513513514,74,b351804c-293e-4aeb-9c4c-043db67f4540,False,-0.7297297297297297
ENDOTHELIAL,homosapiens_None_2023_None_sikkemalisa_001_d10_1101_2022_03_10_483747290B,,0,b351804c-293e-4aeb-9c4c-043db67f4540,False,
ENDOTHELIAL,homosapiens_None_2023_None_sikkemalisa_001_d10_1101_2022_03_10_483747292B,0.0,1,b351804c-293e-4aeb-9c4c-043db67f4540,False,-1.0
ENDOTHELIAL,homosapiens_None_2023_None_sikkemalisa_001_d10_1101_2022_03_10_483747296C,0.23809523809523808,126,b351804c-293e-4aeb-9c4c-043db67f4540,False,-0.5238095238095238
ENDOTHELIAL,homosapiens_None_2023_None_sikkemalisa_001_d10_1101_2022_03_10_483747298C,0.19393939393939394,165,b351804c-293e-4aeb-9c4c-043db67f4540,False,-0.6121212121212121
ENDOTHELIAL,homosapiens_None_2023_None_sikkemalisa_001_d10_1101_2022_03_10_483747302C,0.25,12,b351804c-293e-4aeb-9c4c-043db67f4540,False,-0.5
ENDOTHELIAL,homosapiens_None_2023_None_sikkemalisa_001_d10_1101_2022_03_10_483747356C,0.6509433962264151,212,b351804c-293e-4aeb-9c4c-043db67f4540,False,0.3018867924528301
ENDOTHELIAL,homosapiens_None_2023_None_sikkemalisa_001_d10_1101_2022_03_10_483747368C,0.42757009345794394,428,b351804c-293e-4aeb-9c4c-043db67f4540,False,-0.1448598130841121
ENDOTHELIAL,homosapiens_None_2023_None_sikkemalisa_001_d10_1101_2022_03_10_483747390C,0.36538461538461536,468,b351804c-293e-4aeb-9c4c-043db67f4540,False,-0.2692307692307693
ENDOTHELIAL,homosapiens_None_2023_None_sikkemalisa_001_d10_1101_2022_03_10_483747D322,0.9655172413793104,261,b351804c-293e-4aeb-9c4c-043db67f4540,False,0.9310344827586208
ENDOTHELIAL,homosapiens_None_2023_None_sikkemalisa_001_d10_1101_2022_03_10_483747D326,0.7815126050420168,238,b351804c-293e-4aeb-9c4c-043db67f4540,False,0.5630252100840336
ENDOTHELIAL,homosapiens_None_2023_None_sikkemalisa_001_d10_1101_2022_03_10_483747D337,1.0,1,b351804c-293e-4aeb-9c4c-043db67f4540,False,1.0
ENDOTHELIAL,homosapiens_None_2023_None_sikkemalisa_001_d10_1101_2022_03_10_483747D339,0.910411622276029,413,b351804c-293e-4aeb-9c4c-043db67f4540,False,0.820823244552058
ENDOTHELIAL,homosapiens_None_2023_None_sikkemalisa_001_d10_1101_2022_03_10_483747D344,0.8940397350993378,302,b351804c-293e-4aeb-9c4c-043db67f4540,False,0.7880794701986755
ENDOTHELIAL,homosapiens_None_2023_None_sikkemalisa_001_d10_1101_2022_03_10_483747D353,0.9354838709677419,124,b351804c-293e-4aeb-9c4c-043db67f4540,False,0.8709677419354838
ENDOTHELIAL,homosapiens_None_2023_None_sikkemalisa_001_d10_1101_2022_03_10_483747D354,0.8846153846153846,104,b351804c-293e-4aeb-9c4c-043db67f4540,False,0.7692307692307692
ENDOTHELIAL,homosapiens_None_2023_None_sikkemalisa_001_d10_1101_2022_03_10_483747D363,0.8854961832061069,131,b351804c-293e-4aeb-9c4c-043db67f4540,False,0.7709923664122138
ENDOTHELIAL,homosapiens_None_2023_None_sikkemalisa_001_d10_1101_2022_03_10_483747D367,0.7593984962406015,133,b351804c-293e-4aeb-9c4c-043db67f4540,False,0.518796992481203
ENDOTHELIAL,homosapiens_None_2023_None_sikkemalisa_001_d10_1101_2022_03_10_483747D372,0.9249329758713136,746,b351804c-293e-4aeb-9c4c-043db67f4540,False,0.8498659517426272
ENDOTHELIAL,homosapiens_None_2023_None_sikkemalisa_001_d10_1101_2022_03_10_483747Donor_01,0.20238095238095238,84,b351804c-293e-4aeb-9c4c-043db67f4540,False,-0.5952380952380952
ENDOTHELIAL,homosapiens_None_2023_None_sikkemalisa_001_d10_1101_2022_03_10_483747Donor_02,0.2037037037037037,108,b351804c-293e-4aeb-9c4c-043db67f4540,False,-0.5925925925925926
ENDOTHELIAL,homosapiens_None_2023_None_sikkemalisa_001_d10_1101_2022_03_10_483747Donor_03,0.2608695652173913,69,b351804c-293e-4aeb-9c4c-043db67f4540,False,-0.4782608695652174
ENDOTHELIAL,homosapiens_None_2023_None_sikkemalisa_001_d10_1101_2022_03_10_483747Donor_04,0.07407407407407407,54,b351804c-293e-4aeb-9c4c-043db67f4540,False,-0.8518518518518519
ENDOTHELIAL,homosapiens_None_2023_None_sikkemalisa_001_d10_1101_2022_03_10_483747Donor_05,0.20930232558139536,43,b351804c-293e-4aeb-9c4c-043db67f4540,False,-0.5813953488372092
ENDOTHELIAL,homosapiens_None_2023_None_sikkemalisa_001_d10_1101_2022_03_10_483747Donor_06,0.21686746987951808,83,b351804c-293e-4aeb-9c4c-043db67f4540,False,-0.5662650602409638
ENDOTHELIAL,homosapiens_None_2023_None_sikkemalisa_001_d10_1101_2022_03_10_483747Donor_07,0.215311004784689,209,b351804c-293e-4aeb-9c4c-043db67f4540,False,-0.569377990430622
ENDOTHELIAL,homosapiens_None_2023_None_sikkemalisa_001_d10_1101_2022_03_10_483747Donor_08,0.325,40,b351804c-293e-4aeb-9c4c-043db67f4540,False,-0.35
ENDOTHELIAL,homosapiens_None_2023_None_sikkemalisa_001_d10_1101_2022_03_10_483747GRO-01,0.7647058823529411,17,b351804c-293e-4aeb-9c4c-043db67f4540,False,0.5294117647058822
ENDOTHELIAL,homosapiens_None_2023_None_sikkemalisa_001_d10_1101_2022_03_10_483747GRO-02,1.0,1,b351804c-293e-4aeb-9c4c-043db67f4540,False,1.0
ENDOTHELIAL,homosapiens_None_2023_None_sikkemalisa_001_d10_1101_2022_03_10_483747GRO-03,0.7731481481481481,216,b351804c-293e-4aeb-9c4c-043db67f4540,False,0.5462962962962963
ENDOTHELIAL,homosapiens_None_2023_None_sikkemalisa_001_d10_1101_2022_03_10_483747GRO-04,0.7965116279069767,172,b351804c-293e-4aeb-9c4c-043db67f4540,False,0.5930232558139534
ENDOTHELIAL,homosapiens_None_2023_None_sikkemalisa_001_d10_1101_2022_03_10_483747GRO-06,0.6,70,b351804c-293e-4aeb-9c4c-043db67f4540,False,0.19999999999999996
ENDOTHELIAL,homosapiens_None_2023_None_sikkemalisa_001_d10_1101_2022_03_10_483747GRO-07,0.6222222222222222,135,b351804c-293e-4aeb-9c4c-043db67f4540,False,0.24444444444444446
ENDOTHELIAL,homosapiens_None_2023_None_sikkemalisa_001_d10_1101_2022_03_10_483747GRO-08,0.5760869565217391,92,b351804c-293e-4aeb-9c4c-043db67f4540,False,0.15217391304347827
ENDOTHELIAL,homosapiens_None_2023_None_sikkemalisa_001_d10_1101_2022_03_10_483747GRO-09,0.6521739130434783,575,b351804c-293e-4aeb-9c4c-043db67f4540,False,0.30434782608695654
ENDOTHELIAL,homosapiens_None_2023_None_sikkemalisa_001_d10_1101_2022_03_10_483747GRO-10,0.6946502057613169,1215,b351804c-293e-4aeb-9c4c-043db67f4540,False,0.3893004115226337
ENDOTHELIAL,homosapiens_None_2023_None_sikkemalisa_001_d10_1101_2022_03_10_483747GRO-11,0.6680851063829787,235,b351804c-293e-4aeb-9c4c-043db67f4540,False,0.3361702127659574
ENDOTHELIAL,homosapiens_None_2023_None_sikkemalisa_001_d10_1101_2022_03_10_483747NU_CZI01,0.4227053140096618,414,b351804c-293e-4aeb-9c4c-043db67f4540,False,-0.15458937198067635
ENDOTHELIAL,homosapiens_None_2023_None_sikkemalisa_001_d10_1101_2022_03_10_483747NU_CZI02,0.3698862260953764,4131,b351804c-293e-4aeb-9c4c-043db67f4540,False,-0.2602275478092472
ENDOTHELIAL,homosapiens_None_2023_None_sikkemalisa_001_d10_1101_2022_03_10_483747T101,,0,b351804c-293e-4aeb-9c4c-043db67f4540,False,
ENDOTHELIAL,homosapiens_None_2023_None_sikkemalisa_001_d10_1101_2022_03_10_483747T120,,0,b351804c-293e-4aeb-9c4c-043db67f4540,False,
ENDOTHELIAL,homosapiens_None_2023_None_sikkemalisa_001_d10_1101_2022_03_10_483747T121,,0,b351804c-293e-4aeb-9c4c-043db67f4540,False,
ENDOTHELIAL,homosapiens_None_2023_None_sikkemalisa_001_d10_1101_2022_03_10_483747T126,,0,b351804c-293e-4aeb-9c4c-043db67f4540,False,
ENDOTHELIAL,homosapiens_None_2023_None_sikkemalisa_001_d10_1101_2022_03_10_483747T137,,0,b351804c-293e-4aeb-9c4c-043db67f4540,False,
ENDOTHELIAL,homosapiens_None_2023_None_sikkemalisa_001_d10_1101_2022_03_10_483747T153,,0,b351804c-293e-4aeb-9c4c-043db67f4540,False,
ENDOTHELIAL,homosapiens_None_2023_None_sikkemalisa_001_d10_1101_2022_03_10_483747T154,,0,b351804c-293e-4aeb-9c4c-043db67f4540,False,
ENDOTHELIAL,homosapiens_None_2023_None_sikkemalisa_001_d10_1101_2022_03_10_483747T164,,0,b351804c-293e-4aeb-9c4c-043db67f4540,False,
ENDOTHELIAL,homosapiens_None_2023_None_sikkemalisa_001_d10_1101_2022_03_10_483747T165,,0,b351804c-293e-4aeb-9c4c-043db67f4540,False,
ENDOTHELIAL,homosapiens_None_2023_None_sikkemalisa_001_d10_1101_2022_03_10_483747T166,,0,b351804c-293e-4aeb-9c4c-043db67f4540,False,
ENDOTHELIAL,homosapiens_None_2023_None_sikkemalisa_001_d10_1101_2022_03_10_483747T167,,0,b351804c-293e-4aeb-9c4c-043db67f4540,False,
ENDOTHELIAL,homosapiens_None_2023_None_sikkemalisa_001_d10_1101_2022_03_10_483747T85,,0,b351804c-293e-4aeb-9c4c-043db67f4540,False,
ENDOTHELIAL,homosapiens_None_2023_None_sikkemalisa_001_d10_1101_2022_03_10_483747T89,,0,b351804c-293e-4aeb-9c4c-043db67f4540,False,
ENDOTHELIAL,homosapiens_None_2023_None_sikkemalisa_001_d10_1101_2022_03_10_483747T90,,0,b351804c-293e-4aeb-9c4c-043db67f4540,False,
ENDOTHELIAL,homosapiens_None_2023_None_sikkemalisa_001_d10_1101_2022_03_10_483747THD0001,0.24096385542168675,83,b351804c-293e-4aeb-9c4c-043db67f4540,False,-0.5180722891566265
ENDOTHELIAL,homosapiens_None_2023_None_sikkemalisa_001_d10_1101_2022_03_10_483747THD0005,0.3309608540925267,843,b351804c-293e-4aeb-9c4c-043db67f4540,False,-0.33807829181494664
ENDOTHELIAL,homosapiens_None_2023_None_sikkemalisa_001_d10_1101_2022_03_10_483747THD0006,0.42857142857142855,42,b351804c-293e-4aeb-9c4c-043db67f4540,False,-0.1428571428571429
ENDOTHELIAL,homosapiens_None_2023_None_sikkemalisa_001_d10_1101_2022_03_10_483747THD0007,0.3625,160,b351804c-293e-4aeb-9c4c-043db67f4540,False,-0.275
ENDOTHELIAL,homosapiens_None_2023_None_sikkemalisa_001_d10_1101_2022_03_10_483747THD0008,0.410958904109589,365,b351804c-293e-4aeb-9c4c-043db67f4540,False,-0.17808219178082196
ENDOTHELIAL,homosapiens_None_2023_None_sikkemalisa_001_d10_1101_2022_03_10_483747THD0009,0.28,75,b351804c-293e-4aeb-9c4c-043db67f4540,False,-0.43999999999999995
ENDOTHELIAL,homosapiens_None_2023_None_sikkemalisa_001_d10_1101_2022_03_10_483747THD0010,0.6176470588235294,34,b351804c-293e-4aeb-9c4c-043db67f4540,False,0.23529411764705888
ENDOTHELIAL,homosapiens_None_2023_None_sikkemalisa_001_d10_1101_2022_03_10_483747THD0012,0.19696969696969696,66,b351804c-293e-4aeb-9c4c-043db67f4540,False,-0.6060606060606061
ENDOTHELIAL,homosapiens_None_2023_None_sikkemalisa_001_d10_1101_2022_03_10_483747THD0014,0.125,80,b351804c-293e-4aeb-9c4c-043db67f4540,False,-0.75
ENDOTHELIAL,homosapiens_None_2023_None_sikkemalisa_001_d10_1101_2022_03_10_483747THD0015,0.2,10,b351804c-293e-4aeb-9c4c-043db67f4540,False,-0.6
ENDOTHELIAL,homosapiens_None_2023_None_sikkemalisa_001_d10_1101_2022_03_10_483747THD0017,0.5428571428571428,35,b351804c-293e-4aeb-9c4c-043db67f4540,False,0.08571428571428563
ENDOTHELIAL,homosapiens_None_2023_None_sikkemalisa_001_d10_1101_2022_03_10_483747THD0019,0.4230769230769231,26,b351804c-293e-4aeb-9c4c-043db67f4540,False,-0.15384615384615385
ENDOTHELIAL,homosapiens_None_2023_None_sikkemalisa_001_d10_1101_2022_03_10_483747THD0020,0.4482758620689655,29,b351804c-293e-4aeb-9c4c-043db67f4540,False,-0.10344827586206895
ENDOTHELIAL,homosapiens_None_2023_None_sikkemalisa_001_d10_1101_2022_03_10_483747VUHD071,0.717391304347826,46,b351804c-293e-4aeb-9c4c-043db67f4540,False,0.4347826086956521
ENDOTHELIAL,homosapiens_None_2023_None_sikkemalisa_001_d10_1101_2022_03_10_483747VUHD072,0.45588235294117646,68,b351804c-293e-4aeb-9c4c-043db67f4540,False,-0.08823529411764708
ENDOTHELIAL,homosapiens_None_2023_None_sikkemalisa_001_d10_1101_2022_03_10_483747VUHD073,0.24561403508771928,57,b351804c-293e-4aeb-9c4c-043db67f4540,False,-0.5087719298245614
ENDOTHELIAL,homosapiens_None_2023_None_sikkemalisa_001_d10_1101_2022_03_10_483747VUHD076,0.0,1,b351804c-293e-4aeb-9c4c-043db67f4540,False,-1.0
ENDOTHELIAL,homosapiens_None_2023_None_sikkemalisa_001_d10_1101_2022_03_10_483747VUHD077,0.5853658536585366,41,b351804c-293e-4aeb-9c4c-043db67f4540,False,0.1707317073170731
ENDOTHELIAL,homosapiens_None_2023_None_sikkemalisa_001_d10_1101_2022_03_10_483747VUHD078,0.3333333333333333,27,b351804c-293e-4aeb-9c4c-043db67f4540,False,-0.33333333333333337
ENDOTHELIAL,homosapiens_None_2023_None_sikkemalisa_001_d10_1101_2022_03_10_483747VUHD080,0.15384615384615385,13,b351804c-293e-4aeb-9c4c-043db67f4540,False,-0.6923076923076923
ENDOTHELIAL,homosapiens_None_2023_None_sikkemalisa_001_d10_1101_2022_03_10_483747VUHD101,0.4734848484848485,264,b351804c-293e-4aeb-9c4c-043db67f4540,False,-0.05303030303030298
ENDOTHELIAL,homosapiens_None_2023_None_sikkemalisa_001_d10_1101_2022_03_10_483747VUHD103,0.6884242733299337,1961,b351804c-293e-4aeb-9c4c-043db67f4540,False,0.37684854665986744
ENDOTHELIAL,homosapiens_None_2023_None_sikkemalisa_001_d10_1101_2022_03_10_483747VUHD104,0.640896614821592,2186,b351804c-293e-4aeb-9c4c-043db67f4540,False,0.281793229643184
ENDOTHELIAL,homosapiens_None_2023_None_sikkemalisa_001_d10_1101_2022_03_10_483747VUHD105,0.8,15,b351804c-293e-4aeb-9c4c-043db67f4540,False,0.6000000000000001
ENDOTHELIAL,homosapiens_None_2023_None_sikkemalisa_001_d10_1101_2022_03_10_483747VUHD106,0.7296849087893864,603,b351804c-293e-4aeb-9c4c-043db67f4540,False,0.4593698175787728
ENDOTHELIAL,homosapiens_None_2023_None_sikkemalisa_001_d10_1101_2022_03_10_483747VUHD107,0.6666666666666666,9,b351804c-293e-4aeb-9c4c-043db67f4540,False,0.33333333333333326
ENDOTHELIAL,homosapiens_None_2023_None_sikkemalisa_001_d10_1101_2022_03_10_483747VUHD66,0.479020979020979,286,b351804c-293e-4aeb-9c4c-043db67f4540,False,-0.04195804195804198
ENDOTHELIAL,homosapiens_None_2023_None_sikkemalisa_001_d10_1101_2022_03_10_483747VUHD67,0.4785373608903021,629,b351804c-293e-4aeb-9c4c-043db67f4540,False,-0.042925278219395846
ENDOTHELIAL,homosapiens_None_2023_None_sikkemalisa_001_d10_1101_2022_03_10_483747VUHD68,0.5229083665338645,2008,b351804c-293e-4aeb-9c4c-043db67f4540,False,0.04581673306772904
ENDOTHELIAL,homosapiens_None_2023_None_sikkemalisa_001_d10_1101_2022_03_10_483747VUHD69,0.44041450777202074,193,b351804c-293e-4aeb-9c4c-043db67f4540,False,-0.11917098445595853
ENDOTHELIAL,homosapiens_None_2023_None_sikkemalisa_001_d10_1101_2022_03_10_483747VUHD70,0.313102119460501,1038,b351804c-293e-4aeb-9c4c-043db67f4540,False,-0.37379576107899803
ENDOTHELIAL,homosapiens_None_2023_None_sikkemalisa_001_d10_1101_2022_03_10_483747VUHD84,0.6989869753979739,691,b351804c-293e-4aeb-9c4c-043db67f4540,False,0.3979739507959479
ENDOTHELIAL,homosapiens_None_2023_None_sikkemalisa_001_d10_1101_2022_03_10_483747VUHD85,0.2848180677540778,797,b351804c-293e-4aeb-9c4c-043db67f4540,False,-0.4303638644918444
ENDOTHELIAL,homosapiens_None_2023_None_sikkemalisa_001_d10_1101_2022_03_10_483747VUHD87,,0,b351804c-293e-4aeb-9c4c-043db67f4540,False,
ENDOTHELIAL,homosapiens_None_2023_None_sikkemalisa_001_d10_1101_2022_03_10_483747VUHD92,0.5203836930455635,417,b351804c-293e-4aeb-9c4c-043db67f4540,False,0.04076738609112707
ENDOTHELIAL,homosapiens_None_2023_None_sikkemalisa_001_d10_1101_2022_03_10_483747VUHD94,0.6483253588516746,1672,b351804c-293e-4aeb-9c4c-043db67f4540,False,0.2966507177033493
ENDOTHELIAL,homosapiens_None_2023_None_sikkemalisa_001_d10_1101_2022_03_10_483747VUHD95,0.45911330049261084,1015,b351804c-293e-4aeb-9c4c-043db67f4540,False,-0.08177339901477831
ENDOTHELIAL,homosapiens_None_2023_None_sikkemalisa_001_d10_1101_2022_03_10_483747VUHD98,0.3013126491646778,1676,b351804c-293e-4aeb-9c4c-043db67f4540,False,-0.39737470167064437
ENDOTHELIAL,homosapiens_None_2023_None_sikkemalisa_001_d10_1101_2022_03_10_483747donor 1,0.5802798134576949,1501,b351804c-293e-4aeb-9c4c-043db67f4540,False,0.16055962691538972
ENDOTHELIAL,homosapiens_None_2023_None_sikkemalisa_001_d10_1101_2022_03_10_483747donor 2,0.317206132879046,11740,b351804c-293e-4aeb-9c4c-043db67f4540,False,-0.36558773424190805
ENDOTHELIAL,homosapiens_None_2023_None_sikkemalisa_001_d10_1101_2022_03_10_483747donor 3,0.6063985911358967,3407,b351804c-293e-4aeb-9c4c-043db67f4540,False,0.21279718227179334
ENDOTHELIAL,homosapiens_None_2023_None_sikkemalisa_001_d10_1101_2022_03_10_483747lafy_donor_1,0.9230769230769231,13,b351804c-293e-4aeb-9c4c-043db67f4540,False,0.8461538461538463
ENDOTHELIAL,homosapiens_None_2023_None_sikkemalisa_001_d10_1101_2022_03_10_483747lafy_donor_2,0.6304347826086957,92,b351804c-293e-4aeb-9c4c-043db67f4540,False,0.26086956521739135
ENDOTHELIAL,homosapiens_None_2023_None_sikkemalisa_001_d10_1101_2022_03_10_483747lafy_donor_3,0.5324675324675324,77,b351804c-293e-4aeb-9c4c-043db67f4540,False,0.06493506493506485
ENDOTHELIAL,homosapiens_None_2023_None_sikkemalisa_001_d10_1101_2022_03_10_483747lafy_donor_4,0.5071090047393365,633,b351804c-293e-4aeb-9c4c-043db67f4540,False,0.014218009478673022
ENDOTHELIAL,homosapiens_None_2023_None_sikkemalisa_001_d10_1101_2022_03_10_483747lafy_donor_5,0.4267515923566879,314,b351804c-293e-4aeb-9c4c-043db67f4540,False,-0.14649681528662417
ENDOTHELIAL,homosapiens_None_2023_None_sikkemalisa_001_d10_1101_2022_03_10_483747lafy_donor_6,0.5415140415140415,1638,b351804c-293e-4aeb-9c4c-043db67f4540,False,0.08302808302808296
