feature,kras_egfr_group,value
COL1A2,Neither,2.9476659297943115
COL1A2,Neither,3.2898855209350586
COL1A2,Neither,3.172083616256714
COL1A2,Neither,0.0
COL1A2,Neither,0.0
COL1A2,Neither,0.0
COL1A2,Neither,0.0
COL1A2,Neither,2.966981887817383
COL1A2,Neither,1.9940439462661743
COL1A2,Neither,2.0334115028381348
COL1A2,Neither,1.3533227443695068
COL1A2,Neither,2.9031496047973633
COL1A2,Neither,3.325383186340332
COL1A2,Neither,1.5052062273025513
COL1A2,Neither,0.0
COL1A2,Neither,2.2119367122650146
COL1A2,Neither,4.048272132873535
COL1A2,Neither,1.9828896522521973
COL1A2,Neither,0.0
COL1A2,Neither,0.0
COL1A2,Neither,2.5815396308898926
COL1A2,Neither,3.820847272872925
COL1A2,Neither,1.9529718160629272
COL1A2,Neither,2.1648247241973877
COL1A2,Neither,2.0724728107452393
COL1A2,Neither,1.7847111225128174
COL1A2,Neither,2.0733840465545654
COL1A2,Neither,2.516066074371338
COL1A2,Neither,1.6191076040267944
COL1A2,Neither,1.8373430967330933
COL1A2,Neither,0.0
COL1A2,Neither,2.45300555229187
COL1A2,Neither,0.0
COL1A2,Neither,3.056666612625122
COL1A2,Neither,0.0
COL1A2,Neither,1.050742268562317
COL1A2,Neither,3.1671695709228516
COL1A2,Neither,3.547746181488037
COL1A2,Neither,2.152068614959717
COL1A2,Neither,0.0
COL1A2,Neither,0.0
COL1A2,Neither,2.823230266571045
COL1A2,Neither,0.0
COL1A2,Neither,3.0196285247802734
COL1A2,Neither,3.4395334720611572
COL1A2,Neither,2.004530429840088
COL1A2,Neither,0.0
COL1A2,Neither,3.649806261062622
COL1A2,Neither,0.0
COL1A2,Neither,3.2372331619262695
COL1A2,Neither,0.0
COL1A2,Neither,1.8921781778335571
COL1A2,Neither,3.910200357437134
COL1A2,Neither,0.0
COL1A2,Neither,2.826462507247925
COL1A2,Neither,0.0
COL1A2,Neither,0.9693102836608887
COL1A2,Neither,1.7407218217849731
COL1A2,Neither,3.3848390579223633
COL1A2,Neither,1.7736579179763794
COL1A2,Neither,4.009281158447266
COL1A2,Neither,2.4398398399353027
COL1A2,Neither,0.0
COL1A2,Neither,0.0
COL1A2,Neither,0.0
COL1A2,Neither,3.1797804832458496
COL1A2,Neither,0.0
COL1A2,Neither,0.0
COL1A2,Neither,0.0
COL1A2,Neither,1.4607213735580444
COL1A2,Neither,4.049623489379883
COL1A2,Neither,2.438646078109741
COL1A2,Neither,0.0
COL1A2,Neither,2.0025877952575684
COL1A2,Neither,5.269514560699463
COL1A2,Neither,0.0
COL1A2,Neither,0.0
COL1A2,Neither,0.0
COL1A2,Neither,2.8025763034820557
COL1A2,Neither,2.990102529525757
COL1A2,Neither,0.0
COL1A2,Neither,1.4546523094177246
COL1A2,Neither,3.164722442626953
COL1A2,Neither,2.438646078109741
COL1A2,Neither,3.4887819290161133
COL1A2,Neither,2.23769474029541
COL1A2,Neither,1.5669870376586914
COL1A2,Neither,1.8458267450332642
COL1A2,Neither,3.0294108390808105
COL1A2,Neither,1.9885823726654053
COL1A2,Neither,3.089421272277832
COL1A2,Neither,3.814319610595703
COL1A2,Neither,2.2217745780944824
COL1A2,Neither,2.6289334297180176
COL1A2,Neither,4.350188732147217
COL1A2,Neither,2.1606252193450928
COL1A2,Neither,3.317021131515503
COL1A2,Neither,5.453431129455566
COL1A2,Neither,1.973495602607727
COL1A2,Neither,3.0594053268432617
COL1A2,Neither,5.481054782867432
COL1A2,Neither,3.608973979949951
COL1A2,Neither,2.1452670097351074
COL1A2,Neither,2.5625526905059814
COL1A2,Neither,1.9929485321044922
COL1A2,Neither,3.00064754486084
COL1A2,Neither,2.9414124488830566
COL1A2,Neither,3.8404531478881836
COL1A2,Neither,2.9297335147857666
COL1A2,Neither,1.721601128578186
COL1A2,Neither,1.7611761093139648
COL1A2,Neither,2.441514253616333
COL1A2,Neither,1.9436848163604736
COL1A2,Neither,1.8349056243896484
COL1A2,Neither,0.0
COL1A2,Neither,0.0
COL1A2,Neither,2.9926974773406982
COL1A2,Neither,1.043658971786499
COL1A2,Neither,0.0
COL1A2,Neither,0.0
COL1A2,Neither,2.346346378326416
COL1A2,Neither,1.834242343902588
COL1A2,Neither,1.1696116924285889
COL1A2,Neither,3.4234020709991455
COL1A2,Neither,1.1743800640106201
COL1A2,Neither,2.4287619590759277
COL1A2,Neither,2.0160088539123535
COL1A2,Neither,2.1133906841278076
COL1A2,Neither,1.4989646673202515
COL1A2,Neither,1.5408117771148682
COL1A2,Neither,1.67881441116333
COL1A2,Neither,2.2103688716888428
COL1A2,Neither,1.8864589929580688
COL1A2,Neither,0.0
COL1A2,Neither,2.256610631942749
COL1A2,Neither,0.0
COL1A2,Neither,0.9991066455841064
COL1A2,Neither,1.7469524145126343
COL1A2,Neither,2.022524118423462
COL1A2,Neither,2.554745674133301
COL1A2,Neither,0.0
COL1A2,Neither,0.0
COL1A2,Neither,2.586636543273926
COL1A2,Neither,0.0
COL1A2,Neither,1.5663871765136719
COL1A2,Neither,1.2395294904708862
COL1A2,Neither,1.6236684322357178
COL1A2,Neither,3.027165412902832
COL1A2,Neither,1.6002219915390015
COL1A2,Neither,2.4178285598754883
COL1A2,Neither,0.0
COL1A2,Neither,0.0
COL1A2,Neither,3.5200726985931396
COL1A2,Neither,1.921954870223999
COL1A2,Neither,0.0
COL1A2,Neither,0.0
COL1A2,Neither,1.1820058822631836
COL1A2,Neither,1.992401361465454
COL1A2,Neither,1.2563458681106567
COL1A2,Neither,1.685584545135498
COL1A2,Neither,1.539372205734253
COL1A2,Neither,1.7057510614395142
COL1A2,Neither,1.344659447669983
COL1A2,Neither,4.270930767059326
COL1A2,Neither,0.0
COL1A2,Neither,2.139625072479248
COL1A2,Neither,1.7318613529205322
COL1A2,Neither,2.2170228958129883
COL1A2,Neither,2.219029664993286
COL1A2,Neither,0.0
COL1A2,Neither,1.4000248908996582
COL1A2,Neither,1.8897898197174072
COL1A2,Neither,0.0
COL1A2,Neither,0.0
COL1A2,Neither,0.7577778100967407
COL1A2,Neither,2.2940127849578857
COL1A2,Neither,1.9039943218231201
COL1A2,Neither,1.3174089193344116
COL1A2,Neither,0.0
COL1A2,Neither,0.0
COL1A2,Neither,0.0
COL1A2,Neither,0.0
COL1A2,Neither,0.0
COL1A2,Neither,0.0
COL1A2,Neither,1.5657879114151
COL1A2,Neither,3.0388259887695312
COL1A2,Neither,0.0
COL1A2,Neither,0.0
COL1A2,Neither,0.0
COL1A2,Neither,1.9081382751464844
COL1A2,Neither,1.726522445678711
COL1A2,Neither,2.1499438285827637
COL1A2,Neither,2.87207293510437
COL1A2,Neither,2.214475631713867
COL1A2,Neither,0.0
COL1A2,Neither,2.0148813724517822
COL1A2,Neither,0.0
COL1A2,Neither,0.0
COL1A2,Neither,1.6223621368408203
COL1A2,Neither,0.0
COL1A2,Neither,0.0
COL1A2,Neither,1.853048324584961
COL1A2,Neither,0.0
COL1A2,Neither,1.7690019607543945
COL1A2,Neither,0.0
COL1A2,Neither,1.3010311126708984
COL1A2,Neither,1.9431723356246948
COL1A2,Neither,1.5892670154571533
COL1A2,Neither,0.0
COL1A2,Neither,0.0
COL1A2,Neither,1.380547046661377
COL1A2,Neither,0.0
COL1A2,Neither,0.0
COL1A2,Neither,1.305719017982483
COL1A2,Neither,0.0
COL1A2,Neither,1.4528932571411133
COL1A2,Neither,1.3527554273605347
COL1A2,Neither,0.0
COL1A2,Neither,0.0
COL1A2,Neither,1.3194139003753662
COL1A2,Neither,3.0294108390808105
COL1A2,Neither,2.6675631999969482
COL1A2,Neither,1.2927268743515015
COL1A2,Neither,0.0
COL1A2,Neither,2.6647610664367676
COL1A2,Neither,1.5279686450958252
COL1A2,Neither,2.35579776763916
COL1A2,Neither,1.2237188816070557
COL1A2,Neither,0.0
COL1A2,Neither,0.0
COL1A2,Neither,2.5051159858703613
COL1A2,Neither,0.0
COL1A2,Neither,1.5198256969451904
COL1A2,Neither,2.0157268047332764
COL1A2,Neither,3.0035560131073
COL1A2,Neither,2.1152050495147705
COL1A2,Neither,0.0
COL1A2,Neither,3.275078296661377
COL1A2,Neither,1.6483033895492554
COL1A2,Neither,2.4265637397766113
COL1A2,Neither,1.2062174081802368
COL1A2,Neither,0.0
COL1A2,Neither,1.7655799388885498
COL1A2,Neither,0.0
COL1A2,Neither,0.0
COL1A2,Neither,1.564889907836914
COL1A2,Neither,2.3909544944763184
COL1A2,Neither,2.3501999378204346
COL1A2,Neither,2.3160147666931152
COL1A2,Neither,0.0
COL1A2,Neither,0.0
COL1A2,Neither,0.0
COL1A2,Neither,0.0
COL1A2,Neither,2.689458131790161
COL1A2,Neither,3.3813037872314453
COL1A2,Neither,1.7995096445083618
COL1A2,Neither,0.0
COL1A2,Neither,2.1558852195739746
COL1A2,Neither,2.52738618850708
COL1A2,Neither,1.605131983757019
COL1A2,Neither,1.8765560388565063
COL1A2,Neither,2.2132656574249268
COL1A2,Neither,1.2343236207962036
COL1A2,Neither,0.0
COL1A2,Neither,1.8189351558685303
COL1A2,Neither,3.134538173675537
COL1A2,Neither,0.0
COL1A2,Neither,1.6818349361419678
COL1A2,Neither,0.0
COL1A2,Neither,2.1059625148773193
COL1A2,Neither,1.022334337234497
COL1A2,Neither,2.681394100189209
COL1A2,Neither,1.5550925731658936
COL1A2,Neither,1.7855366468429565
COL1A2,Neither,2.029956817626953
COL1A2,Neither,1.769607424736023
COL1A2,Neither,0.0
COL1A2,Neither,0.0
COL1A2,Neither,2.1665334701538086
COL1A2,Neither,1.2390066385269165
COL1A2,Neither,1.7372413873672485
COL1A2,Neither,0.0
COL1A2,Neither,1.8569141626358032
COL1A2,Neither,1.6659929752349854
COL1A2,Neither,1.9853241443634033
COL1A2,Neither,2.1644833087921143
COL1A2,Neither,1.4287779331207275
COL1A2,Neither,0.0
COL1A2,Neither,1.9986255168914795
COL1A2,Neither,2.205564260482788
COL1A2,Neither,3.6385602951049805
COL1A2,Neither,0.0
COL1A2,Neither,0.0
COL1A2,Neither,1.6445839405059814
COL1A2,Neither,1.5134403705596924
COL1A2,Neither,3.362288475036621
COL1A2,Neither,0.0
COL1A2,Neither,0.0
COL1A2,Neither,1.9052108526229858
COL1A2,Neither,0.0
COL1A2,Neither,0.0
COL1A2,Neither,1.6537500619888306
COL1A2,Neither,2.296621799468994
COL1A2,Neither,1.4321657419204712
COL1A2,Neither,2.4202370643615723
COL1A2,Neither,0.0
COL1A2,Neither,2.8302066326141357
COL1A2,Neither,1.7639753818511963
COL1A2,Neither,2.059231758117676
COL1A2,Neither,0.0
COL1A2,Neither,2.4114131927490234
COL1A2,Neither,2.5757243633270264
COL1A2,Neither,0.0
COL1A2,Neither,0.0
COL1A2,Neither,1.2787137031555176
COL1A2,Neither,1.8971389532089233
COL1A2,Neither,3.7928779125213623
COL1A2,Neither,2.7805936336517334
COL1A2,Neither,1.3016149997711182
COL1A2,Neither,1.5000457763671875
COL1A2,Neither,1.8507839441299438
COL1A2,Neither,1.6049729585647583
COL1A2,Neither,0.0
COL1A2,Neither,2.4015395641326904
COL1A2,Neither,1.8361603021621704
COL1A2,Neither,3.2089455127716064
COL1A2,Neither,0.0
COL1A2,Neither,1.2615824937820435
COL1A2,Neither,0.0
COL1A2,Neither,4.217883586883545
COL1A2,Neither,1.0016067028045654
COL1A2,Neither,2.789149284362793
COL1A2,Neither,2.3741464614868164
COL1A2,Neither,0.0
COL1A2,Neither,1.2621269226074219
COL1A2,Neither,1.2195004224777222
COL1A2,Neither,1.8167744874954224
COL1A2,Neither,0.0
COL1A2,Neither,0.0
COL1A2,Neither,1.7100043296813965
COL1A2,Neither,1.3164089918136597
COL1A2,Neither,1.5084871053695679
COL1A2,Neither,3.177574872970581
COL1A2,Neither,1.5052062273025513
COL1A2,Neither,0.0
COL1A2,Neither,0.0
COL1A2,Neither,0.0
COL1A2,Neither,1.8888366222381592
COL1A2,Neither,2.2254490852355957
COL1A2,Neither,3.020092010498047
COL1A2,Neither,0.0
COL1A2,Neither,2.387056827545166
COL1A2,Neither,1.7502849102020264
COL1A2,Neither,1.1835758686065674
COL1A2,Neither,1.8885985612869263
COL1A2,Neither,2.1426069736480713
COL1A2,Neither,0.0
COL1A2,Neither,2.2340574264526367
COL1A2,Neither,1.8882017135620117
COL1A2,Neither,0.0
COL1A2,Neither,1.3483415842056274
COL1A2,Neither,0.0
COL1A2,Neither,1.6880958080291748
COL1A2,Neither,0.0
COL1A2,Neither,2.0267081260681152
COL1A2,Neither,0.0
COL1A2,Neither,0.0
COL1A2,Neither,0.0
COL1A2,Neither,2.256227970123291
COL1A2,Neither,1.1251673698425293
COL1A2,Neither,2.029573678970337
COL1A2,Neither,1.549956202507019
COL1A2,Neither,0.8626738786697388
COL1A2,Neither,2.7606003284454346
COL1A2,Neither,0.0
COL1A2,Neither,1.6578638553619385
COL1A2,Neither,1.219836711883545
COL1A2,Neither,2.7476327419281006
COL1A2,Neither,1.7278532981872559
COL1A2,Neither,2.460155963897705
COL1A2,Neither,0.0
COL1A2,Neither,2.4028189182281494
COL1A2,Neither,0.0
COL1A2,Neither,3.2923765182495117
COL1A2,Neither,1.6933269500732422
COL1A2,Neither,0.0
COL1A2,Neither,1.3134195804595947
COL1A2,Neither,0.0
COL1A2,Neither,1.8761813640594482
COL1A2,Neither,2.141390800476074
COL1A2,Neither,1.9644805192947388
COL1A2,Neither,0.0
COL1A2,Neither,1.096616268157959
COL1A2,Neither,0.0
COL1A2,Neither,0.0
COL1A2,Neither,0.0
COL1A2,Neither,1.7190908193588257
COL1A2,Neither,2.12911319732666
COL1A2,Neither,1.972163200378418
COL1A2,Neither,1.6496609449386597
COL1A2,Neither,0.0
COL1A2,Neither,1.3356056213378906
COL1A2,Neither,1.8847992420196533
COL1A2,Neither,1.975365161895752
COL1A2,Neither,0.0
COL1A2,Neither,1.7805973291397095
COL1A2,Neither,1.6500006914138794
COL1A2,Neither,1.4965388774871826
COL1A2,Neither,0.0
COL1A2,Neither,1.8331382274627686
COL1A2,Neither,0.0
COL1A2,Neither,1.2849200963974
COL1A2,Neither,0.0
COL1A2,Neither,0.9939322471618652
COL1A2,Neither,1.4879885911941528
COL1A2,Neither,1.9375568628311157
COL1A2,Neither,0.0
COL1A2,Neither,0.0
COL1A2,Neither,3.1015067100524902
COL1A2,Neither,0.0
COL1A2,Neither,0.0
COL1A2,Neither,0.0
COL1A2,Neither,0.0
COL1A2,Neither,3.6066465377807617
COL1A2,Neither,3.0345771312713623
COL1A2,Neither,3.6093623638153076
COL1A2,Neither,3.809992790222168
COL1A2,Neither,4.353301525115967
COL1A2,Neither,3.092092990875244
COL1A2,Neither,0.0
COL1A2,Neither,5.071235179901123
COL1A2,Neither,0.0
COL1A2,Neither,3.6772027015686035
COL1A2,Neither,3.782334566116333
COL1A2,Neither,3.1976187229156494
COL1A2,Neither,4.904745578765869
COL1A2,Neither,0.0
COL1A2,Neither,3.661187171936035
COL1A2,Neither,1.5861700773239136
COL1A2,Neither,4.406373500823975
COL1A2,Neither,2.3227667808532715
COL1A2,Neither,5.308292865753174
COL1A2,Neither,3.9220714569091797
COL1A2,Neither,4.3282694816589355
COL1A2,Neither,3.3649814128875732
COL1A2,Neither,0.0
COL1A2,Neither,3.103536605834961
COL1A2,Neither,2.9909002780914307
COL1A2,Neither,0.0
COL1A2,Neither,3.0180084705352783
COL1A2,Neither,3.2605035305023193
COL1A2,Neither,4.1342692375183105
COL1A2,Neither,3.3410210609436035
COL1A2,Neither,3.07749342918396
COL1A2,Neither,3.905236005783081
COL1A2,Neither,3.2026984691619873
COL1A2,Neither,0.0
COL1A2,Neither,2.2990379333496094
COL1A2,Neither,4.166258335113525
COL1A2,Neither,0.0
COL1A2,Neither,3.0994813442230225
COL1A2,Neither,5.094744682312012
COL1A2,Neither,5.7057366371154785
COL1A2,Neither,0.0
COL1A2,Neither,3.16880464553833
COL1A2,Neither,2.624075174331665
COL1A2,Neither,1.5268393754959106
COL1A2,Neither,0.0
COL1A2,Neither,3.2015671730041504
COL1A2,Neither,0.0
COL1A2,Neither,3.5707240104675293
COL1A2,Neither,0.0
COL1A2,Neither,0.0
COL1A2,Neither,3.1601173877716064
COL1A2,Neither,2.755643129348755
COL1A2,Neither,3.6322174072265625
COL1A2,Neither,3.2287588119506836
COL1A2,Neither,3.7332868576049805
COL1A2,Neither,3.2356677055358887
COL1A2,Neither,3.1515116691589355
COL1A2,Neither,1.657520055770874
COL1A2,Neither,2.4754719734191895
COL1A2,Neither,4.5071210861206055
COL1A2,Neither,5.180756568908691
COL1A2,Neither,3.3122305870056152
COL1A2,Neither,5.103919982910156
COL1A2,Neither,3.7563817501068115
COL1A2,Neither,3.25809645652771
COL1A2,Neither,3.816490650177002
COL1A2,Neither,4.390506744384766
COL1A2,Neither,2.0322580337524414
COL1A2,Neither,1.9604499340057373
COL1A2,Neither,4.6126484870910645
COL1A2,Neither,0.0
COL1A2,Neither,1.6825475692749023
COL1A2,Neither,4.884570121765137
COL1A2,Neither,3.2966268062591553
COL1A2,Neither,5.6341962814331055
COL1A2,Neither,2.626391887664795
COL1A2,Neither,0.0
COL1A2,Neither,3.731297016143799
COL1A2,Neither,2.8774635791778564
COL1A2,Neither,2.1239092350006104
COL1A2,Neither,3.177574872970581
COL1A2,Neither,2.9176523685455322
COL1A2,Neither,1.9810014963150024
COL1A2,Neither,0.0
COL1A2,Neither,2.124774217605591
COL1A2,Neither,3.1451096534729004
COL1A2,Neither,3.0755207538604736
COL1A2,Neither,3.6961710453033447
COL1A2,Neither,2.4193038940429688
COL1A2,Neither,3.877044916152954
COL1A2,Neither,2.614341974258423
COL1A2,Neither,5.481182098388672
COL1A2,Neither,4.044253826141357
COL1A2,Neither,0.0
COL1A2,Neither,2.290081262588501
COL1A2,Neither,3.7002854347229004
COL1A2,Neither,3.265336275100708
COL1A2,Neither,2.229140281677246
COL1A2,Neither,4.538951396942139
COL1A2,Neither,3.307464838027954
COL1A2,Neither,3.9404425621032715
COL1A2,Neither,3.378563642501831
COL1A2,Neither,3.3734471797943115
COL1A2,Neither,3.3370869159698486
COL1A2,Neither,0.0
COL1A2,Neither,3.0275392532348633
COL1A2,Neither,5.076645851135254
COL1A2,Neither,4.299178123474121
COL1A2,Neither,3.0460474491119385
COL1A2,Neither,6.187107086181641
COL1A2,Neither,3.692983388900757
COL1A2,Neither,2.4523587226867676
COL1A2,Neither,4.386579990386963
COL1A2,Neither,0.0
COL1A2,Neither,2.2745420932769775
COL1A2,Neither,5.278295516967773
COL1A2,Neither,4.605269432067871
COL1A2,Neither,0.0
COL1A2,Neither,3.236711025238037
COL1A2,Neither,2.7609472274780273
COL1A2,Neither,1.7485185861587524
COL1A2,Neither,2.9046242237091064
COL1A2,Neither,0.0
COL1A2,Neither,3.3331692218780518
COL1A2,Neither,2.638129234313965
COL1A2,Neither,1.8103317022323608
COL1A2,Neither,2.169618606567383
COL1A2,Neither,1.5926905870437622
COL1A2,Neither,4.118155479431152
COL1A2,Neither,3.400714159011841
COL1A2,Neither,0.0
COL1A2,Neither,4.284951686859131
COL1A2,Neither,0.0
COL1A2,Neither,4.16967248916626
COL1A2,Neither,2.2922112941741943
COL1A2,Neither,3.5312747955322266
COL1A2,Neither,4.140232563018799
COL1A2,Neither,0.0
COL1A2,Neither,4.806617259979248
COL1A2,Neither,3.788646697998047
COL1A2,Neither,3.3489396572113037
COL1A2,Neither,1.9422504901885986
COL1A2,Neither,3.595165967941284
COL1A2,Neither,3.8340370655059814
COL1A2,Neither,3.5308358669281006
COL1A2,Neither,2.348484992980957
COL1A2,Neither,4.853797912597656
COL1A2,Neither,2.6327199935913086
COL1A2,Neither,3.796823740005493
COL1A2,Neither,3.3960559368133545
COL1A2,Neither,3.2428383827209473
COL1A2,Neither,3.58056640625
COL1A2,Neither,4.273937702178955
COL1A2,Neither,0.0
COL1A2,Neither,2.0586352348327637
COL1A2,Neither,0.0
COL1A2,Neither,2.258526563644409
COL1A2,Neither,3.124087333679199
COL1A2,Neither,3.0814521312713623
COL1A2,Neither,2.945671558380127
COL1A2,Neither,4.702027320861816
COL1A2,Neither,0.0
COL1A2,Neither,4.059166431427002
COL1A2,Neither,3.7657036781311035
COL1A2,Neither,2.2094056606292725
COL1A2,Neither,0.0
COL1A2,Neither,3.888690710067749
COL1A2,Neither,4.426577091217041
COL1A2,Neither,3.11838960647583
COL1A2,Neither,3.2752530574798584
COL1A2,Neither,5.519723415374756
COL1A2,Neither,3.2583370208740234
COL1A2,Neither,0.0
COL1A2,Neither,3.1202850341796875
COL1A2,Neither,4.049971103668213
COL1A2,Neither,4.363345623016357
COL1A2,Neither,4.039129257202148
COL1A2,Neither,2.6172800064086914
COL1A2,Neither,1.7022571563720703
COL1A2,Neither,3.5200726985931396
COL1A2,Neither,2.9909002780914307
COL1A2,Neither,2.2755863666534424
COL1A2,Neither,4.249946594238281
COL1A2,Neither,4.339406490325928
COL1A2,Neither,3.210770606994629
COL1A2,Neither,0.0
COL1A2,Neither,2.5790963172912598
COL1A2,Neither,2.242194414138794
COL1A2,Neither,5.029416561126709
COL1A2,Neither,4.529008865356445
COL1A2,Neither,4.596903324127197
COL1A2,Neither,3.7283198833465576
COL1A2,Neither,2.871854305267334
COL1A2,Neither,3.9245007038116455
COL1A2,Neither,2.255463123321533
COL1A2,Neither,0.0
COL1A2,Neither,4.855061054229736
COL1A2,Neither,1.3893018960952759
COL1A2,Neither,3.6060314178466797
COL1A2,Neither,3.4013609886169434
COL1A2,Neither,0.0
COL1A2,Neither,4.210224628448486
COL1A2,Neither,4.722884654998779
COL1A2,Neither,3.759248733520508
COL1A2,Neither,2.1228294372558594
COL1A2,Neither,3.682044267654419
COL1A2,Neither,2.6647610664367676
COL1A2,Neither,1.6165152788162231
COL1A2,Neither,2.6858413219451904
COL1A2,Neither,3.9995105266571045
COL1A2,Neither,3.888690710067749
COL1A2,Neither,3.2963762283325195
COL1A2,Neither,3.849658489227295
COL1A2,Neither,3.01025652885437
COL1A2,Neither,2.7881946563720703
COL1A2,Neither,0.0
COL1A2,Neither,4.383970737457275
COL1A2,Neither,4.306369781494141
COL1A2,Neither,2.4465575218200684
COL1A2,Neither,4.097200393676758
COL1A2,Neither,2.8407747745513916
COL1A2,Neither,3.3436532020568848
COL1A2,Neither,4.175963878631592
COL1A2,Neither,0.0
COL1A2,Neither,3.2296910285949707
COL1A2,Neither,0.0
COL1A2,Neither,3.634960889816284
COL1A2,Neither,2.5951991081237793
COL1A2,Neither,4.1418561935424805
COL1A2,Neither,0.0
COL1A2,Neither,1.588026523590088
COL1A2,Neither,0.0
COL1A2,Neither,3.2296910285949707
COL1A2,Neither,3.087921619415283
COL1A2,Neither,0.0
COL1A2,Neither,3.0035560131073
COL1A2,Neither,0.0
COL1A2,Neither,3.2437846660614014
COL1A2,Neither,4.448250770568848
COL1A2,Neither,3.4116742610931396
COL1A2,Neither,4.146947383880615
COL1A2,Neither,0.0
COL1A2,Neither,0.0
COL1A2,Neither,2.8054697513580322
COL1A2,Neither,0.0
COL1A2,Neither,3.362288475036621
COL1A2,Neither,4.41440486907959
COL1A2,Neither,3.8632538318634033
COL1A2,Neither,2.0036048889160156
COL1A2,Neither,4.5118489265441895
COL1A2,Neither,4.630085468292236
COL1A2,Neither,3.213515520095825
COL1A2,Neither,5.235994338989258
COL1A2,Neither,3.5503454208374023
COL1A2,Neither,0.0
COL1A2,Neither,2.638430595397949
COL1A2,Neither,1.9096063375473022
COL1A2,Neither,3.2040200233459473
COL1A2,Neither,0.0
COL1A2,Neither,0.0
COL1A2,Neither,1.5474759340286255
COL1A2,Neither,2.3942668437957764
COL1A2,Neither,2.864112377166748
COL1A2,Neither,0.0
COL1A2,Neither,2.448164939880371
COL1A2,Neither,1.3232427835464478
COL1A2,Neither,2.0622212886810303
COL1A2,Neither,1.581244945526123
COL1A2,Neither,2.814955234527588
COL1A2,Neither,0.0
COL1A2,Neither,2.2153239250183105
COL1A2,Neither,1.9398490190505981
COL1A2,Neither,1.1685409545898438
COL1A2,Neither,0.0
COL1A2,Neither,0.0
COL1A2,Neither,0.0
COL1A2,Neither,2.2763702869415283
COL1A2,Neither,0.0
COL1A2,Neither,2.277547836303711
COL1A2,Neither,0.0
COL1A2,Neither,0.937566876411438
COL1A2,Neither,0.0
COL1A2,Neither,2.5601627826690674
COL1A2,Neither,2.5513956546783447
COL1A2,Neither,0.0
COL1A2,Neither,2.381244659423828
COL1A2,Neither,1.6348754167556763
COL1A2,Neither,0.0
COL1A2,Neither,1.564889907836914
COL1A2,Neither,1.6578638553619385
COL1A2,Neither,0.0
COL1A2,Neither,2.7197976112365723
COL1A2,Neither,2.9766318798065186
COL1A2,Neither,2.6890459060668945
COL1A2,Neither,3.377089262008667
COL1A2,Neither,2.0202770233154297
COL1A2,Neither,0.0
COL1A2,Neither,0.0
COL1A2,Neither,2.2992517948150635
COL1A2,Neither,2.1297178268432617
COL1A2,Neither,2.8561975955963135
COL1A2,Neither,3.0385396480560303
COL1A2,Neither,0.0
COL1A2,Neither,3.1898927688598633
COL1A2,Neither,2.0192012786865234
COL1A2,Neither,0.0
COL1A2,Neither,0.0
COL1A2,Neither,2.719207763671875
COL1A2,Neither,2.8469462394714355
COL1A2,Neither,3.2514050006866455
COL1A2,Neither,3.017364740371704
COL1A2,Neither,2.236903190612793
COL1A2,Neither,3.3982927799224854
COL1A2,Neither,3.599438428878784
COL1A2,Neither,2.4602553844451904
COL1A2,Neither,2.0051543712615967
COL1A2,Neither,2.7892541885375977
COL1A2,Neither,2.5859668254852295
COL1A2,Neither,2.42256760597229
COL1A2,Neither,0.0
COL1A2,Neither,0.0
COL1A2,Neither,2.2547478675842285
COL1A2,Neither,2.635775327682495
COL1A2,Neither,2.9162039756774902
COL1A2,Neither,2.6306464672088623
COL1A2,Neither,2.6648478507995605
COL1A2,Neither,0.0
COL1A2,Neither,2.127797842025757
COL1A2,Neither,2.4404892921447754
COL1A2,Neither,2.4533286094665527
COL1A2,Neither,2.8955788612365723
COL1A2,Neither,2.5877695083618164
COL1A2,Neither,0.0
COL1A2,Neither,2.878053665161133
COL1A2,Neither,2.9179563522338867
COL1A2,Neither,2.3065054416656494
COL1A2,Neither,2.7457237243652344
COL1A2,Neither,3.0375876426696777
COL1A2,Neither,1.1673269271850586
COL1A2,Neither,2.9145402908325195
COL1A2,Neither,2.058657646179199
COL1A2,Neither,2.5454163551330566
COL1A2,Neither,0.0
COL1A2,Neither,2.6414804458618164
COL1A2,Neither,3.604757070541382
COL1A2,Neither,2.5377824306488037
COL1A2,Neither,0.0
COL1A2,Neither,0.0
COL1A2,Neither,2.8086938858032227
COL1A2,Neither,3.391569137573242
COL1A2,Neither,0.0
COL1A2,Neither,3.0998470783233643
COL1A2,Neither,2.2466928958892822
COL1A2,Neither,0.0
COL1A2,Neither,2.4689459800720215
COL1A2,Neither,3.175588846206665
COL1A2,Neither,0.0
COL1A2,Neither,2.3076095581054688
COL1A2,Neither,2.7965304851531982
COL1A2,Neither,2.55605149269104
COL1A2,Neither,0.0
COL1A2,Neither,2.820432424545288
COL1A2,Neither,0.0
COL1A2,Neither,0.0
COL1A2,Neither,3.1136906147003174
COL1A2,Neither,0.0
COL1A2,Neither,2.5294899940490723
COL1A2,Neither,2.555785655975342
COL1A2,Neither,0.0
COL1A2,Neither,2.7123730182647705
COL1A2,Neither,2.1775400638580322
COL1A2,Neither,3.191981792449951
COL1A2,Neither,0.0
COL1A2,Neither,0.0
COL1A2,Neither,2.3153700828552246
COL1A2,Neither,1.5922402143478394
COL1A2,Neither,2.404209613800049
COL1A2,Neither,0.0
COL1A2,Neither,0.0
COL1A2,Neither,2.514259099960327
COL1A2,Neither,2.9236695766448975
COL1A2,Neither,0.0
COL1A2,Neither,3.046440601348877
COL1A2,Neither,2.763812303543091
COL1A2,Neither,2.9824814796447754
COL1A2,Neither,2.55914306640625
COL1A2,Neither,0.0
COL1A2,Neither,2.4727139472961426
COL1A2,Neither,3.24058198928833
COL1A2,Neither,2.289961099624634
COL1A2,Neither,2.5136351585388184
COL1A2,Neither,0.0
COL1A2,Neither,3.32169771194458
COL1A2,Neither,2.7519237995147705
COL1A2,Neither,2.9333033561706543
COL1A2,Neither,2.6713273525238037
COL1A2,Neither,1.706087350845337
COL1A2,Neither,0.0
COL1A2,Neither,0.0
COL1A2,Neither,2.1468443870544434
COL1A2,Neither,3.1692283153533936
COL1A2,Neither,3.0680222511291504
COL1A2,Neither,2.6954970359802246
COL1A2,Neither,2.663146495819092
COL1A2,Neither,2.707456350326538
COL1A2,Neither,3.123183250427246
COL1A2,Neither,0.0
COL1A2,Neither,2.196498155593872
COL1A2,Neither,3.606703519821167
COL1A2,Neither,0.0
COL1A2,Neither,0.0
COL1A2,Neither,3.302403688430786
COL1A2,Neither,2.5931293964385986
COL1A2,Neither,2.366773843765259
COL1A2,Neither,2.320993661880493
COL1A2,Neither,0.0
COL1A2,Neither,2.7216596603393555
COL1A2,Neither,3.3633666038513184
COL1A2,Neither,2.5493240356445312
COL1A2,Neither,0.0
COL1A2,Neither,1.8193837404251099
COL1A2,Neither,0.0
COL1A2,Neither,0.0
COL1A2,Neither,2.4851808547973633
COL1A2,Neither,0.0
COL1A2,Neither,2.8823134899139404
COL1A2,Neither,0.0
COL1A2,Neither,2.623568534851074
COL1A2,Neither,2.8691508769989014
COL1A2,Neither,2.95271635055542
COL1A2,Neither,2.3289713859558105
COL1A2,Neither,0.0
COL1A2,Neither,3.03676438331604
COL1A2,Neither,3.017779588699341
COL1A2,Neither,0.0
COL1A2,Neither,2.6188650131225586
COL1A2,Neither,2.3560428619384766
COL1A2,Neither,0.0
COL1A2,Neither,2.0009162425994873
COL1A2,Neither,0.0
COL1A2,Neither,2.073155164718628
COL1A2,Neither,2.9964792728424072
COL1A2,Neither,0.0
COL1A2,Neither,2.8948023319244385
COL1A2,Neither,3.382763147354126
COL1A2,Neither,2.4414610862731934
COL1A2,Neither,0.0
COL1A2,Neither,2.9383721351623535
COL1A2,Neither,2.3961150646209717
COL1A2,Neither,3.237075090408325
COL1A2,Neither,2.6011154651641846
COL1A2,Neither,2.1037421226501465
COL1A2,Neither,2.6159558296203613
COL1A2,Neither,0.0
COL1A2,Neither,0.0
COL1A2,Neither,2.6956593990325928
COL1A2,Neither,2.7049176692962646
COL1A2,Neither,3.130127191543579
COL1A2,Neither,2.247309684753418
COL1A2,Neither,0.0
COL1A2,Neither,3.0336790084838867
COL1A2,Neither,2.6246190071105957
COL1A2,Neither,0.0
COL1A2,Neither,3.1778900623321533
COL1A2,Neither,0.0
COL1A2,Neither,3.531017780303955
COL1A2,Neither,2.5913305282592773
COL1A2,Neither,0.0
COL1A2,Neither,2.0182032585144043
COL1A2,Neither,2.940584421157837
COL1A2,Neither,2.7055583000183105
COL1A2,Neither,2.4068288803100586
COL1A2,Neither,3.1809611320495605
COL1A2,Neither,2.570366621017456
COL1A2,Neither,2.5767061710357666
COL1A2,Neither,0.0
COL1A2,Neither,2.7320220470428467
COL1A2,Neither,2.1690104007720947
COL1A2,Neither,0.0
COL1A2,Neither,2.855557918548584
COL1A2,Neither,2.6044390201568604
COL1A2,Neither,2.674221992492676
COL1A2,Neither,2.661282777786255
COL1A2,Neither,2.5129170417785645
COL1A2,Neither,2.971646547317505
COL1A2,Neither,3.28564190864563
COL1A2,Neither,2.497300386428833
COL1A2,Neither,3.3500795364379883
COL1A2,Neither,2.41270112991333
COL1A2,Neither,2.506725311279297
COL1A2,Neither,2.142894744873047
COL1A2,Neither,3.0762107372283936
COL1A2,Neither,0.0
COL1A2,Neither,3.227567434310913
COL1A2,Neither,2.7113847732543945
COL1A2,Neither,0.0
COL1A2,Neither,1.9216690063476562
COL1A2,Neither,2.7946279048919678
COL1A2,Neither,2.519508123397827
COL1A2,Neither,2.878702163696289
COL1A2,Neither,2.5749154090881348
COL1A2,Neither,0.0
COL1A2,Neither,2.7306606769561768
COL1A2,Neither,3.0149967670440674
COL1A2,Neither,3.052072525024414
COL1A2,Neither,2.698533535003662
COL1A2,Neither,0.0
COL1A2,Neither,2.472684383392334
COL1A2,Neither,2.493844509124756
COL1A2,Neither,3.4386160373687744
COL1A2,Neither,2.639831781387329
COL1A2,Neither,3.1537580490112305
COL1A2,Neither,2.786358594894409
COL1A2,Neither,3.8089823722839355
COL1A2,Neither,3.127595901489258
COL1A2,Neither,0.0
COL1A2,Neither,2.7991766929626465
COL1A2,Neither,2.0547595024108887
COL1A2,Neither,0.0
COL1A2,Neither,2.593259811401367
COL1A2,Neither,0.0
COL1A2,Neither,3.3856818675994873
COL1A2,Neither,0.0
COL1A2,Neither,2.290656566619873
COL1A2,Neither,3.1654038429260254
COL1A2,Neither,3.134655237197876
COL1A2,Neither,0.0
COL1A2,Neither,2.4785430431365967
COL1A2,Neither,2.3308959007263184
COL1A2,Neither,2.9921584129333496
COL1A2,Neither,0.0
COL1A2,Neither,0.0
COL1A2,Neither,3.3663930892944336
COL1A2,Neither,1.9460585117340088
COL1A2,Neither,2.3753914833068848
COL1A2,Neither,3.2382216453552246
COL1A2,Neither,2.8039815425872803
COL1A2,Neither,0.0
COL1A2,Neither,3.2151877880096436
COL1A2,Neither,2.2430007457733154
COL1A2,Neither,2.6018099784851074
COL1A2,Neither,2.696045398712158
COL1A2,Neither,0.0
COL1A2,Neither,2.2094929218292236
COL1A2,Neither,2.53212571144104
COL1A2,Neither,3.596677303314209
COL1A2,Neither,0.0
COL1A2,Neither,2.035362958908081
COL1A2,Neither,0.0
COL1A2,Neither,3.8367152214050293
COL1A2,Neither,2.4731738567352295
COL1A2,Neither,3.234253406524658
COL1A2,Neither,2.9138662815093994
COL1A2,Neither,3.076038122177124
COL1A2,Neither,0.0
COL1A2,Neither,1.633465051651001
COL1A2,Neither,2.5963642597198486
COL1A2,Neither,2.5806961059570312
COL1A2,Neither,2.6539669036865234
COL1A2,Neither,0.0
COL1A2,Neither,3.2366628646850586
COL1A2,Neither,3.368415594100952
COL1A2,Neither,2.5334997177124023
COL1A2,Neither,0.0
COL1A2,Neither,2.555802345275879
COL1A2,Neither,2.552755355834961
COL1A2,Neither,2.4587738513946533
COL1A2,Neither,2.773224353790283
COL1A2,Neither,2.590087890625
COL1A2,Neither,2.719525098800659
COL1A2,Neither,2.580756187438965
COL1A2,Neither,2.594553232192993
COL1A2,Neither,2.8058841228485107
COL1A2,Neither,1.5081653594970703
COL1A2,Neither,2.8226277828216553
COL1A2,Neither,2.4571170806884766
COL1A2,Neither,1.9809995889663696
COL1A2,Neither,3.2521049976348877
COL1A2,Neither,3.5495965480804443
COL1A2,Neither,2.916623830795288
COL1A2,Neither,2.4410438537597656
COL1A2,Neither,3.4657962322235107
COL1A2,Neither,2.915161371231079
COL1A2,Neither,0.0
COL1A2,Neither,0.0
COL1A2,Neither,2.788478374481201
COL1A2,Neither,3.023872137069702
COL1A2,Neither,2.3244011402130127
COL1A2,Neither,2.001426935195923
COL1A2,Neither,3.03603458404541
COL1A2,Neither,2.8156776428222656
COL1A2,Neither,2.830714464187622
COL1A2,Neither,2.0616018772125244
COL1A2,Neither,0.0
COL1A2,Neither,2.7965915203094482
COL1A2,Neither,3.6461052894592285
COL1A2,Neither,2.9374587535858154
COL1A2,Neither,0.0
COL1A2,Neither,0.0
COL1A2,Neither,0.0
COL1A2,Neither,2.6655962467193604
COL1A2,Neither,2.5821290016174316
COL1A2,Neither,0.0
COL1A2,Neither,2.5166175365448
COL1A2,Neither,0.0
COL1A2,Neither,2.6768875122070312
COL1A2,Neither,2.7780258655548096
COL1A2,Neither,0.0
COL1A2,Neither,2.471034049987793
COL1A2,Neither,2.9832539558410645
COL1A2,Neither,3.2329354286193848
COL1A2,Neither,3.014427661895752
COL1A2,Neither,2.7042396068573
COL1A2,Neither,2.816511392593384
COL1A2,Neither,0.0
COL1A2,Neither,2.8026280403137207
COL1A2,Neither,0.0
COL1A2,Neither,2.330815553665161
COL1A2,Neither,2.365844488143921
COL1A2,Neither,3.0682053565979004
COL1A2,Neither,3.064840793609619
COL1A2,Neither,2.2131221294403076
COL1A2,Neither,2.55830454826355
COL1A2,Neither,2.702925443649292
COL1A2,Neither,0.0
COL1A2,Neither,3.25736665725708
COL1A2,Neither,0.0
COL1A2,Neither,0.0
COL1A2,Neither,2.4577555656433105
COL1A2,Neither,0.0
COL1A2,Neither,0.0
COL1A2,Neither,2.939192295074463
COL1A2,Neither,3.0140957832336426
COL1A2,Neither,0.0
COL1A2,Neither,2.5124847888946533
COL1A2,Neither,2.8486433029174805
COL1A2,Neither,2.7409629821777344
COL1A2,Neither,2.308311700820923
COL1A2,Neither,2.6076302528381348
COL1A2,Neither,2.4841549396514893
COL1A2,Neither,2.804192066192627
COL1A2,Neither,0.0
COL1A2,Neither,2.3837664127349854
COL1A2,Neither,3.388976812362671
COL1A2,Neither,2.725083827972412
COL1A2,Neither,3.2148027420043945
COL1A2,Neither,2.4035792350769043
COL1A2,Neither,0.0
COL1A2,Neither,2.6325154304504395
COL1A2,Neither,2.7834928035736084
COL1A2,Neither,2.697058916091919
COL1A2,Neither,2.6763558387756348
COL1A2,Neither,2.688786745071411
COL1A2,Neither,0.0
COL1A2,Neither,2.5284652709960938
COL1A2,Neither,0.0
COL1A2,Neither,2.7083559036254883
COL1A2,Neither,2.706040859222412
COL1A2,Neither,0.0
COL1A2,Neither,0.0
COL1A2,Neither,3.263232946395874
COL1A2,Neither,0.0
COL1A2,Neither,2.5213873386383057
COL1A2,Neither,3.094386100769043
COL1A2,Neither,0.0
COL1A2,Neither,0.0
COL1A2,Neither,0.0
COL1A2,Neither,2.866826295852661
COL1A2,Neither,2.1857316493988037
COL1A2,Neither,2.0584492683410645
COL1A2,Neither,3.2715470790863037
COL1A2,Neither,0.0
COL1A2,Neither,0.0
COL1A2,Neither,3.141955614089966
COL1A2,Neither,2.521512508392334
COL1A2,Neither,3.381129741668701
COL1A2,Neither,2.5869970321655273
COL1A2,Neither,3.391834020614624
COL1A2,Neither,2.0828497409820557
COL1A2,Neither,0.0
COL1A2,Neither,2.85943603515625
COL1A2,Neither,0.0
COL1A2,Neither,2.7027995586395264
COL1A2,Neither,2.846754789352417
COL1A2,Neither,2.2173638343811035
COL1A2,Neither,0.0
COL1A2,Neither,2.6309337615966797
COL1A2,Neither,2.7922801971435547
COL1A2,Neither,2.341913938522339
COL1A2,Neither,0.0
COL1A2,Neither,2.5285439491271973
COL1A2,Neither,2.56960391998291
COL1A2,Neither,2.4000091552734375
COL1A2,Neither,0.0
COL1A2,Neither,3.2479119300842285
COL1A2,Neither,2.6732232570648193
COL1A2,Neither,3.2945518493652344
COL1A2,Neither,0.0
COL1A2,Neither,0.0
COL1A2,Neither,2.7815990447998047
COL1A2,Neither,0.0
COL1A2,Neither,2.8853304386138916
COL1A2,Neither,0.0
COL1A2,Neither,0.0
COL1A2,Neither,2.990722894668579
COL1A2,Neither,2.8808884620666504
COL1A2,Neither,2.870239019393921
COL1A2,Neither,2.2990756034851074
COL1A2,Neither,2.5890052318573
COL1A2,Neither,2.873034715652466
COL1A2,Neither,3.169795036315918
COL1A2,Neither,3.2390880584716797
COL1A2,Neither,3.4891228675842285
COL1A2,Neither,0.0
COL1A2,Neither,2.7399933338165283
COL1A2,Neither,0.0
COL1A2,Neither,2.7498128414154053
COL1A2,Neither,2.158729314804077
COL1A2,Neither,1.2574565410614014
COL1A2,Neither,2.497483253479004
COL1A2,Neither,3.2229063510894775
COL1A2,Neither,3.0604748725891113
COL1A2,Neither,2.8456289768218994
COL1A2,Neither,2.242820978164673
COL1A2,Neither,3.5685276985168457
COL1A2,Neither,0.0
COL1A2,Neither,0.0
COL1A2,Neither,3.196038007736206
COL1A2,Neither,3.211534023284912
COL1A2,Neither,2.459552526473999
COL1A2,Neither,0.0
COL1A2,Neither,0.0
COL1A2,Neither,2.5984158515930176
COL1A2,Neither,2.936025857925415
COL1A2,Neither,2.822899341583252
COL1A2,Neither,2.8187973499298096
COL1A2,Neither,0.0
COL1A2,Neither,2.315951347351074
COL1A2,Neither,2.692810535430908
COL1A2,Neither,2.612335205078125
COL1A2,Neither,2.705850839614868
COL1A2,Neither,3.413255453109741
COL1A2,Neither,0.0
COL1A2,Neither,2.205146074295044
COL1A2,Neither,0.0
COL1A2,Neither,0.0
COL1A2,Neither,2.6553797721862793
COL1A2,Neither,2.0915277004241943
COL1A2,Neither,3.5401458740234375
COL1A2,Neither,2.6232354640960693
COL1A2,Neither,1.839253544807434
COL1A2,Neither,2.529756784439087
COL1A2,Neither,2.729217529296875
COL1A2,Neither,2.6050167083740234
COL1A2,Neither,0.0
COL1A2,Neither,2.8345372676849365
COL1A2,Neither,2.4022092819213867
COL1A2,Neither,0.0
COL1A2,Neither,2.3505609035491943
COL1A2,Neither,2.5921308994293213
COL1A2,Neither,3.216043710708618
COL1A2,Neither,3.5645556449890137
COL1A2,Neither,2.873816728591919
COL1A2,Neither,2.8876419067382812
COL1A2,Neither,2.3743534088134766
COL1A2,Neither,0.0
COL1A2,Neither,2.9276278018951416
COL1A2,Neither,0.0
COL1A2,Neither,3.0752248764038086
COL1A2,Neither,2.026324510574341
COL1A2,Neither,2.3231048583984375
COL1A2,Neither,3.6983232498168945
COL1A2,Neither,0.0
COL1A2,Neither,0.0
COL1A2,Neither,2.707890510559082
COL1A2,Neither,3.2511143684387207
COL1A2,Neither,2.7031257152557373
COL1A2,Neither,2.421496629714966
COL1A2,Neither,2.785271644592285
COL1A2,Neither,1.9337197542190552
COL1A2,Neither,2.0789682865142822
COL1A2,Neither,2.598020315170288
COL1A2,Neither,2.393205165863037
COL1A2,Neither,2.2168052196502686
COL1A2,Neither,0.0
COL1A2,Neither,2.5612988471984863
COL1A2,Neither,2.4889450073242188
COL1A2,Neither,0.0
COL1A2,Neither,2.8660244941711426
COL1A2,Neither,2.7293994426727295
COL1A2,Neither,2.761471748352051
COL1A2,Neither,0.0
COL1A2,Neither,2.2506825923919678
COL1A2,Neither,2.1347734928131104
COL1A2,Neither,2.8558361530303955
COL1A2,Neither,0.0
COL1A2,Neither,3.295086622238159
COL1A2,Neither,2.4185707569122314
COL1A2,Neither,2.590259313583374
COL1A2,Neither,2.9320976734161377
COL1A2,Neither,0.0
COL1A2,Neither,2.562351942062378
COL1A2,Neither,2.630466938018799
COL1A2,Neither,2.8684403896331787
COL1A2,Neither,0.0
COL1A2,Neither,2.645744800567627
COL1A2,Neither,2.932199001312256
COL1A2,Neither,2.6346089839935303
COL1A2,Neither,1.8140867948532104
COL1A2,Neither,2.2681286334991455
COL1A2,Neither,2.8144662380218506
COL1A2,Neither,1.9858673810958862
COL1A2,Neither,1.8938961029052734
COL1A2,Neither,3.11031436920166
COL1A2,Neither,2.6262423992156982
COL1A2,Neither,0.0
COL1A2,Neither,2.308335304260254
COL1A2,Neither,3.4006760120391846
COL1A2,Neither,2.531601905822754
COL1A2,Neither,2.532649517059326
COL1A2,Neither,2.4828405380249023
COL1A2,Neither,2.9462709426879883
COL1A2,Neither,2.7725276947021484
COL1A2,Neither,2.313009262084961
COL1A2,Neither,1.997320294380188
COL1A2,Neither,2.093238115310669
COL1A2,Neither,0.0
COL1A2,Neither,3.2479774951934814
COL1A2,Neither,2.5596518516540527
COL1A2,Neither,2.5991578102111816
COL1A2,Neither,1.5262117385864258
COL1A2,Neither,3.1776883602142334
COL1A2,Neither,0.0
COL1A2,Neither,1.92960524559021
COL1A2,Neither,2.3034932613372803
COL1A2,Neither,2.477181911468506
COL1A2,Neither,2.6812655925750732
COL1A2,Neither,2.5321314334869385
COL1A2,Neither,2.8254499435424805
COL1A2,Neither,1.6637667417526245
COL1A2,Neither,2.5452072620391846
COL1A2,Neither,2.891287088394165
COL1A2,Neither,2.699530839920044
COL1A2,Neither,2.7927138805389404
COL1A2,Neither,2.317570209503174
COL1A2,Neither,2.735402822494507
COL1A2,Neither,0.0
COL1A2,Neither,2.8433852195739746
COL1A2,Neither,2.7183303833007812
COL1A2,Neither,2.7271082401275635
COL1A2,Neither,0.0
COL1A2,Neither,0.0
COL1A2,Neither,0.0
COL1A2,Neither,2.811159133911133
COL1A2,Neither,2.553760528564453
COL1A2,Neither,0.0
COL1A2,Neither,3.665672779083252
COL1A2,Neither,3.0052590370178223
COL1A2,Neither,2.8044612407684326
COL1A2,Neither,2.360642671585083
COL1A2,Neither,3.370551347732544
COL1A2,Neither,0.0
COL1A2,Neither,0.0
COL1A2,Neither,0.0
COL1A2,Neither,2.3868680000305176
COL1A2,Neither,2.8855667114257812
COL1A2,Neither,0.0
COL1A2,Neither,0.0
COL1A2,Neither,0.0
COL1A2,Neither,0.0
COL1A2,Neither,0.0
COL1A2,Neither,2.1183314323425293
COL1A2,Neither,2.677717685699463
COL1A2,Neither,0.0
COL1A2,Neither,2.4520044326782227
COL1A2,Neither,2.4000658988952637
COL1A2,Neither,2.9123599529266357
COL1A2,Neither,3.036867380142212
COL1A2,Neither,0.0
COL1A2,Neither,1.770304560661316
COL1A2,Neither,3.260728120803833
COL1A2,Neither,3.3405070304870605
COL1A2,Neither,0.0
COL1A2,Neither,2.981137275695801
COL1A2,Neither,0.0
COL1A2,Neither,2.6347618103027344
COL1A2,Neither,2.428058385848999
COL1A2,Neither,3.060999870300293
COL1A2,Neither,2.5851569175720215
COL1A2,Neither,2.7188353538513184
COL1A2,Neither,3.1604952812194824
COL1A2,Neither,3.0054354667663574
COL1A2,Neither,2.4376943111419678
COL1A2,Neither,2.6577470302581787
COL1A2,Neither,2.989075183868408
COL1A2,Neither,2.60866379737854
COL1A2,Neither,3.303694248199463
COL1A2,Neither,2.1928162574768066
COL1A2,Neither,0.0
COL1A2,Neither,2.3364970684051514
COL1A2,Neither,0.0
COL1A2,Neither,2.7592380046844482
COL1A2,Neither,2.5709033012390137
COL1A2,Neither,1.9033544063568115
COL1A2,Neither,2.592895746231079
COL1A2,Neither,2.401097297668457
COL1A2,Neither,2.4801254272460938
COL1A2,Neither,2.4095077514648438
COL1A2,Neither,0.0
COL1A2,Neither,2.419991970062256
COL1A2,Neither,3.5566747188568115
COL1A2,Neither,2.2623109817504883
COL1A2,Neither,2.8307297229766846
COL1A2,Neither,2.4170689582824707
COL1A2,Neither,2.5433998107910156
COL1A2,Neither,2.318830728530884
COL1A2,Neither,1.787316918373108
COL1A2,Neither,2.144465446472168
COL1A2,Neither,2.6326277256011963
COL1A2,Neither,0.0
COL1A2,Neither,2.539536476135254
COL1A2,Neither,2.5571889877319336
COL1A2,Neither,0.0
COL1A2,Neither,2.8248369693756104
COL1A2,Neither,3.0871052742004395
COL1A2,Neither,2.1268107891082764
COL1A2,Neither,0.0
COL1A2,Neither,2.468003273010254
COL1A2,Neither,2.795642137527466
COL1A2,Neither,0.0
COL1A2,Neither,0.0
COL1A2,Neither,2.9353678226470947
COL1A2,Neither,2.5731778144836426
COL1A2,Neither,2.944509744644165
COL1A2,Neither,2.3172659873962402
COL1A2,Neither,2.6620373725891113
COL1A2,Neither,0.0
COL1A2,Neither,3.138814926147461
COL1A2,Neither,2.601243257522583
COL1A2,Neither,2.868053913116455
COL1A2,Neither,2.5096421241760254
COL1A2,Neither,0.0
COL1A2,Neither,2.418900489807129
COL1A2,Neither,2.4172098636627197
COL1A2,Neither,1.9883941411972046
COL1A2,Neither,2.253638505935669
COL1A2,Neither,0.0
COL1A2,Neither,2.276895761489868
COL1A2,Neither,2.3853232860565186
COL1A2,Neither,2.308713674545288
COL1A2,Neither,2.8310928344726562
COL1A2,Neither,2.5507078170776367
COL1A2,Neither,2.8662168979644775
COL1A2,Neither,0.0
COL1A2,Neither,2.6274538040161133
COL1A2,Neither,2.102731943130493
COL1A2,Neither,2.4674530029296875
COL1A2,Neither,0.0
COL1A2,Neither,2.356144905090332
COL1A2,Neither,0.0
COL1A2,Neither,0.0
COL1A2,Neither,3.1280646324157715
COL1A2,Neither,2.247117757797241
COL1A2,Neither,2.721527099609375
COL1A2,Neither,2.4697988033294678
COL1A2,Neither,3.4692227840423584
COL1A2,Neither,2.578003168106079
COL1A2,Neither,2.867612838745117
COL1A2,Neither,3.055539131164551
COL1A2,Neither,2.551525831222534
COL1A2,Neither,2.3957836627960205
COL1A2,Neither,2.6517655849456787
COL1A2,Neither,2.8895928859710693
COL1A2,Neither,3.033055543899536
COL1A2,Neither,0.0
COL1A2,Neither,3.448852777481079
COL1A2,Neither,2.456693410873413
COL1A2,Neither,2.657987356185913
COL1A2,Neither,1.637869119644165
COL1A2,Neither,2.9201927185058594
COL1A2,Neither,3.4733963012695312
COL1A2,Neither,2.3076813220977783
COL1A2,Neither,2.7307450771331787
COL1A2,Neither,0.0
COL1A2,Neither,2.5370240211486816
COL1A2,Neither,2.2944741249084473
COL1A2,Neither,2.953132152557373
COL1A2,Neither,1.9186100959777832
COL1A2,Neither,1.6719516515731812
COL1A2,Neither,0.0
COL1A2,Neither,2.4690072536468506
COL1A2,Neither,2.692192792892456
COL1A2,Neither,3.4279181957244873
COL1A2,Neither,2.3513023853302
COL1A2,Neither,0.0
COL1A2,Neither,0.0
COL1A2,Neither,0.0
COL1A2,Neither,2.7384755611419678
COL1A2,Neither,0.0
COL1A2,Neither,2.4472672939300537
COL1A2,Neither,2.524587392807007
COL1A2,Neither,2.5319275856018066
COL1A2,Neither,2.501192331314087
COL1A2,Neither,2.5987613201141357
COL1A2,Neither,0.0
COL1A2,Neither,3.151254653930664
COL1A2,Neither,0.0
COL1A2,Neither,2.632185935974121
COL1A2,Neither,2.673434019088745
COL1A2,Neither,2.091681957244873
COL1A2,Neither,2.8204426765441895
COL1A2,Neither,2.9185123443603516
COL1A2,Neither,2.731112003326416
COL1A2,Neither,3.565295696258545
COL1A2,Neither,2.1980957984924316
COL1A2,Neither,2.7883992195129395
COL1A2,Neither,2.7375173568725586
COL1A2,Neither,0.0
COL1A2,Neither,2.5736091136932373
COL1A2,Neither,0.0
COL1A2,Neither,1.8494555950164795
COL1A2,Neither,2.545569658279419
COL1A2,Neither,2.710494041442871
COL1A2,Neither,1.8693151473999023
COL1A2,Neither,2.296189308166504
COL1A2,Neither,0.0
COL1A2,Neither,0.0
COL1A2,Neither,2.163829803466797
COL1A2,Neither,2.4570040702819824
COL1A2,Neither,2.387868881225586
COL1A2,Neither,2.412132501602173
COL1A2,Neither,2.1020162105560303
COL1A2,Neither,2.9261763095855713
COL1A2,Neither,2.6709868907928467
COL1A2,Neither,0.0
COL1A2,Neither,2.3906149864196777
COL1A2,Neither,2.4829983711242676
COL1A2,Neither,0.0
COL1A2,Neither,2.740412950515747
COL1A2,Neither,3.0628502368927
COL1A2,Neither,0.0
COL1A2,Neither,2.1318984031677246
COL1A2,Neither,2.944077730178833
COL1A2,Neither,0.0
COL1A2,Neither,2.6950936317443848
COL1A2,Neither,2.2617785930633545
COL1A2,Neither,2.316845178604126
COL1A2,Neither,3.1925055980682373
COL1A2,Neither,2.1982240676879883
COL1A2,Neither,3.3183400630950928
COL1A2,Neither,2.285820484161377
COL1A2,Neither,3.510939121246338
COL1A2,Neither,2.888857841491699
COL1A2,Neither,2.885490894317627
COL1A2,Neither,0.0
COL1A2,Neither,2.567072629928589
COL1A2,Neither,2.861391067504883
COL1A2,Neither,2.7886433601379395
COL1A2,Neither,0.0
COL1A2,Neither,2.4946627616882324
COL1A2,Neither,2.332285165786743
COL1A2,Neither,0.0
COL1A2,Neither,2.561882495880127
COL1A2,Neither,2.534022092819214
COL1A2,Neither,3.11456298828125
COL1A2,Neither,2.4962902069091797
COL1A2,Neither,3.3768036365509033
COL1A2,Neither,2.6374382972717285
COL1A2,Neither,3.4189236164093018
COL1A2,Neither,2.5667757987976074
COL1A2,Neither,2.6750307083129883
COL1A2,Neither,2.4627525806427
COL1A2,Neither,2.5160553455352783
COL1A2,Neither,2.1466877460479736
COL1A2,Neither,3.0562806129455566
COL1A2,Neither,2.552851676940918
COL1A2,Neither,3.5268030166625977
COL1A2,Neither,0.0
COL1A2,Neither,2.2167809009552
COL1A2,Neither,2.778557062149048
COL1A2,Neither,2.4565038681030273
COL1A2,Neither,2.707498550415039
COL1A2,Neither,2.1228857040405273
COL1A2,Neither,0.0
COL1A2,Neither,2.658437490463257
COL1A2,Neither,0.0
COL1A2,Neither,1.9355547428131104
COL1A2,Neither,0.0
COL1A2,Neither,2.2353274822235107
COL1A2,Neither,3.3906192779541016
COL1A2,Neither,2.400359630584717
COL1A2,Neither,2.7286570072174072
COL1A2,Neither,2.969536066055298
COL1A2,Neither,0.0
COL1A2,Neither,2.400405168533325
COL1A2,Neither,2.8018007278442383
COL1A2,Neither,2.8895018100738525
COL1A2,Neither,3.0662124156951904
COL1A2,Neither,3.1762747764587402
COL1A2,Neither,0.0
COL1A2,Neither,3.2187321186065674
COL1A2,Neither,2.0327885150909424
COL1A2,Neither,0.0
COL1A2,Neither,2.7380056381225586
COL1A2,Neither,2.1833627223968506
COL1A2,Neither,2.4521613121032715
COL1A2,Neither,2.683962821960449
COL1A2,Neither,2.5908355712890625
COL1A2,Neither,0.0
COL1A2,Neither,2.3311543464660645
COL1A2,Neither,3.00345516204834
COL1A2,Neither,2.574068784713745
COL1A2,Neither,2.8968377113342285
COL1A2,Neither,0.0
COL1A2,Neither,3.216552972793579
COL1A2,Neither,2.7308032512664795
COL1A2,Neither,0.0
COL1A2,Neither,0.0
COL1A2,Neither,0.0
COL1A2,Neither,2.56534481048584
COL1A2,Neither,3.183931827545166
COL1A2,Neither,0.0
COL1A2,Neither,2.0345139503479004
COL1A2,Neither,3.2687041759490967
COL1A2,Neither,2.59451961517334
COL1A2,Neither,2.775456190109253
COL1A2,Neither,2.6567323207855225
COL1A2,Neither,0.0
COL1A2,Neither,2.491903066635132
COL1A2,Neither,2.7155003547668457
COL1A2,Neither,0.0
COL1A2,Neither,3.446751356124878
COL1A2,Neither,0.0
COL1A2,Neither,2.9681434631347656
COL1A2,Neither,2.285374879837036
COL1A2,Neither,0.0
COL1A2,Neither,2.327043056488037
COL1A2,Neither,2.4671125411987305
COL1A2,Neither,2.612170696258545
COL1A2,Neither,2.6089062690734863
COL1A2,Neither,2.3162155151367188
COL1A2,Neither,0.0
COL1A2,Neither,2.689969778060913
COL1A2,Neither,2.3067426681518555
COL1A2,Neither,0.0
COL1A2,Neither,0.0
COL1A2,Neither,2.2911314964294434
COL1A2,Neither,3.016343593597412
COL1A2,Neither,2.325751543045044
COL1A2,Neither,3.7364587783813477
COL1A2,Neither,0.0
COL1A2,Neither,2.980492115020752
COL1A2,Neither,2.394306182861328
COL1A2,Neither,0.0
COL1A2,Neither,3.0002236366271973
COL1A2,Neither,0.0
COL1A2,Neither,2.556990623474121
COL1A2,Neither,2.526142120361328
COL1A2,Neither,2.6726300716400146
COL1A2,Neither,2.771364688873291
COL1A2,Neither,2.8101115226745605
COL1A2,Neither,0.0
COL1A2,Neither,2.4220848083496094
COL1A2,Neither,0.0
COL1A2,Neither,0.0
COL1A2,Neither,2.74048113822937
COL1A2,Neither,0.0
COL1A2,Neither,2.7655603885650635
COL1A2,Neither,3.301366090774536
COL1A2,Neither,3.1076018810272217
COL1A2,Neither,3.0315370559692383
COL1A2,Neither,0.0
COL1A2,Neither,0.0
COL1A2,Neither,2.185877799987793
COL1A2,Neither,2.6970901489257812
COL1A2,Neither,0.0
COL1A2,Neither,0.0
COL1A2,Neither,0.0
COL1A2,Neither,2.788752794265747
COL1A2,Neither,2.5571553707122803
COL1A2,Neither,2.7015647888183594
COL1A2,Neither,3.1086790561676025
COL1A2,Neither,2.4475724697113037
COL1A2,Neither,2.67935848236084
COL1A2,Neither,2.2021267414093018
COL1A2,Neither,2.5896170139312744
COL1A2,Neither,3.1762125492095947
COL1A2,Neither,0.0
COL1A2,Neither,0.0
COL1A2,Neither,2.9966912269592285
COL1A2,Neither,0.0
COL1A2,Neither,2.950307607650757
COL1A2,Neither,2.513409376144409
COL1A2,Neither,2.6790311336517334
COL1A2,Neither,2.8670654296875
COL1A2,Neither,2.268411159515381
COL1A2,Neither,2.073085069656372
COL1A2,Neither,2.9252538681030273
COL1A2,Neither,2.568815231323242
COL1A2,Neither,2.996596336364746
COL1A2,Neither,0.0
COL1A2,Neither,2.441199779510498
COL1A2,Neither,1.708195447921753
COL1A2,Neither,3.229875087738037
COL1A2,Neither,2.8931820392608643
COL1A2,Neither,1.7695558071136475
COL1A2,Neither,0.0
COL1A2,Neither,0.0
COL1A2,Neither,3.3439395427703857
COL1A2,Neither,2.5468006134033203
COL1A2,Neither,2.622903823852539
COL1A2,Neither,2.2410242557525635
COL1A2,Neither,0.0
COL1A2,Neither,0.0
COL1A2,Neither,3.097356081008911
COL1A2,Neither,2.4232168197631836
COL1A2,Neither,3.3714802265167236
COL1A2,Neither,2.2890262603759766
COL1A2,Neither,3.0094075202941895
COL1A2,Neither,0.0
COL1A2,Neither,2.5991902351379395
COL1A2,Neither,2.349156618118286
COL1A2,Neither,0.0
COL1A2,Neither,0.0
COL1A2,Neither,0.0
COL1A2,Neither,0.0
COL1A2,Neither,2.665168046951294
COL1A2,Neither,0.0
COL1A2,Neither,2.8065989017486572
COL1A2,Neither,0.0
COL1A2,Neither,2.3817758560180664
COL1A2,Neither,2.8283283710479736
COL1A2,Neither,3.0586814880371094
COL1A2,Neither,2.8710899353027344
COL1A2,Neither,3.264442205429077
COL1A2,Neither,3.156182050704956
COL1A2,Neither,0.0
COL1A2,Neither,2.7686378955841064
COL1A2,Neither,2.1198089122772217
COL1A2,Neither,2.3830623626708984
COL1A2,Neither,0.0
COL1A2,Neither,2.192251205444336
COL1A2,Neither,0.0
COL1A2,Neither,2.150729179382324
COL1A2,Neither,2.4604063034057617
COL1A2,Neither,2.521200180053711
COL1A2,Neither,0.0
COL1A2,Neither,2.4454901218414307
COL1A2,Neither,2.125393867492676
COL1A2,Neither,0.0
COL1A2,Neither,0.0
COL1A2,Neither,0.0
COL1A2,Neither,2.6405391693115234
COL1A2,Neither,2.7301604747772217
COL1A2,Neither,0.0
COL1A2,Neither,2.3146536350250244
COL1A2,Neither,2.4754626750946045
COL1A2,Neither,2.6204757690429688
COL1A2,Neither,3.4118587970733643
COL1A2,Neither,3.2547988891601562
COL1A2,Neither,0.0
COL1A2,Neither,0.0
COL1A2,Neither,0.0
COL1A2,Neither,0.0
COL1A2,Neither,0.0
COL1A2,Neither,3.019639015197754
COL1A2,Neither,2.046107053756714
COL1A2,Neither,2.0792999267578125
COL1A2,Neither,0.0
COL1A2,Neither,0.0
COL1A2,Neither,2.263734817504883
COL1A2,Neither,2.7490434646606445
COL1A2,Neither,2.7391304969787598
COL1A2,Neither,2.424224853515625
COL1A2,Neither,0.0
COL1A2,Neither,3.043381452560425
COL1A2,Neither,2.2896554470062256
COL1A2,Neither,0.0
COL1A2,Neither,0.0
COL1A2,Neither,2.8285582065582275
COL1A2,Neither,0.0
COL1A2,Neither,2.279648780822754
COL1A2,Neither,2.78444242477417
COL1A2,Neither,2.7357726097106934
COL1A2,Neither,0.0
COL1A2,Neither,3.2201757431030273
COL1A2,Neither,0.0
COL1A2,Neither,3.3069887161254883
COL1A2,Neither,3.392002582550049
COL1A2,Neither,2.71708607673645
COL1A2,Neither,3.241633653640747
COL1A2,Neither,0.0
COL1A2,Neither,0.0
COL1A2,Neither,3.408165693283081
COL1A2,Neither,0.0
COL1A2,Neither,2.1916167736053467
COL1A2,Neither,0.0
COL1A2,Neither,1.9718023538589478
COL1A2,Neither,2.5114150047302246
COL1A2,Neither,3.161552667617798
COL1A2,Neither,2.3461809158325195
COL1A2,Neither,0.0
COL1A2,Neither,2.929590940475464
COL1A2,Neither,2.6788294315338135
COL1A2,Neither,2.94575834274292
COL1A2,Neither,2.094600200653076
COL1A2,Neither,2.812488555908203
COL1A2,Neither,2.661816120147705
COL1A2,Neither,0.0
COL1A2,Neither,2.86194109916687
COL1A2,Neither,2.4349312782287598
COL1A2,Neither,2.1990296840667725
COL1A2,Neither,3.3082032203674316
COL1A2,Neither,0.0
COL1A2,Neither,0.0
COL1A2,Neither,2.833632707595825
COL1A2,Neither,0.0
COL1A2,Neither,2.7101590633392334
COL1A2,Neither,2.9355556964874268
COL1A2,Neither,3.115115165710449
COL1A2,Neither,2.3126955032348633
COL1A2,Neither,0.0
COL1A2,Neither,2.4446346759796143
COL1A2,Neither,2.973863124847412
COL1A2,Neither,0.0
COL1A2,Neither,2.8681344985961914
COL1A2,Neither,3.1480443477630615
COL1A2,Neither,2.7392499446868896
COL1A2,Neither,2.5379202365875244
COL1A2,Neither,2.8020098209381104
COL1A2,Neither,2.205613613128662
COL1A2,Neither,1.5973443984985352
COL1A2,Neither,2.3627142906188965
COL1A2,Neither,3.216671943664551
COL1A2,Neither,3.0493454933166504
COL1A2,Neither,3.536403179168701
COL1A2,Neither,0.0
COL1A2,Neither,3.650761127471924
COL1A2,Neither,3.099844217300415
COL1A2,Neither,2.5205721855163574
COL1A2,Neither,1.7000559568405151
COL1A2,Neither,0.0
COL1A2,Neither,2.70638108253479
COL1A2,Neither,2.182420253753662
COL1A2,Neither,3.126126766204834
COL1A2,Neither,2.854238271713257
COL1A2,Neither,2.2575759887695312
COL1A2,Neither,3.34342885017395
COL1A2,Neither,0.0
COL1A2,Neither,0.0
COL1A2,Neither,2.527231216430664
COL1A2,Neither,2.367565393447876
COL1A2,Neither,2.4326889514923096
COL1A2,Neither,2.8468663692474365
COL1A2,Neither,2.3120439052581787
COL1A2,Neither,0.0
COL1A2,Neither,0.0
COL1A2,Neither,2.773966073989868
COL1A2,Neither,3.2370495796203613
COL1A2,Neither,2.768839120864868
COL1A2,Neither,0.0
COL1A2,Neither,3.369968891143799
COL1A2,Neither,0.0
COL1A2,Neither,2.1330442428588867
COL1A2,Neither,2.048154592514038
COL1A2,Neither,3.0514254570007324
COL1A2,Neither,0.0
COL1A2,Neither,0.0
COL1A2,Neither,0.0
COL1A2,Neither,2.8373422622680664
COL1A2,Neither,0.0
COL1A2,Neither,2.681021213531494
COL1A2,Neither,2.9069180488586426
COL1A2,Neither,2.745741367340088
COL1A2,Neither,3.0302703380584717
COL1A2,Neither,2.756728410720825
COL1A2,Neither,2.4692625999450684
COL1A2,Neither,2.6907615661621094
COL1A2,Neither,1.6748853921890259
COL1A2,Neither,2.6893012523651123
COL1A2,Neither,2.752347230911255
COL1A2,Neither,2.370421886444092
COL1A2,Neither,2.1080129146575928
COL1A2,Neither,0.0
COL1A2,Neither,3.031769275665283
COL1A2,Neither,2.6650218963623047
COL1A2,Neither,0.0
COL1A2,Neither,2.7515621185302734
COL1A2,Neither,2.832552194595337
COL1A2,Neither,0.0
COL1A2,Neither,0.0
COL1A2,Neither,2.793950319290161
COL1A2,Neither,3.080789566040039
COL1A2,Neither,2.371778726577759
COL1A2,Neither,0.0
COL1A2,Neither,3.2052693367004395
COL1A2,Neither,3.0090138912200928
COL1A2,Neither,2.8492040634155273
COL1A2,Neither,2.7012970447540283
COL1A2,Neither,0.0
COL1A2,Neither,2.375849485397339
COL1A2,Neither,0.0
COL1A2,Neither,2.4896788597106934
COL1A2,Neither,0.0
COL1A2,Neither,2.8627872467041016
COL1A2,Neither,2.3482069969177246
COL1A2,Neither,3.120426654815674
COL1A2,Neither,0.0
COL1A2,Neither,2.4781670570373535
COL1A2,Neither,2.487370252609253
COL1A2,Neither,0.0
COL1A2,Neither,1.8606103658676147
COL1A2,Neither,2.989412307739258
COL1A2,Neither,2.3700482845306396
COL1A2,Neither,2.6468372344970703
COL1A2,Neither,2.4548375606536865
COL1A2,Neither,0.0
COL1A2,Neither,0.0
COL1A2,Neither,0.0
COL1A2,Neither,2.1213581562042236
COL1A2,Neither,0.0
COL1A2,Neither,3.4388341903686523
COL1A2,Neither,0.0
COL1A2,Neither,0.0
COL1A2,Neither,2.3102335929870605
COL1A2,Neither,3.391634464263916
COL1A2,Neither,2.702327251434326
COL1A2,Neither,2.993062973022461
COL1A2,Neither,2.6811161041259766
COL1A2,Neither,2.656604051589966
COL1A2,Neither,3.0311241149902344
COL1A2,Neither,2.3984501361846924
COL1A2,Neither,2.714674711227417
COL1A2,Neither,2.4985578060150146
COL1A2,Neither,2.968336582183838
COL1A2,Neither,3.21126389503479
COL1A2,Neither,2.5437424182891846
COL1A2,Neither,0.0
COL1A2,Neither,2.435241460800171
COL1A2,Neither,0.0
COL1A2,Neither,0.0
COL1A2,Neither,2.6636106967926025
COL1A2,Neither,3.1313436031341553
COL1A2,Neither,2.971479892730713
COL1A2,Neither,3.0449671745300293
COL1A2,Neither,0.0
COL1A2,Neither,2.2251474857330322
COL1A2,Neither,2.4829657077789307
COL1A2,Neither,2.3535048961639404
COL1A2,Neither,3.3068361282348633
COL1A2,Neither,0.0
COL1A2,Neither,2.556061029434204
COL1A2,Neither,3.1552071571350098
COL1A2,Neither,3.0950870513916016
COL1A2,Neither,2.120776891708374
COL1A2,Neither,0.0
COL1A2,Neither,2.8121848106384277
COL1A2,Neither,2.0353519916534424
COL1A2,Neither,2.0795702934265137
COL1A2,Neither,2.8265597820281982
COL1A2,Neither,0.0
COL1A2,Neither,0.0
COL1A2,Neither,3.2930402755737305
COL1A2,Neither,2.557272434234619
COL1A2,Neither,0.0
COL1A2,Neither,2.4503660202026367
COL1A2,Neither,2.281597137451172
COL1A2,Neither,2.965811252593994
COL1A2,Neither,2.4935266971588135
COL1A2,Neither,2.4887654781341553
COL1A2,Neither,2.7390618324279785
COL1A2,Neither,3.3413474559783936
COL1A2,Neither,2.781411647796631
COL1A2,Neither,2.8489043712615967
COL1A2,Neither,0.0
COL1A2,Neither,3.382129430770874
COL1A2,Neither,2.4530694484710693
COL1A2,Neither,2.5567381381988525
COL1A2,Neither,2.9631400108337402
COL1A2,Neither,2.4615025520324707
COL1A2,Neither,3.142646312713623
COL1A2,Neither,2.7958731651306152
COL1A2,Neither,2.1626458168029785
COL1A2,Neither,0.0
COL1A2,Neither,0.0
COL1A2,Neither,2.345313549041748
COL1A2,Neither,1.9188932180404663
COL1A2,Neither,2.26603627204895
COL1A2,Neither,2.5966055393218994
COL1A2,Neither,0.0
COL1A2,Neither,2.6412131786346436
COL1A2,Neither,0.0
COL1A2,Neither,3.0228652954101562
COL1A2,Neither,2.7460544109344482
COL1A2,Neither,2.7818315029144287
COL1A2,Neither,2.0570828914642334
COL1A2,Neither,3.4633238315582275
COL1A2,Neither,2.7173967361450195
COL1A2,Neither,2.6970934867858887
COL1A2,Neither,3.3552744388580322
COL1A2,Neither,3.0095086097717285
COL1A2,Neither,0.0
COL1A2,Neither,0.0
COL1A2,Neither,0.0
COL1A2,Neither,3.3532283306121826
COL1A2,Neither,3.0490546226501465
COL1A2,Neither,3.016771078109741
COL1A2,Neither,0.0
COL1A2,Neither,0.0
COL1A2,Neither,0.0
COL1A2,Neither,3.1986513137817383
COL1A2,Neither,2.377725601196289
COL1A2,Neither,2.948385715484619
COL1A2,Neither,1.4310717582702637
COL1A2,Neither,2.4331183433532715
COL1A2,Neither,0.0
COL1A2,Neither,2.955122470855713
COL1A2,Neither,1.9835397005081177
COL1A2,Neither,3.4013819694519043
COL1A2,Neither,2.932995557785034
COL1A2,Neither,2.4319303035736084
COL1A2,Neither,3.163841724395752
COL1A2,Neither,2.249797821044922
COL1A2,Neither,3.5461032390594482
COL1A2,Neither,2.180612087249756
COL1A2,Neither,2.62493896484375
COL1A2,Neither,2.8810527324676514
COL1A2,Neither,2.306633472442627
COL1A2,Neither,3.6328890323638916
COL1A2,Neither,2.9909048080444336
COL1A2,Neither,2.709932804107666
COL1A2,Neither,2.833622455596924
COL1A2,Neither,2.352189779281616
COL1A2,Neither,2.295046806335449
COL1A2,Neither,2.4284121990203857
COL1A2,Neither,3.034994125366211
COL1A2,Neither,2.362321376800537
COL1A2,Neither,0.0
COL1A2,Neither,2.7504849433898926
COL1A2,Neither,0.0
COL1A2,Neither,3.4233250617980957
COL1A2,Neither,0.0
COL1A2,Neither,3.575874090194702
COL1A2,Neither,3.5171289443969727
COL1A2,Neither,3.472614288330078
COL1A2,Neither,2.2916312217712402
COL1A2,Neither,2.583341360092163
COL1A2,Neither,2.9374022483825684
COL1A2,Neither,2.9755544662475586
COL1A2,Neither,2.3492019176483154
COL1A2,Neither,2.6647536754608154
COL1A2,Neither,3.1707494258880615
COL1A2,Neither,3.3176701068878174
COL1A2,Neither,2.2920753955841064
COL1A2,Neither,3.141751527786255
COL1A2,Neither,1.8510252237319946
COL1A2,Neither,2.5513389110565186
COL1A2,Neither,2.5505452156066895
COL1A2,Neither,0.0
COL1A2,Neither,0.0
COL1A2,Neither,0.0
COL1A2,Neither,2.700218677520752
COL1A2,Neither,0.0
COL1A2,Neither,3.234171152114868
COL1A2,Neither,2.8988194465637207
COL1A2,Neither,2.726773738861084
COL1A2,Neither,3.209725856781006
COL1A2,Neither,0.0
COL1A2,Neither,2.0135960578918457
COL1A2,Neither,2.4366610050201416
COL1A2,Neither,2.9475934505462646
COL1A2,Neither,2.0445964336395264
COL1A2,Neither,2.2970387935638428
COL1A2,Neither,0.0
COL1A2,Neither,2.4627363681793213
COL1A2,Neither,2.8659350872039795
COL1A2,Neither,3.494617462158203
COL1A2,Neither,2.8817505836486816
COL1A2,Neither,2.550950050354004
COL1A2,Neither,2.6933419704437256
COL1A2,Neither,2.9143874645233154
COL1A2,Neither,0.0
COL1A2,Neither,0.0
COL1A2,Neither,2.7987160682678223
COL1A2,Neither,3.5721802711486816
COL1A2,Neither,2.4561057090759277
COL1A2,Neither,1.6186153888702393
COL1A2,Neither,3.2988107204437256
COL1A2,Neither,2.5922482013702393
COL1A2,Neither,0.0
COL1A2,Neither,2.699179172515869
COL1A2,Neither,3.189063310623169
COL1A2,Neither,2.401613712310791
COL1A2,Neither,2.330622911453247
COL1A2,Neither,0.0
COL1A2,Neither,2.790628433227539
COL1A2,Neither,2.9447038173675537
COL1A2,Neither,2.4382128715515137
COL1A2,Neither,2.5452990531921387
COL1A2,Neither,2.7697455883026123
COL1A2,Neither,3.0818612575531006
COL1A2,Neither,0.0
COL1A2,Neither,2.2279117107391357
COL1A2,Neither,0.0
COL1A2,Neither,0.0
COL1A2,Neither,3.1820459365844727
COL1A2,Neither,3.106346845626831
COL1A2,Neither,2.271932601928711
COL1A2,Neither,2.454888343811035
COL1A2,Neither,2.8401131629943848
COL1A2,Neither,3.6030054092407227
COL1A2,Neither,3.1042749881744385
COL1A2,Neither,0.0
COL1A2,Neither,2.2728919982910156
COL1A2,Neither,2.980426073074341
COL1A2,Neither,0.0
COL1A2,Neither,2.4635775089263916
COL1A2,Neither,3.0900042057037354
COL1A2,Neither,2.9529919624328613
COL1A2,Neither,0.0
COL1A2,Neither,2.2219417095184326
COL1A2,Neither,0.0
COL1A2,Neither,2.937596082687378
COL1A2,Neither,3.2748124599456787
COL1A2,Neither,3.163461208343506
COL1A2,Neither,2.6862051486968994
COL1A2,Neither,2.815964460372925
COL1A2,Neither,2.0608839988708496
COL1A2,Neither,2.42266845703125
COL1A2,Neither,2.0792236328125
COL1A2,Neither,0.0
COL1A2,Neither,2.540966033935547
COL1A2,Neither,1.5633270740509033
COL1A2,Neither,3.281113862991333
COL1A2,Neither,2.984290599822998
COL1A2,Neither,1.6852649450302124
COL1A2,Neither,0.0
COL1A2,Neither,2.147911787033081
COL1A2,Neither,2.72257399559021
COL1A2,Neither,2.412076711654663
COL1A2,Neither,2.7779712677001953
COL1A2,Neither,1.7745282649993896
COL1A2,Neither,0.0
COL1A2,Neither,0.0
COL1A2,Neither,1.3831946849822998
COL1A2,Neither,2.566375732421875
COL1A2,Neither,2.146103620529175
COL1A2,Neither,3.180253028869629
COL1A2,Neither,2.9164817333221436
COL1A2,Neither,3.2017910480499268
COL1A2,Neither,3.037548542022705
COL1A2,Neither,2.504103660583496
COL1A2,Neither,2.9688785076141357
COL1A2,Neither,0.0
COL1A2,Neither,2.186901330947876
COL1A2,Neither,2.842771530151367
COL1A2,Neither,0.0
COL1A2,Neither,0.0
COL1A2,Neither,2.5369508266448975
COL1A2,Neither,0.0
COL1A2,Neither,2.5618157386779785
COL1A2,Neither,2.399646282196045
COL1A2,Neither,2.725645065307617
COL1A2,Neither,2.3904342651367188
COL1A2,Neither,2.7502942085266113
COL1A2,Neither,0.0
COL1A2,Neither,2.920247793197632
COL1A2,Neither,2.7522661685943604
COL1A2,Neither,0.0
COL1A2,Neither,2.5704426765441895
COL1A2,Neither,2.3221986293792725
COL1A2,Neither,0.0
COL1A2,Neither,1.820989727973938
COL1A2,Neither,2.699185848236084
COL1A2,Neither,2.6784751415252686
COL1A2,Neither,3.1197211742401123
COL1A2,Neither,3.1182708740234375
COL1A2,Neither,2.0114519596099854
COL1A2,Neither,3.3952057361602783
COL1A2,Neither,2.042182445526123
COL1A2,Neither,0.0
COL1A2,Neither,2.2950358390808105
COL1A2,Neither,2.4977304935455322
COL1A2,Neither,0.0
COL1A2,Neither,2.3886899948120117
COL1A2,Neither,2.2360808849334717
COL1A2,Neither,1.7400164604187012
COL1A2,Neither,2.2583138942718506
COL1A2,Neither,2.100870370864868
COL1A2,Neither,2.335716485977173
COL1A2,Neither,2.6074914932250977
COL1A2,Neither,3.0247583389282227
COL1A2,Neither,2.0964717864990234
COL1A2,Neither,2.757484197616577
COL1A2,Neither,2.6428279876708984
COL1A2,Neither,3.3830127716064453
COL1A2,Neither,3.191099166870117
COL1A2,Neither,3.006850242614746
COL1A2,Neither,2.5556206703186035
COL1A2,Neither,2.1912877559661865
COL1A2,Neither,2.0748376846313477
COL1A2,Neither,2.8177497386932373
COL1A2,Neither,2.4377405643463135
COL1A2,Neither,2.5305142402648926
COL1A2,Neither,0.0
COL1A2,Neither,0.0
COL1A2,Neither,2.4938173294067383
COL1A2,Neither,2.5549192428588867
COL1A2,Neither,2.90376877784729
COL1A2,Neither,0.0
COL1A2,Neither,2.6956024169921875
COL1A2,Neither,2.7823638916015625
COL1A2,Neither,2.6341030597686768
COL1A2,Neither,2.6116178035736084
COL1A2,Neither,0.0
COL1A2,Neither,0.0
COL1A2,Neither,0.0
COL1A2,Neither,0.0
COL1A2,Neither,2.754500150680542
COL1A2,Neither,2.5683796405792236
COL1A2,Neither,2.3141565322875977
COL1A2,Neither,2.229891300201416
COL1A2,Neither,2.50481915473938
COL1A2,Neither,3.2327535152435303
COL1A2,Neither,2.1567001342773438
COL1A2,Neither,2.679447889328003
COL1A2,Neither,2.655442237854004
COL1A2,Neither,3.4740283489227295
COL1A2,Neither,0.0
COL1A2,Neither,2.3800368309020996
COL1A2,Neither,2.57173228263855
COL1A2,Neither,0.0
COL1A2,Neither,2.816098690032959
COL1A2,Neither,2.6348788738250732
COL1A2,Neither,2.046661615371704
COL1A2,Neither,2.8381054401397705
COL1A2,Neither,3.285466194152832
COL1A2,Neither,0.0
COL1A2,Neither,3.0352838039398193
COL1A2,Neither,2.656529188156128
COL1A2,Neither,2.7214934825897217
COL1A2,Neither,0.0
COL1A2,Neither,2.6913187503814697
COL1A2,Neither,3.5002145767211914
COL1A2,Neither,2.8686065673828125
COL1A2,Neither,2.571880578994751
COL1A2,Neither,2.225278377532959
COL1A2,Neither,2.144941806793213
COL1A2,Neither,2.127201557159424
COL1A2,Neither,2.614253044128418
COL1A2,Neither,1.843278408050537
COL1A2,Neither,3.0459771156311035
COL1A2,Neither,2.459336757659912
COL1A2,Neither,2.3445382118225098
COL1A2,Neither,2.3006834983825684
COL1A2,Neither,3.606494188308716
COL1A2,Neither,2.7784643173217773
COL1A2,Neither,0.0
COL1A2,Neither,0.0
COL1A2,Neither,0.0
COL1A2,Neither,2.2659244537353516
COL1A2,Neither,2.488060235977173
COL1A2,Neither,3.2338974475860596
COL1A2,Neither,2.5484607219696045
COL1A2,Neither,0.0
COL1A2,Neither,3.085996389389038
COL1A2,Neither,2.153804302215576
COL1A2,Neither,2.5409650802612305
COL1A2,Neither,2.60520601272583
COL1A2,Neither,2.8097236156463623
COL1A2,Neither,2.6759033203125
COL1A2,Neither,2.495093822479248
COL1A2,Neither,2.1213886737823486
COL1A2,Neither,3.0795481204986572
COL1A2,Neither,3.005025863647461
COL1A2,Neither,2.795344591140747
COL1A2,Neither,2.833477258682251
COL1A2,Neither,2.753180503845215
COL1A2,Neither,0.0
COL1A2,Neither,2.4102120399475098
COL1A2,Neither,3.204355478286743
COL1A2,Neither,1.5448634624481201
COL1A2,Neither,2.420546293258667
COL1A2,Neither,3.0625529289245605
COL1A2,Neither,2.882824182510376
COL1A2,Neither,2.5788605213165283
COL1A2,Neither,1.633628249168396
COL1A2,Neither,2.170194387435913
COL1A2,Neither,2.9267711639404297
COL1A2,Neither,0.0
COL1A2,Neither,0.0
COL1A2,Neither,2.633725166320801
COL1A2,Neither,0.0
COL1A2,Neither,0.0
COL1A2,Neither,2.538060188293457
COL1A2,Neither,3.3496570587158203
COL1A2,Neither,2.245961904525757
COL1A2,Neither,3.067880392074585
COL1A2,Neither,2.705510377883911
COL1A2,Neither,2.9698569774627686
COL1A2,Neither,2.466716766357422
COL1A2,Neither,1.77106511592865
COL1A2,Neither,2.8546040058135986
COL1A2,Neither,0.0
COL1A2,Neither,3.0538408756256104
COL1A2,Neither,0.0
COL1A2,Neither,2.9168665409088135
COL1A2,Neither,3.6372597217559814
COL1A2,Neither,2.4347972869873047
COL1A2,Neither,0.0
COL1A2,Neither,3.157806396484375
COL1A2,Neither,2.497823476791382
COL1A2,Neither,2.4224867820739746
COL1A2,Neither,1.9498162269592285
COL1A2,Neither,2.480966567993164
COL1A2,Neither,3.101943016052246
COL1A2,Neither,0.0
COL1A2,Neither,2.3520545959472656
COL1A2,Neither,2.1858906745910645
COL1A2,Neither,2.201529026031494
COL1A2,Neither,0.0
COL1A2,Neither,0.0
COL1A2,Neither,0.0
COL1A2,Neither,2.8525350093841553
COL1A2,Neither,3.448939085006714
COL1A2,Neither,0.0
COL1A2,Neither,3.023305892944336
COL1A2,Neither,0.0
COL1A2,Neither,3.3156189918518066
COL1A2,Neither,3.5040132999420166
COL1A2,Neither,2.658008337020874
COL1A2,Neither,0.0
COL1A2,Neither,3.5224478244781494
COL1A2,Neither,0.0
COL1A2,Neither,2.61579966545105
COL1A2,Neither,3.056454658508301
COL1A2,Neither,3.1156227588653564
COL1A2,Neither,2.609278917312622
COL1A2,Neither,3.4002926349639893
COL1A2,Neither,3.4216232299804688
COL1A2,Neither,3.6651060581207275
COL1A2,Neither,3.2190165519714355
COL1A2,Neither,2.8002514839172363
COL1A2,Neither,2.6157875061035156
COL1A2,Neither,2.212127923965454
COL1A2,Neither,2.1334660053253174
COL1A2,Neither,2.219757080078125
COL1A2,Neither,2.4025332927703857
COL1A2,Neither,3.2203543186187744
COL1A2,Neither,2.882789373397827
COL1A2,Neither,2.775043487548828
COL1A2,Neither,0.0
COL1A2,Neither,2.6748814582824707
COL1A2,Neither,2.9275472164154053
COL1A2,Neither,2.8828577995300293
COL1A2,Neither,3.4238028526306152
COL1A2,Neither,2.555943489074707
COL1A2,Neither,3.0206282138824463
COL1A2,Neither,0.0
COL1A2,Neither,2.4964499473571777
COL1A2,Neither,0.0
COL1A2,Neither,2.72701358795166
COL1A2,Neither,2.5548110008239746
COL1A2,Neither,0.0
COL1A2,Neither,2.2998390197753906
COL1A2,Neither,1.971099853515625
COL1A2,Neither,0.0
COL1A2,Neither,2.793534278869629
COL1A2,Neither,2.998999834060669
COL1A2,Neither,0.0
COL1A2,Neither,2.1303746700286865
COL1A2,Neither,0.0
COL1A2,Neither,2.619002342224121
COL1A2,Neither,2.6385011672973633
COL1A2,Neither,0.0
COL1A2,Neither,2.3189914226531982
COL1A2,Neither,3.120330810546875
COL1A2,Neither,3.0323550701141357
COL1A2,Neither,2.385535717010498
COL1A2,Neither,3.0907340049743652
COL1A2,Neither,0.0
COL1A2,Neither,0.0
COL1A2,Neither,2.1667706966400146
COL1A2,Neither,2.7913742065429688
COL1A2,Neither,0.0
COL1A2,Neither,3.2685673236846924
COL1A2,Neither,2.9290084838867188
COL1A2,Neither,0.0
COL1A2,Neither,2.56070613861084
COL1A2,Neither,2.616928815841675
COL1A2,Neither,3.056881904602051
COL1A2,Neither,2.829791307449341
COL1A2,Neither,0.0
COL1A2,Neither,3.148003578186035
COL1A2,Neither,2.6597297191619873
COL1A2,Neither,2.560213327407837
COL1A2,Neither,3.115790367126465
COL1A2,Neither,2.632070302963257
COL1A2,Neither,0.0
COL1A2,Neither,2.3420166969299316
COL1A2,Neither,2.4569215774536133
COL1A2,Neither,2.5853185653686523
COL1A2,Neither,2.791598081588745
COL1A2,Neither,2.861675500869751
COL1A2,Neither,2.07676100730896
COL1A2,Neither,2.5927538871765137
COL1A2,Neither,0.0
COL1A2,Neither,0.0
COL1A2,Neither,2.6446518898010254
COL1A2,Neither,2.500460147857666
COL1A2,Neither,2.607964277267456
COL1A2,Neither,0.0
COL1A2,Neither,2.8066041469573975
COL1A2,Neither,0.0
COL1A2,Neither,3.1522738933563232
COL1A2,Neither,2.6417605876922607
COL1A2,Neither,3.0739941596984863
COL1A2,Neither,1.771442174911499
COL1A2,Neither,2.2248899936676025
COL1A2,Neither,0.0
COL1A2,Neither,0.0
COL1A2,Neither,2.838562250137329
COL1A2,Neither,3.247318744659424
COL1A2,Neither,2.2576653957366943
COL1A2,Neither,2.521273612976074
COL1A2,Neither,2.102675676345825
COL1A2,Neither,0.0
COL1A2,Neither,0.0
COL1A2,Neither,3.0806846618652344
COL1A2,Neither,2.5101571083068848
COL1A2,Neither,0.0
COL1A2,Neither,3.8688876628875732
COL1A2,Neither,0.0
COL1A2,Neither,2.7296059131622314
COL1A2,Neither,2.3664767742156982
COL1A2,Neither,2.523505449295044
COL1A2,Neither,3.2962260246276855
COL1A2,Neither,0.0
COL1A2,Neither,3.0602004528045654
COL1A2,Neither,0.0
COL1A2,Neither,2.5114011764526367
COL1A2,Neither,2.989513635635376
COL1A2,Neither,2.6940085887908936
COL1A2,Neither,0.0
COL1A2,Neither,3.5494227409362793
COL1A2,Neither,0.0
COL1A2,Neither,2.522778034210205
COL1A2,Neither,2.5438473224639893
COL1A2,Neither,2.406486988067627
COL1A2,Neither,3.377098798751831
COL1A2,Neither,2.0894534587860107
COL1A2,Neither,3.432713747024536
COL1A2,Neither,0.0
COL1A2,Neither,0.0
COL1A2,Neither,3.384056329727173
COL1A2,Neither,0.0
COL1A2,Neither,1.7436275482177734
COL1A2,Neither,0.0
COL1A2,Neither,0.0
COL1A2,Neither,2.8088905811309814
COL1A2,Neither,0.0
COL1A2,Neither,3.4475483894348145
COL1A2,Neither,2.677879571914673
COL1A2,Neither,2.2951154708862305
COL1A2,Neither,2.3197216987609863
COL1A2,Neither,2.8473565578460693
COL1A2,Neither,3.2079546451568604
COL1A2,Neither,0.0
COL1A2,Neither,3.075394630432129
COL1A2,Neither,2.1970930099487305
COL1A2,Neither,2.6587047576904297
COL1A2,Neither,2.1491734981536865
COL1A2,Neither,2.690629482269287
COL1A2,Neither,2.4776813983917236
COL1A2,Neither,2.6764039993286133
COL1A2,Neither,2.908133029937744
COL1A2,Neither,2.8464388847351074
COL1A2,Neither,2.8720710277557373
COL1A2,Neither,2.3695907592773438
COL1A2,Neither,0.0
COL1A2,Neither,2.6868515014648438
COL1A2,Neither,3.036844253540039
COL1A2,Neither,3.031784772872925
COL1A2,Neither,2.906031370162964
COL1A2,Neither,2.5214669704437256
COL1A2,Neither,3.4120254516601562
COL1A2,Neither,1.7934495210647583
COL1A2,Neither,2.7998478412628174
COL1A2,Neither,2.228642702102661
COL1A2,Neither,3.226332426071167
COL1A2,Neither,3.1604361534118652
COL1A2,Neither,0.0
COL1A2,Neither,2.1053106784820557
COL1A2,Neither,0.0
COL1A2,Neither,2.7059872150421143
COL1A2,Neither,3.086437702178955
COL1A2,Neither,2.071164846420288
COL1A2,Neither,2.7486629486083984
COL1A2,Neither,0.0
COL1A2,Neither,0.0
COL1A2,Neither,2.3785765171051025
COL1A2,Neither,0.0
COL1A2,Neither,2.6724119186401367
COL1A2,Neither,2.0910797119140625
COL1A2,Neither,2.9025187492370605
COL1A2,Neither,3.206989288330078
COL1A2,Neither,2.850811004638672
COL1A2,Neither,2.402552843093872
COL1A2,Neither,3.0107643604278564
COL1A2,Neither,0.0
COL1A2,Neither,0.0
COL1A2,Neither,2.598811149597168
COL1A2,Neither,2.9863405227661133
COL1A2,Neither,3.4085965156555176
COL1A2,Neither,2.260920763015747
COL1A2,Neither,0.0
COL1A2,Neither,2.628721237182617
COL1A2,Neither,2.469937562942505
COL1A2,Neither,2.7738120555877686
COL1A2,Neither,2.540580987930298
COL1A2,Neither,2.4046072959899902
COL1A2,Neither,2.642848491668701
COL1A2,Neither,3.0252933502197266
COL1A2,Neither,2.188560724258423
COL1A2,Neither,2.4585509300231934
COL1A2,Neither,2.896707057952881
COL1A2,Neither,2.018209218978882
COL1A2,Neither,2.8240959644317627
COL1A2,Neither,2.296581745147705
COL1A2,Neither,2.564816951751709
COL1A2,Neither,0.0
COL1A2,Neither,2.0284550189971924
COL1A2,Neither,0.0
COL1A2,Neither,0.0
COL1A2,Neither,0.0
COL1A2,Neither,0.0
COL1A2,Neither,3.0232982635498047
COL1A2,Neither,2.5675249099731445
COL1A2,Neither,2.77255916595459
COL1A2,Neither,3.3669676780700684
COL1A2,Neither,2.2972488403320312
COL1A2,Neither,0.0
COL1A2,Neither,2.446861743927002
COL1A2,Neither,3.3010966777801514
COL1A2,Neither,2.2932639122009277
COL1A2,Neither,0.0
COL1A2,Neither,3.1925346851348877
COL1A2,Neither,1.1462831497192383
COL1A2,Neither,3.2600855827331543
COL1A2,Neither,0.0
COL1A2,Neither,2.4644925594329834
COL1A2,Neither,0.0
COL1A2,Neither,3.0680959224700928
COL1A2,Neither,2.6315970420837402
COL1A2,Neither,2.8310866355895996
COL1A2,Neither,0.0
COL1A2,Neither,0.0
COL1A2,Neither,3.390531063079834
COL1A2,Neither,2.6182737350463867
COL1A2,Neither,2.101383686065674
COL1A2,Neither,2.8431901931762695
COL1A2,Neither,1.7043395042419434
COL1A2,Neither,1.744606614112854
COL1A2,Neither,2.538538932800293
COL1A2,Neither,0.0
COL1A2,Neither,3.1210360527038574
COL1A2,Neither,2.7626352310180664
COL1A2,Neither,2.4334728717803955
COL1A2,Neither,0.0
COL1A2,Neither,2.54062819480896
COL1A2,Neither,2.860807180404663
COL1A2,Neither,2.6633877754211426
COL1A2,Neither,0.0
COL1A2,Neither,0.0
COL1A2,Neither,0.0
COL1A2,Neither,2.6484007835388184
COL1A2,Neither,0.0
COL1A2,Neither,2.2501304149627686
COL1A2,Neither,0.0
COL1A2,Neither,3.4301538467407227
COL1A2,Neither,0.0
COL1A2,Neither,2.405832529067993
COL1A2,Neither,0.0
COL1A2,Neither,2.6241910457611084
COL1A2,Neither,3.612671136856079
COL1A2,Neither,2.209327220916748
COL1A2,Neither,0.0
COL1A2,Neither,2.502668619155884
COL1A2,Neither,0.0
COL1A2,Neither,0.0
COL1A2,Neither,2.5289223194122314
COL1A2,Neither,2.6834471225738525
COL1A2,Neither,3.3999927043914795
COL1A2,Neither,2.415195941925049
COL1A2,Neither,0.0
COL1A2,Neither,0.0
COL1A2,Neither,3.1294848918914795
COL1A2,Neither,2.919595956802368
COL1A2,Neither,2.8213348388671875
COL1A2,Neither,2.526874303817749
COL1A2,Neither,2.595003604888916
COL1A2,Neither,2.729865312576294
COL1A2,Neither,2.525132179260254
COL1A2,Neither,0.0
COL1A2,Neither,2.688466787338257
COL1A2,Neither,2.758371353149414
COL1A2,Neither,2.4833273887634277
COL1A2,Neither,0.0
COL1A2,Neither,0.0
COL1A2,Neither,2.8216934204101562
COL1A2,Neither,0.0
COL1A2,Neither,2.6521286964416504
COL1A2,Neither,0.0
COL1A2,Neither,1.6473027467727661
COL1A2,Neither,2.633120536804199
COL1A2,Neither,2.576310396194458
COL1A2,Neither,3.1823225021362305
COL1A2,Neither,2.4311227798461914
COL1A2,Neither,2.0077342987060547
COL1A2,Neither,3.015334367752075
COL1A2,Neither,2.664553165435791
COL1A2,Neither,0.0
COL1A2,Neither,3.1196961402893066
COL1A2,Neither,2.1426491737365723
COL1A2,Neither,2.2807905673980713
COL1A2,Neither,0.0
COL1A2,Neither,2.6251983642578125
COL1A2,Neither,2.4949660301208496
COL1A2,Neither,0.0
COL1A2,Neither,2.669663190841675
COL1A2,Neither,2.183375597000122
COL1A2,Neither,1.5731563568115234
COL1A2,Neither,2.6240944862365723
COL1A2,Neither,2.62094783782959
COL1A2,Neither,2.546436309814453
COL1A2,Neither,2.9234225749969482
COL1A2,Neither,0.0
COL1A2,Neither,0.9018507599830627
COL1A2,Neither,1.522288203239441
COL1A2,Neither,2.9164273738861084
COL1A2,Neither,2.4741406440734863
COL1A2,Neither,2.7706727981567383
COL1A2,Neither,2.3123109340667725
COL1A2,Neither,2.5303196907043457
COL1A2,Neither,2.9748594760894775
COL1A2,Neither,0.0
COL1A2,Neither,3.329926013946533
COL1A2,Neither,0.0
COL1A2,Neither,2.6610302925109863
COL1A2,Neither,2.4612226486206055
COL1A2,Neither,3.012568235397339
COL1A2,Neither,2.493908643722534
COL1A2,Neither,2.443837881088257
COL1A2,Neither,2.6975998878479004
COL1A2,Neither,2.1862401962280273
COL1A2,Neither,0.0
COL1A2,Neither,0.0
COL1A2,Neither,3.2877910137176514
COL1A2,Neither,1.838843822479248
COL1A2,Neither,2.5573861598968506
COL1A2,Neither,0.0
COL1A2,Neither,3.396453380584717
COL1A2,Neither,2.836972236633301
COL1A2,Neither,2.9358630180358887
COL1A2,Neither,2.3352229595184326
COL1A2,Neither,2.8785412311553955
COL1A2,Neither,3.045199155807495
COL1A2,Neither,2.243633508682251
COL1A2,Neither,2.6447019577026367
COL1A2,Neither,3.220884323120117
COL1A2,Neither,2.1982192993164062
COL1A2,Neither,2.82604718208313
COL1A2,Neither,2.3543529510498047
COL1A2,Neither,0.0
COL1A2,Neither,0.0
COL1A2,Neither,2.5395097732543945
COL1A2,Neither,2.529155731201172
COL1A2,Neither,0.0
COL1A2,Neither,2.6024115085601807
COL1A2,Neither,3.3669373989105225
COL1A2,Neither,2.5086910724639893
COL1A2,Neither,0.0
COL1A2,Neither,3.1163651943206787
COL1A2,Neither,2.6402406692504883
COL1A2,Neither,1.8684970140457153
COL1A2,Neither,2.030463695526123
COL1A2,Neither,2.783386707305908
COL1A2,Neither,3.5826809406280518
COL1A2,Neither,3.8170909881591797
COL1A2,Neither,0.0
COL1A2,Neither,0.0
COL1A2,Neither,0.0
COL1A2,Neither,2.696132183074951
COL1A2,Neither,3.1912622451782227
COL1A2,Neither,2.6139419078826904
COL1A2,Neither,2.2890591621398926
COL1A2,Neither,0.0
COL1A2,Neither,0.0
COL1A2,Neither,0.0
COL1A2,Neither,3.17606520652771
COL1A2,Neither,0.0
COL1A2,Neither,0.0
COL1A2,Neither,3.4154069423675537
COL1A2,Neither,2.6917426586151123
COL1A2,Neither,0.0
COL1A2,Neither,2.593172550201416
COL1A2,Neither,3.1578352451324463
COL1A2,Neither,2.694446325302124
COL1A2,Neither,2.986431121826172
COL1A2,Neither,0.0
COL1A2,Neither,2.430276870727539
COL1A2,Neither,2.779879570007324
COL1A2,Neither,0.0
COL1A2,Neither,2.8470191955566406
COL1A2,Neither,0.0
COL1A2,Neither,0.0
COL1A2,Neither,2.282461643218994
COL1A2,Neither,1.5753755569458008
COL1A2,Neither,0.0
COL1A2,Neither,3.0740654468536377
COL1A2,Neither,2.464801073074341
COL1A2,Neither,0.0
COL1A2,Neither,0.0
COL1A2,Neither,2.4436264038085938
COL1A2,Neither,3.252033233642578
COL1A2,Neither,2.692187786102295
COL1A2,Neither,2.4448659420013428
COL1A2,Neither,4.087444305419922
COL1A2,Neither,3.162041664123535
COL1A2,Neither,3.0434765815734863
COL1A2,Neither,3.337491989135742
COL1A2,Neither,3.3908181190490723
COL1A2,Neither,3.2231342792510986
COL1A2,Neither,2.7266509532928467
COL1A2,Neither,3.344632625579834
COL1A2,Neither,3.168537139892578
COL1A2,Neither,3.202702522277832
COL1A2,Neither,2.5680055618286133
COL1A2,Neither,3.5179855823516846
COL1A2,Neither,3.1749918460845947
COL1A2,Neither,2.9579758644104004
COL1A2,Neither,0.0
COL1A2,Neither,2.998384475708008
COL1A2,Neither,3.364245891571045
COL1A2,Neither,2.805583953857422
COL1A2,Neither,3.2055885791778564
COL1A2,Neither,2.714956283569336
COL1A2,Neither,2.8118226528167725
COL1A2,Neither,2.9319238662719727
COL1A2,Neither,3.250230550765991
COL1A2,Neither,3.1629536151885986
COL1A2,Neither,3.27523136138916
COL1A2,Neither,3.2362654209136963
COL1A2,Neither,0.0
COL1A2,Neither,2.8138272762298584
COL1A2,Neither,3.2285635471343994
COL1A2,Neither,2.6162683963775635
COL1A2,Neither,3.001878023147583
COL1A2,Neither,0.0
COL1A2,Neither,2.9868319034576416
COL1A2,Neither,3.1983678340911865
COL1A2,Neither,3.329547643661499
COL1A2,Neither,3.154445171356201
COL1A2,Neither,2.8726162910461426
COL1A2,Neither,2.3906431198120117
COL1A2,Neither,2.1600146293640137
COL1A2,Neither,0.0
COL1A2,Neither,2.6545462608337402
COL1A2,Neither,2.9761219024658203
COL1A2,Neither,2.4683279991149902
COL1A2,Neither,2.26914644241333
COL1A2,Neither,2.1636111736297607
COL1A2,Neither,3.255577564239502
COL1A2,Neither,1.95110285282135
COL1A2,Neither,3.383920907974243
COL1A2,Neither,3.1029112339019775
COL1A2,Neither,2.6156117916107178
COL1A2,Neither,0.0
COL1A2,Neither,3.00351619720459
COL1A2,Neither,2.020618200302124
COL1A2,Neither,2.8586392402648926
COL1A2,Neither,3.078080177307129
COL1A2,Neither,3.139087677001953
COL1A2,Neither,1.5278205871582031
COL1A2,Neither,3.1251986026763916
COL1A2,Neither,2.654956817626953
COL1A2,Neither,3.106797218322754
COL1A2,Neither,2.7872486114501953
COL1A2,Neither,2.9578027725219727
COL1A2,Neither,2.1049654483795166
COL1A2,Neither,2.6029210090637207
COL1A2,Neither,1.531477928161621
COL1A2,Neither,3.192605972290039
COL1A2,Neither,3.397550344467163
COL1A2,Neither,3.043811559677124
COL1A2,Neither,0.0
COL1A2,Neither,2.9865543842315674
COL1A2,Neither,2.754584312438965
COL1A2,Neither,2.8194005489349365
COL1A2,Neither,0.0
COL1A2,Neither,3.1353557109832764
COL1A2,Neither,0.0
COL1A2,Neither,3.0565857887268066
COL1A2,Neither,3.0995988845825195
COL1A2,Neither,3.235607862472534
COL1A2,Neither,2.761962652206421
COL1A2,Neither,2.755307197570801
COL1A2,Neither,0.0
COL1A2,Neither,2.403275966644287
COL1A2,Neither,3.070281505584717
COL1A2,Neither,2.9680540561676025
COL1A2,Neither,2.3167896270751953
COL1A2,Neither,3.359529972076416
COL1A2,Neither,3.563910722732544
COL1A2,Neither,2.2641873359680176
COL1A2,Neither,2.5894651412963867
COL1A2,Neither,2.6540591716766357
COL1A2,Neither,2.6248488426208496
COL1A2,Neither,3.401294469833374
COL1A2,Neither,2.7157225608825684
COL1A2,Neither,3.694575309753418
COL1A2,Neither,2.878436326980591
COL1A2,Neither,2.7583203315734863
COL1A2,Neither,3.0063374042510986
COL1A2,Neither,2.6652910709381104
COL1A2,Neither,3.6774299144744873
COL1A2,Neither,3.418775796890259
COL1A2,Neither,2.7762107849121094
COL1A2,Neither,2.6257574558258057
COL1A2,Neither,2.457616090774536
COL1A2,Neither,2.1483945846557617
COL1A2,Neither,2.8074121475219727
COL1A2,Neither,3.1264891624450684
COL1A2,Neither,2.660552501678467
COL1A2,Neither,3.0779659748077393
COL1A2,Neither,2.809605598449707
COL1A2,Neither,0.0
COL1A2,Neither,1.6627414226531982
COL1A2,Neither,2.7411789894104004
COL1A2,Neither,1.3345575332641602
COL1A2,Neither,3.275536060333252
COL1A2,Neither,2.149878740310669
COL1A2,Neither,2.8069989681243896
COL1A2,Neither,1.9757922887802124
COL1A2,Neither,0.0
COL1A2,Neither,3.3556907176971436
COL1A2,Neither,2.484279155731201
COL1A2,Neither,2.142861843109131
COL1A2,Neither,2.6220405101776123
COL1A2,Neither,3.3664298057556152
COL1A2,Neither,3.7054431438446045
COL1A2,Neither,2.948458194732666
COL1A2,Neither,2.3590283393859863
COL1A2,Neither,2.479701042175293
COL1A2,Neither,3.0427393913269043
COL1A2,Neither,2.1818745136260986
COL1A2,Neither,0.0
COL1A2,Neither,2.6334736347198486
COL1A2,Neither,2.196979522705078
COL1A2,Neither,3.1989126205444336
COL1A2,Neither,3.265054225921631
COL1A2,Neither,2.241074562072754
COL1A2,Neither,3.4518463611602783
COL1A2,Neither,2.5940701961517334
COL1A2,Neither,3.348529100418091
COL1A2,Neither,3.3150124549865723
COL1A2,Neither,2.5753958225250244
COL1A2,Neither,2.3269290924072266
COL1A2,Neither,2.4641873836517334
COL1A2,Neither,3.159660816192627
COL1A2,Neither,1.3939244747161865
COL1A2,Neither,3.2314045429229736
COL1A2,Neither,3.29526948928833
COL1A2,Neither,2.3624660968780518
COL1A2,Neither,3.1226017475128174
COL1A2,Neither,2.678818464279175
COL1A2,Neither,2.883815288543701
COL1A2,Neither,0.0
COL1A2,Neither,2.857314109802246
COL1A2,Neither,1.707627296447754
COL1A2,Neither,2.6554346084594727
COL1A2,Neither,0.0
COL1A2,Neither,3.1891884803771973
COL1A2,Neither,3.235151767730713
COL1A2,Neither,3.187943696975708
COL1A2,Neither,3.1051008701324463
COL1A2,Neither,2.8099374771118164
COL1A2,Neither,2.7043590545654297
COL1A2,Neither,2.9479875564575195
COL1A2,Neither,0.0
COL1A2,Neither,2.1086223125457764
COL1A2,Neither,3.311774253845215
COL1A2,Neither,3.0197720527648926
COL1A2,Neither,3.387331247329712
COL1A2,Neither,1.1946873664855957
COL1A2,Neither,2.3960378170013428
COL1A2,Neither,2.727210283279419
COL1A2,Neither,3.2252039909362793
COL1A2,Neither,2.78239369392395
COL1A2,Neither,0.0
COL1A2,Neither,2.8208024501800537
COL1A2,Neither,3.2474205493927
COL1A2,Neither,3.272892713546753
COL1A2,Neither,2.622922658920288
COL1A2,Neither,1.611325979232788
COL1A2,Neither,2.531158447265625
COL1A2,Neither,0.0
COL1A2,Neither,2.452727794647217
COL1A2,Neither,2.732247829437256
COL1A2,Neither,2.336336135864258
COL1A2,Neither,2.2974798679351807
COL1A2,Neither,3.2597312927246094
COL1A2,Neither,3.209095001220703
COL1A2,Neither,3.153872013092041
COL1A2,Neither,0.0
COL1A2,Neither,3.3001115322113037
COL1A2,Neither,0.0
COL1A2,Neither,3.389333486557007
COL1A2,Neither,3.799787759780884
COL1A2,Neither,3.014803171157837
COL1A2,Neither,3.0152175426483154
COL1A2,Neither,3.438234567642212
COL1A2,Neither,2.9070565700531006
COL1A2,Neither,2.5860042572021484
COL1A2,Neither,1.972033977508545
COL1A2,Neither,3.000723361968994
COL1A2,Neither,3.0204644203186035
COL1A2,Neither,2.5726406574249268
COL1A2,Neither,2.8673079013824463
COL1A2,Neither,2.4204649925231934
COL1A2,Neither,0.0
COL1A2,Neither,2.9046950340270996
COL1A2,Neither,0.0
COL1A2,Neither,0.0
COL1A2,Neither,2.8586087226867676
COL1A2,Neither,2.574145555496216
COL1A2,Neither,2.5765342712402344
COL1A2,Neither,0.0
COL1A2,Neither,0.0
COL1A2,Neither,0.0
COL1A2,Neither,0.0
COL1A2,Neither,3.0464277267456055
COL1A2,Neither,3.0919570922851562
COL1A2,Neither,3.342066526412964
COL1A2,Neither,3.198200225830078
COL1A2,Neither,3.176417827606201
COL1A2,Neither,3.1762888431549072
COL1A2,Neither,3.208871603012085
COL1A2,Neither,0.0
COL1A2,Neither,2.8659586906433105
COL1A2,Neither,2.8681020736694336
COL1A2,Neither,2.6177818775177
COL1A2,Neither,2.895045757293701
COL1A2,Neither,0.0
COL1A2,Neither,0.0
COL1A2,Neither,0.0
COL1A2,Neither,0.0
COL1A2,Neither,2.3542721271514893
COL1A2,Neither,2.3675968647003174
COL1A2,Neither,3.5460784435272217
COL1A2,Neither,3.003755569458008
COL1A2,Neither,0.0
COL1A2,Neither,3.1101255416870117
COL1A2,Neither,1.93428635597229
COL1A2,Neither,3.365464448928833
COL1A2,Neither,2.9956703186035156
COL1A2,Neither,2.8936944007873535
COL1A2,Neither,2.8011584281921387
COL1A2,Neither,3.224466323852539
COL1A2,Neither,2.6376075744628906
COL1A2,Neither,2.9225876331329346
COL1A2,Neither,3.404505968093872
COL1A2,Neither,3.005160093307495
COL1A2,Neither,2.9460973739624023
COL1A2,Neither,2.7599825859069824
COL1A2,Neither,2.655339479446411
COL1A2,Neither,3.2403130531311035
COL1A2,Neither,2.993467092514038
COL1A2,Neither,3.2384347915649414
COL1A2,Neither,3.4440412521362305
COL1A2,Neither,3.197479009628296
COL1A2,Neither,0.0
COL1A2,Neither,3.3703744411468506
COL1A2,Neither,2.4341514110565186
COL1A2,Neither,2.8282244205474854
COL1A2,Neither,2.5603747367858887
COL1A2,Neither,3.0783655643463135
COL1A2,Neither,2.76269268989563
COL1A2,Neither,3.4280614852905273
COL1A2,Neither,3.2109038829803467
COL1A2,Neither,2.870960235595703
COL1A2,Neither,1.988394856452942
COL1A2,Neither,2.8738491535186768
COL1A2,Neither,1.9218155145645142
COL1A2,Neither,2.6743717193603516
COL1A2,Neither,3.4155001640319824
COL1A2,Neither,3.449390411376953
COL1A2,Neither,3.001640558242798
COL1A2,Neither,3.208329200744629
COL1A2,Neither,2.443127155303955
COL1A2,Neither,3.2322025299072266
COL1A2,Neither,2.66269588470459
COL1A2,Neither,3.4502224922180176
COL1A2,Neither,3.5733249187469482
COL1A2,Neither,4.132390022277832
COL1A2,Neither,3.150799512863159
COL1A2,Neither,3.3894457817077637
COL1A2,Neither,2.1533663272857666
COL1A2,Neither,0.0
COL1A2,Neither,3.4412124156951904
COL1A2,Neither,3.388110876083374
COL1A2,Neither,2.721745491027832
COL1A2,Neither,3.1214330196380615
COL1A2,Neither,2.8670122623443604
COL1A2,Neither,3.060452699661255
COL1A2,Neither,1.9824275970458984
COL1A2,Neither,3.8421413898468018
COL1A2,Neither,2.4439857006073
COL1A2,Neither,3.2869842052459717
COL1A2,Neither,0.0
COL1A2,Neither,2.5510759353637695
COL1A2,Neither,3.0894265174865723
COL1A2,Neither,3.4553446769714355
COL1A2,Neither,3.406850576400757
COL1A2,Neither,2.9056224822998047
COL1A2,Neither,2.0063364505767822
COL1A2,Neither,3.3665802478790283
COL1A2,Neither,2.747600793838501
COL1A2,Neither,3.4293813705444336
COL1A2,Neither,0.0
COL1A2,Neither,3.39213228225708
COL1A2,Neither,3.492727756500244
COL1A2,Neither,3.428684949874878
COL1A2,Neither,3.336496353149414
COL1A2,Neither,3.230963706970215
COL1A2,Neither,2.882669687271118
COL1A2,Neither,0.0
COL1A2,Neither,2.172863483428955
COL1A2,Neither,2.406543493270874
COL1A2,Neither,0.0
COL1A2,Neither,0.0
COL1A2,Neither,2.452475070953369
COL1A2,Neither,2.8468527793884277
COL1A2,Neither,2.899735450744629
COL1A2,Neither,0.0
COL1A2,Neither,3.5785703659057617
COL1A2,Neither,3.1734015941619873
COL1A2,Neither,2.3173234462738037
COL1A2,Neither,0.0
COL1A2,Neither,3.156709909439087
COL1A2,Neither,3.275085926055908
COL1A2,Neither,3.445970058441162
COL1A2,Neither,2.916896343231201
COL1A2,Neither,3.427384853363037
COL1A2,Neither,3.234877586364746
COL1A2,Neither,2.9824445247650146
COL1A2,Neither,3.316833019256592
COL1A2,Neither,3.260103940963745
COL1A2,Neither,2.873469352722168
COL1A2,Neither,2.801791191101074
COL1A2,Neither,3.1173312664031982
COL1A2,Neither,3.3949997425079346
COL1A2,Neither,2.5120906829833984
COL1A2,Neither,3.1434576511383057
COL1A2,Neither,2.9650509357452393
COL1A2,Neither,3.12481951713562
COL1A2,Neither,3.379301071166992
COL1A2,Neither,3.3635363578796387
COL1A2,Neither,3.2548651695251465
COL1A2,Neither,3.230563163757324
COL1A2,Neither,3.2387166023254395
COL1A2,Neither,3.322787046432495
COL1A2,Neither,3.428375244140625
COL1A2,Neither,2.573357105255127
COL1A2,Neither,3.407589912414551
COL1A2,Neither,3.4374568462371826
COL1A2,Neither,3.0538153648376465
COL1A2,Neither,3.3057570457458496
COL1A2,Neither,3.1575958728790283
COL1A2,Neither,3.203782081604004
COL1A2,Neither,2.982363700866699
COL1A2,Neither,2.960815191268921
COL1A2,Neither,3.1118545532226562
COL1A2,Neither,1.6625781059265137
COL1A2,Neither,2.8947207927703857
COL1A2,Neither,3.1952576637268066
COL1A2,Neither,3.0117015838623047
COL1A2,Neither,3.08170747756958
COL1A2,Neither,3.1619515419006348
COL1A2,Neither,3.55672287940979
COL1A2,Neither,2.643827438354492
COL1A2,Neither,3.3370919227600098
COL1A2,Neither,3.3236968517303467
COL1A2,Neither,3.4006433486938477
COL1A2,Neither,3.2571470737457275
COL1A2,Neither,3.4126460552215576
COL1A2,Neither,3.0986807346343994
COL1A2,Neither,3.0421972274780273
COL1A2,Neither,2.62753963470459
COL1A2,Neither,2.0252175331115723
COL1A2,Neither,3.211113691329956
COL1A2,Neither,2.9187681674957275
COL1A2,Neither,2.8659844398498535
COL1A2,Neither,3.442214012145996
COL1A2,Neither,3.2437498569488525
COL1A2,Neither,3.492844343185425
COL1A2,Neither,3.4820947647094727
COL1A2,Neither,3.134268283843994
COL1A2,Neither,3.115234375
COL1A2,Neither,2.55501127243042
COL1A2,Neither,2.9464187622070312
COL1A2,Neither,2.8801631927490234
COL1A2,Neither,3.0505213737487793
COL1A2,Neither,3.390523672103882
COL1A2,Neither,2.587590456008911
COL1A2,Neither,2.9932491779327393
COL1A2,Neither,3.5603537559509277
COL1A2,Neither,2.609297752380371
COL1A2,Neither,3.473571300506592
COL1A2,Neither,3.548255443572998
COL1A2,Neither,3.4628732204437256
COL1A2,Neither,3.1915464401245117
COL1A2,Neither,3.168914556503296
COL1A2,Neither,2.569276809692383
COL1A2,Neither,0.0
COL1A2,Neither,2.8346848487854004
COL1A2,Neither,2.5633819103240967
COL1A2,Neither,0.0
COL1A2,Neither,2.7083964347839355
COL1A2,Neither,0.0
COL1A2,Neither,3.3143601417541504
COL1A2,Neither,3.9134111404418945
COL1A2,Neither,3.779118776321411
COL1A2,Neither,3.4976933002471924
COL1A2,Neither,3.398902177810669
COL1A2,Neither,3.7614195346832275
COL1A2,Neither,3.0267505645751953
COL1A2,Neither,3.4251489639282227
COL1A2,Neither,3.4526448249816895
COL1A2,Neither,3.0126190185546875
COL1A2,Neither,3.0565879344940186
COL1A2,Neither,3.2993688583374023
COL1A2,Neither,3.7667338848114014
COL1A2,Neither,3.297172784805298
COL1A2,Neither,3.4893717765808105
COL1A2,Neither,3.0499489307403564
COL1A2,Neither,3.5296683311462402
COL1A2,Neither,3.217484712600708
COL1A2,Neither,3.158993721008301
COL1A2,Neither,3.4389946460723877
COL1A2,Neither,3.1701974868774414
COL1A2,Neither,3.373694658279419
COL1A2,Neither,3.073434829711914
COL1A2,Neither,3.860908269882202
COL1A2,Neither,3.647732973098755
COL1A2,Neither,2.868074655532837
COL1A2,Neither,3.1855218410491943
COL1A2,Neither,2.837944507598877
COL1A2,Neither,3.649122714996338
COL1A2,Neither,3.435547351837158
COL1A2,Neither,3.5088460445404053
COL1A2,Neither,3.6225130558013916
COL1A2,Neither,3.388625144958496
COL1A2,Neither,3.6079905033111572
COL1A2,Neither,1.7921496629714966
COL1A2,Neither,3.3523318767547607
COL1A2,Neither,3.509234666824341
COL1A2,Neither,3.058563232421875
COL1A2,Neither,3.45796799659729
COL1A2,Neither,3.117250442504883
COL1A2,Neither,3.3504281044006348
COL1A2,Neither,3.4129514694213867
COL1A2,Neither,3.555666923522949
COL1A2,Neither,0.0
COL1A2,Neither,2.5608670711517334
COL1A2,Neither,0.0
COL1A2,Neither,0.0
COL1A2,Neither,0.0
COL1A2,Neither,2.8608531951904297
COL1A2,Neither,2.6243231296539307
COL1A2,Neither,3.3837571144104004
COL1A2,Neither,3.1179726123809814
COL1A2,Neither,3.450270414352417
COL1A2,Neither,3.165364980697632
COL1A2,Neither,2.7292702198028564
COL1A2,Neither,2.7257883548736572
COL1A2,Neither,2.924534797668457
COL1A2,Neither,3.3417396545410156
COL1A2,Neither,0.0
COL1A2,Neither,2.756807327270508
COL1A2,Neither,0.0
COL1A2,Neither,2.819450855255127
COL1A2,Neither,1.8290700912475586
COL1A2,Neither,2.8558733463287354
COL1A2,Neither,3.4052388668060303
COL1A2,Neither,3.1495001316070557
COL1A2,Neither,2.2798807621002197
COL1A2,Neither,3.188241481781006
COL1A2,Neither,3.342163324356079
COL1A2,Neither,3.0974619388580322
COL1A2,Neither,3.203401803970337
COL1A2,Neither,3.689023733139038
COL1A2,Neither,3.1891958713531494
COL1A2,Neither,3.6206257343292236
COL1A2,Neither,3.1979267597198486
COL1A2,Neither,3.1688458919525146
COL1A2,Neither,3.2672150135040283
COL1A2,Neither,3.1223199367523193
COL1A2,Neither,3.2648918628692627
COL1A2,Neither,2.6302075386047363
COL1A2,Neither,2.7166714668273926
COL1A2,Neither,2.2074403762817383
COL1A2,Neither,0.0
COL1A2,Neither,2.1684601306915283
COL1A2,Neither,2.660266637802124
COL1A2,Neither,3.2527222633361816
COL1A2,Neither,3.1612563133239746
COL1A2,Neither,2.72434139251709
COL1A2,Neither,2.599210739135742
COL1A2,Neither,2.282041072845459
COL1A2,Neither,2.6406729221343994
COL1A2,Neither,2.5238165855407715
COL1A2,Neither,1.947052240371704
COL1A2,Neither,2.7062361240386963
COL1A2,Neither,2.6595494747161865
COL1A2,Neither,0.0
COL1A2,Neither,2.356963634490967
COL1A2,Neither,2.430919647216797
COL1A2,Neither,3.0205657482147217
COL1A2,Neither,2.5515658855438232
COL1A2,Neither,2.6319618225097656
COL1A2,Neither,2.7957475185394287
COL1A2,Neither,2.5036470890045166
COL1A2,Neither,2.2094991207122803
COL1A2,Neither,2.22412371635437
COL1A2,Neither,2.533949375152588
COL1A2,Neither,2.230929374694824
COL1A2,Neither,1.9933571815490723
COL1A2,Neither,2.2943174839019775
COL1A2,Neither,2.2762842178344727
COL1A2,Neither,2.8317642211914062
COL1A2,Neither,3.029622793197632
COL1A2,Neither,2.3675732612609863
COL1A2,Neither,0.0
COL1A2,Neither,0.0
COL1A2,Neither,3.3106913566589355
COL1A2,Neither,3.2766263484954834
COL1A2,Neither,3.429089307785034
COL1A2,Neither,3.5170981884002686
COL1A2,Neither,2.753965377807617
COL1A2,Neither,2.928725481033325
COL1A2,Neither,3.1680312156677246
COL1A2,Neither,2.8478403091430664
COL1A2,Neither,2.938546895980835
COL1A2,Neither,2.5533721446990967
COL1A2,Neither,2.8838753700256348
COL1A2,Neither,3.002285957336426
COL1A2,Neither,2.6717782020568848
COL1A2,Neither,2.9656119346618652
COL1A2,Neither,2.901604175567627
COL1A2,Neither,3.317805051803589
COL1A2,Neither,3.1346073150634766
COL1A2,Neither,2.566941499710083
COL1A2,Neither,3.029573440551758
COL1A2,Neither,2.8107452392578125
COL1A2,Neither,2.749746561050415
COL1A2,Neither,3.339599132537842
COL1A2,Neither,3.532843589782715
COL1A2,Neither,3.142674207687378
COL1A2,Neither,3.265636682510376
COL1A2,Neither,3.2232704162597656
COL1A2,Neither,3.3835055828094482
COL1A2,Neither,2.488948345184326
COL1A2,Neither,2.393841028213501
COL1A2,Neither,3.282193183898926
COL1A2,Neither,2.802628755569458
COL1A2,Neither,3.4536521434783936
COL1A2,Neither,3.410015821456909
COL1A2,Neither,2.8855113983154297
COL1A2,Neither,3.1570541858673096
COL1A2,Neither,2.816549301147461
COL1A2,Neither,3.6176862716674805
COL1A2,Neither,3.060396432876587
COL1A2,Neither,3.3360161781311035
COL1A2,Neither,3.041604518890381
COL1A2,Neither,2.789015531539917
COL1A2,Neither,3.3910529613494873
COL1A2,Neither,3.1677587032318115
COL1A2,Neither,3.528667449951172
COL1A2,Neither,3.0986387729644775
COL1A2,Neither,3.4216787815093994
COL1A2,Neither,3.377626657485962
COL1A2,Neither,3.451554298400879
COL1A2,Neither,3.1096439361572266
COL1A2,Neither,2.416353464126587
COL1A2,Neither,0.0
COL1A2,Neither,3.313977003097534
COL1A2,Neither,2.432319164276123
COL1A2,Neither,2.878856897354126
COL1A2,Neither,2.982773542404175
COL1A2,Neither,3.358633518218994
COL1A2,Neither,3.464980125427246
COL1A2,Neither,3.4698374271392822
COL1A2,Neither,3.3525774478912354
COL1A2,Neither,3.1163129806518555
COL1A2,Neither,3.2251181602478027
COL1A2,Neither,2.6076207160949707
COL1A2,Neither,3.280942678451538
COL1A2,Neither,3.2870588302612305
COL1A2,Neither,3.150973081588745
COL1A2,Neither,2.9689908027648926
COL1A2,Neither,3.2587807178497314
COL1A2,Neither,2.7806122303009033
COL1A2,Neither,2.6432504653930664
COL1A2,Neither,3.2609972953796387
COL1A2,Neither,3.2147984504699707
COL1A2,Neither,3.3840157985687256
COL1A2,Neither,3.165994882583618
COL1A2,Neither,3.162728786468506
COL1A2,Neither,3.0659685134887695
COL1A2,Neither,3.1641244888305664
COL1A2,Neither,2.680370330810547
COL1A2,Neither,3.264512300491333
COL1A2,Neither,3.5601987838745117
COL1A2,Neither,2.4379711151123047
COL1A2,Neither,3.1696619987487793
COL1A2,Neither,2.8399012088775635
COL1A2,Neither,3.265119791030884
COL1A2,Neither,3.2230961322784424
COL1A2,Neither,2.965974807739258
COL1A2,Neither,3.1733076572418213
COL1A2,Neither,3.2556114196777344
COL1A2,Neither,3.0471696853637695
COL1A2,Neither,2.718339443206787
COL1A2,Neither,2.7120778560638428
COL1A2,Neither,2.4200856685638428
COL1A2,Neither,2.7129557132720947
COL1A2,Neither,2.293384313583374
COL1A2,Neither,2.7133030891418457
COL1A2,Neither,2.55501389503479
COL1A2,Neither,2.516369342803955
COL1A2,Neither,3.48970890045166
COL1A2,Neither,2.6927402019500732
COL1A2,Neither,2.3576531410217285
COL1A2,Neither,2.4852428436279297
COL1A2,Neither,2.2253150939941406
COL1A2,Neither,2.4017937183380127
COL1A2,Neither,2.835423469543457
COL1A2,Neither,2.749267816543579
COL1A2,Neither,2.55401349067688
COL1A2,Neither,2.830841541290283
COL1A2,Neither,2.4675540924072266
COL1A2,Neither,2.9031636714935303
COL1A2,Neither,2.762462615966797
COL1A2,Neither,2.154395818710327
COL1A2,Neither,2.5008015632629395
COL1A2,Neither,2.9864659309387207
COL1A2,Neither,2.5829110145568848
COL1A2,Neither,2.7989516258239746
COL1A2,Neither,2.804295063018799
COL1A2,Neither,2.572317600250244
COL1A2,Neither,2.6144466400146484
COL1A2,Neither,2.914797067642212
COL1A2,Neither,2.4655802249908447
COL1A2,Neither,2.1425342559814453
COL1A2,Neither,0.0
COL1A2,Neither,2.369863748550415
COL1A2,Neither,2.678851842880249
COL1A2,Neither,0.0
COL1A2,Neither,2.7220771312713623
COL1A2,Neither,3.121384859085083
COL1A2,Neither,2.6495344638824463
COL1A2,Neither,2.848576545715332
COL1A2,Neither,2.562443733215332
COL1A2,Neither,3.0309858322143555
COL1A2,Neither,2.5588126182556152
COL1A2,Neither,2.8872101306915283
COL1A2,Neither,2.5317177772521973
COL1A2,Neither,0.0
COL1A2,Neither,2.3649511337280273
COL1A2,Neither,2.129733085632324
COL1A2,Neither,2.5000782012939453
COL1A2,Neither,2.6033084392547607
COL1A2,Neither,2.7384626865386963
COL1A2,Neither,2.1350553035736084
COL1A2,Neither,2.437195301055908
COL1A2,Neither,2.3613362312316895
COL1A2,Neither,2.25020432472229
COL1A2,Neither,2.93389892578125
COL1A2,Neither,2.2904560565948486
COL1A2,Neither,2.372432231903076
COL1A2,Neither,2.1030490398406982
COL1A2,Neither,2.2666025161743164
COL1A2,Neither,2.39505934715271
COL1A2,Neither,2.2160110473632812
COL1A2,Neither,2.6389126777648926
COL1A2,Neither,1.6927285194396973
COL1A2,Neither,2.4393556118011475
COL1A2,Neither,2.6797237396240234
COL1A2,Neither,0.0
COL1A2,Neither,2.1986758708953857
COL1A2,Neither,2.466827154159546
COL1A2,Neither,0.0
COL1A2,Neither,2.355288505554199
COL1A2,Neither,3.6034436225891113
COL1A2,Neither,2.0869603157043457
COL1A2,Neither,2.1321163177490234
COL1A2,Neither,2.4067492485046387
COL1A2,Neither,2.6399245262145996
COL1A2,Neither,2.4819626808166504
COL1A2,Neither,2.396238327026367
COL1A2,Neither,2.3406503200531006
COL1A2,Neither,2.628314256668091
COL1A2,Neither,2.055271863937378
COL1A2,Neither,2.6414639949798584
COL1A2,Neither,2.3422670364379883
COL1A2,Neither,2.1034936904907227
COL1A2,Neither,2.2188193798065186
COL1A2,Neither,0.0
COL1A2,Neither,2.9738056659698486
COL1A2,Neither,2.2885210514068604
COL1A2,Neither,2.4147253036499023
COL1A2,Neither,2.449610710144043
COL1A2,Neither,2.651090145111084
COL1A2,Neither,1.955625057220459
COL1A2,Neither,2.6027517318725586
COL1A2,Neither,1.9113390445709229
COL1A2,Neither,2.749281883239746
COL1A2,Neither,2.30472731590271
COL1A2,Neither,3.5728983879089355
COL1A2,Neither,3.0345652103424072
COL1A2,Neither,2.5238423347473145
COL1A2,Neither,2.3641669750213623
COL1A2,Neither,3.0304460525512695
COL1A2,Neither,2.559309244155884
COL1A2,Neither,1.9043434858322144
COL1A2,Neither,0.0
COL1A2,Neither,0.8678168058395386
COL1A2,Neither,1.6724047660827637
COL1A2,Neither,2.485067367553711
COL1A2,Neither,3.1071150302886963
COL1A2,Neither,2.9216537475585938
COL1A2,Neither,3.4232840538024902
COL1A2,Neither,3.1648318767547607
COL1A2,Neither,3.310636520385742
COL1A2,Neither,0.38736334443092346
COL1A2,Neither,1.455888271331787
COL1A2,Neither,2.210214138031006
COL1A2,Neither,0.0
COL1A2,Neither,0.0
COL1A2,Neither,1.7308714389801025
COL1A2,Neither,1.1051431894302368
COL1A2,Neither,2.9124021530151367
COL1A2,Neither,0.988927960395813
COL1A2,Neither,3.6133549213409424
COL1A2,Neither,3.541987419128418
COL1A2,Neither,0.20189441740512848
COL1A2,Neither,2.0793354511260986
COL1A2,Neither,0.8244589567184448
COL1A2,Neither,2.978445053100586
COL1A2,Neither,2.9234845638275146
COL1A2,Neither,0.34357964992523193
COL1A2,Neither,0.0
COL1A2,Neither,3.0627291202545166
COL1A2,Neither,3.0867135524749756
COL1A2,Neither,1.9411821365356445
COL1A2,Neither,3.3262710571289062
COL1A2,Neither,3.0313291549682617
COL1A2,Neither,0.07316210120916367
COL1A2,Neither,0.6475375890731812
COL1A2,Neither,0.7251561284065247
COL1A2,Neither,3.968860387802124
COL1A2,Neither,2.6001548767089844
COL1A2,Neither,0.0
COL1A2,Neither,2.2440571784973145
COL1A2,Neither,1.6020796298980713
COL1A2,Neither,2.221011161804199
COL1A2,Neither,3.3115787506103516
COL1A2,Neither,2.2797141075134277
COL1A2,Neither,2.7117629051208496
COL1A2,Neither,2.2439167499542236
COL1A2,Neither,0.06705166399478912
COL1A2,Neither,3.011547803878784
COL1A2,Neither,3.462125301361084
COL1A2,Neither,2.5101318359375
COL1A2,Neither,3.3208792209625244
COL1A2,Neither,0.3121926188468933
COL1A2,Neither,0.0
COL1A2,Neither,3.1891326904296875
COL1A2,Neither,2.940793752670288
COL1A2,Neither,2.9415225982666016
COL1A2,Neither,1.0062931776046753
COL1A2,Neither,3.744778871536255
COL1A2,Neither,1.5192235708236694
COL1A2,Neither,1.8185170888900757
COL1A2,Neither,2.2042059898376465
COL1A2,Neither,2.827712297439575
COL1A2,Neither,2.9323437213897705
COL1A2,Neither,3.1279115676879883
COL1A2,Neither,1.7010513544082642
COL1A2,Neither,3.3746583461761475
COL1A2,Neither,0.0
COL1A2,Neither,0.6789218187332153
COL1A2,Neither,3.0873372554779053
COL1A2,Neither,0.03382871299982071
COL1A2,Neither,2.364581346511841
COL1A2,Neither,3.048283576965332
COL1A2,Neither,2.7057886123657227
COL1A2,Neither,3.0787570476531982
COL1A2,Neither,2.5524466037750244
COL1A2,Neither,1.1361868381500244
COL1A2,Neither,2.051626682281494
COL1A2,Neither,2.9140942096710205
COL1A2,Neither,0.0
COL1A2,Neither,3.407780408859253
COL1A2,Neither,2.9879016876220703
COL1A2,Neither,0.0
COL1A2,Neither,2.7270870208740234
COL1A2,Neither,3.522946834564209
COL1A2,Neither,0.0
COL1A2,Neither,3.4899256229400635
COL1A2,Neither,3.8322901725769043
COL1A2,Neither,3.4543662071228027
COL1A2,Neither,2.4536688327789307
COL1A2,Neither,2.070342779159546
COL1A2,Neither,2.7954494953155518
COL1A2,Neither,2.2335073947906494
COL1A2,Neither,2.7125744819641113
COL1A2,Neither,0.0
COL1A2,Neither,2.0011942386627197
COL1A2,Neither,2.04864764213562
COL1A2,Neither,2.801722764968872
COL1A2,Neither,2.352283239364624
COL1A2,Neither,2.7438018321990967
COL1A2,Neither,2.803821086883545
COL1A2,Neither,2.457256317138672
COL1A2,Neither,2.625237464904785
COL1A2,Neither,2.3775603771209717
COL1A2,Neither,1.7358108758926392
COL1A2,Neither,2.7567012310028076
COL1A2,Neither,2.828153371810913
COL1A2,Neither,2.285464286804199
COL1A2,Neither,0.0
COL1A2,Neither,2.1527395248413086
COL1A2,Neither,0.8580431938171387
COL1A2,Neither,1.8310402631759644
COL1A2,Neither,0.0
COL1A2,Neither,0.4276077151298523
COL1A2,Neither,0.4306333065032959
COL1A2,Neither,0.0
COL1A2,Neither,1.1439721584320068
COL1A2,Neither,1.410297155380249
COL1A2,Neither,0.0
COL1A2,Neither,0.3241523802280426
COL1A2,Neither,2.877044439315796
COL1A2,Neither,0.0
COL1A2,Neither,1.8624458312988281
COL1A2,Neither,1.172938585281372
COL1A2,Neither,0.0
COL1A2,Neither,0.0
COL1A2,Neither,0.2248004823923111
COL1A2,Neither,1.7188827991485596
COL1A2,Neither,1.4706968069076538
COL1A2,Neither,2.303863525390625
COL1A2,Neither,1.7603223323822021
COL1A2,Neither,2.80387282371521
COL1A2,Neither,2.6121747493743896
COL1A2,Neither,1.7441339492797852
COL1A2,Neither,0.0
COL1A2,Neither,2.661245107650757
COL1A2,Neither,1.9216537475585938
COL1A2,Neither,1.2673696279525757
COL1A2,Neither,0.11421969532966614
COL1A2,Neither,2.4190523624420166
COL1A2,Neither,1.4934587478637695
COL1A2,Neither,2.5141122341156006
COL1A2,Neither,2.0677881240844727
COL1A2,Neither,0.7770956158638
COL1A2,Neither,2.1652636528015137
COL1A2,Neither,2.85577392578125
COL1A2,Neither,2.1718294620513916
COL1A2,Neither,1.3142718076705933
COL1A2,Neither,2.630629777908325
COL1A2,Neither,1.9937677383422852
COL1A2,Neither,0.2989998459815979
COL1A2,Neither,0.8469380140304565
COL1A2,Neither,0.8540652990341187
COL1A2,Neither,1.9887597560882568
COL1A2,Neither,2.880272626876831
COL1A2,Neither,1.655928134918213
COL1A2,Neither,2.9327738285064697
COL1A2,Neither,0.0
COL1A2,Neither,2.3694543838500977
COL1A2,Neither,0.0
COL1A2,Neither,2.4517929553985596
COL1A2,Neither,1.9710400104522705
COL1A2,Neither,3.1154258251190186
COL1A2,Neither,2.8615152835845947
COL1A2,Neither,1.743800163269043
COL1A2,Neither,3.118680238723755
COL1A2,Neither,0.0
COL1A2,Neither,1.9652127027511597
COL1A2,Neither,2.175335645675659
COL1A2,Neither,1.560791015625
COL1A2,Neither,2.8160645961761475
COL1A2,Neither,0.477480411529541
COL1A2,Neither,2.093285322189331
COL1A2,Neither,0.0
COL1A2,Neither,2.842611789703369
COL1A2,Neither,2.621021270751953
COL1A2,Neither,1.1262681484222412
COL1A2,Neither,0.6878929734230042
COL1A2,Neither,0.36864620447158813
COL1A2,Neither,2.994220733642578
COL1A2,Neither,3.249985456466675
COL1A2,Neither,3.334458351135254
COL1A2,Neither,0.0
COL1A2,Neither,3.7937159538269043
COL1A2,Neither,4.070536136627197
COL1A2,Neither,3.417314052581787
COL1A2,Neither,3.3650169372558594
COL1A2,Neither,3.141411304473877
COL1A2,Neither,2.1275691986083984
COL1A2,Neither,3.807460069656372
COL1A2,Neither,3.761139154434204
COL1A2,Neither,3.29838490486145
COL1A2,Neither,3.7149641513824463
COL1A2,Neither,3.500990390777588
COL1A2,Neither,3.881225824356079
COL1A2,Neither,3.8133344650268555
COL1A2,Neither,3.6969070434570312
COL1A2,Neither,3.69173264503479
COL1A2,Neither,3.4751875400543213
COL1A2,Neither,3.322279691696167
COL1A2,Neither,3.381859302520752
COL1A2,Neither,3.46867036819458
COL1A2,Neither,3.3623831272125244
COL1A2,Neither,3.515777826309204
COL1A2,Neither,3.6270487308502197
COL1A2,Neither,3.5787861347198486
COL1A2,Neither,3.6463425159454346
COL1A2,Neither,3.577671527862549
COL1A2,Neither,0.0
COL1A2,Neither,3.3927907943725586
COL1A2,Neither,3.2321934700012207
COL1A2,Neither,3.750401258468628
COL1A2,Neither,3.6414780616760254
COL1A2,Neither,3.6563363075256348
COL1A2,Neither,3.5632498264312744
COL1A2,Neither,3.7938506603240967
COL1A2,Neither,3.4680023193359375
COL1A2,Neither,3.4545559883117676
COL1A2,Neither,3.62640380859375
COL1A2,Neither,3.6406126022338867
COL1A2,Neither,3.5457749366760254
COL1A2,Neither,3.6098287105560303
COL1A2,Neither,3.5626771450042725
COL1A2,Neither,3.4678494930267334
COL1A2,Neither,3.4643657207489014
COL1A2,Neither,3.4625895023345947
COL1A2,Neither,3.659303665161133
COL1A2,Neither,3.539767026901245
COL1A2,Neither,3.5884475708007812
COL1A2,Neither,3.651271104812622
COL1A2,Neither,3.9294698238372803
COL1A2,Neither,3.6236581802368164
COL1A2,Neither,3.793595314025879
COL1A2,Neither,3.7256011962890625
COL1A2,Neither,3.450918436050415
COL1A2,Neither,3.631748914718628
COL1A2,Neither,3.645516872406006
COL1A2,Neither,3.678037166595459
COL1A2,Neither,3.5075936317443848
COL1A2,Neither,3.564094305038452
COL1A2,Neither,3.424712657928467
COL1A2,Neither,3.386662721633911
COL1A2,Neither,3.642448902130127
COL1A2,Neither,3.6011273860931396
COL1A2,Neither,3.651907205581665
COL1A2,Neither,3.5947086811065674
COL1A2,Neither,3.558472156524658
COL1A2,Neither,3.583045482635498
COL1A2,Neither,3.5736289024353027
COL1A2,Neither,3.748624324798584
COL1A2,Neither,3.503377914428711
COL1A2,Neither,3.3972229957580566
COL1A2,Neither,3.4944324493408203
COL1A2,Neither,3.553492307662964
COL1A2,Neither,3.2661030292510986
COL1A2,Neither,3.3669166564941406
COL1A2,Neither,3.6876888275146484
COL1A2,Neither,3.604746103286743
COL1A2,Neither,3.6964313983917236
COL1A2,Neither,3.853727102279663
COL1A2,Neither,3.7973885536193848
COL1A2,Neither,3.727146625518799
COL1A2,Neither,3.657876491546631
COL1A2,Neither,3.666841745376587
COL1A2,Neither,3.73097562789917
COL1A2,Neither,3.666816473007202
COL1A2,Neither,3.5645859241485596
COL1A2,Neither,3.2391161918640137
COL1A2,Neither,3.370798349380493
COL1A2,Neither,3.615304708480835
COL1A2,Neither,3.7503128051757812
COL1A2,Neither,3.3864946365356445
COL1A2,Neither,3.6825685501098633
COL1A2,Neither,3.5120415687561035
COL1A2,Neither,3.4362576007843018
COL1A2,Neither,3.4888648986816406
COL1A2,Neither,3.8047924041748047
COL1A2,Neither,3.792560338973999
COL1A2,Neither,3.529877185821533
COL1A2,Neither,3.813884973526001
COL1A2,Neither,3.571274995803833
COL1A2,Neither,3.39528751373291
COL1A2,Neither,3.669116258621216
COL1A2,Neither,2.4786386489868164
COL1A2,Neither,2.0800180435180664
COL1A2,Neither,2.849623441696167
COL1A2,Neither,1.276686668395996
COL1A2,Neither,2.6897552013397217
COL1A2,Neither,2.4500646591186523
COL1A2,Neither,2.6048643589019775
COL1A2,Neither,2.6786153316497803
COL1A2,Neither,3.1612513065338135
COL1A2,Neither,2.7473316192626953
COL1A2,Neither,2.695483684539795
COL1A2,Neither,2.858687162399292
COL1A2,Neither,2.518547296524048
COL1A2,Neither,1.5125359296798706
COL1A2,Neither,2.0704526901245117
COL1A2,Neither,2.504319667816162
COL1A2,Neither,2.8942694664001465
COL1A2,Neither,2.4951233863830566
COL1A2,Neither,0.0
COL1A2,Neither,2.6202657222747803
COL1A2,Neither,1.6393542289733887
COL1A2,Neither,0.0
COL1A2,Neither,1.9325886964797974
COL1A2,Neither,2.433976888656616
COL1A2,Neither,2.297877311706543
COL1A2,Neither,2.4671547412872314
COL1A2,Neither,3.0193796157836914
COL1A2,Neither,2.157985210418701
COL1A2,Neither,2.896763563156128
COL1A2,Neither,2.7185304164886475
COL1A2,Neither,2.7093582153320312
COL1A2,Neither,2.695485830307007
COL1A2,Neither,2.53717303276062
COL1A2,Neither,3.00883150100708
COL1A2,Neither,2.452224016189575
COL1A2,Neither,2.677945137023926
COL1A2,Neither,2.9017105102539062
COL1A2,Neither,2.465463638305664
COL1A2,Neither,3.0088160037994385
COL1A2,Neither,0.0
COL1A2,Neither,3.0135371685028076
COL1A2,Neither,1.9213166236877441
COL1A2,Neither,2.881348133087158
COL1A2,Neither,2.961524248123169
COL1A2,Neither,1.9368350505828857
COL1A2,Neither,3.1962063312530518
COL1A2,Neither,0.0
COL1A2,Neither,2.3747222423553467
COL1A2,Neither,2.92514705657959
COL1A2,Neither,0.0
COL1A2,Neither,2.4479832649230957
COL1A2,Neither,3.0035552978515625
COL1A2,Neither,2.6347603797912598
COL1A2,Neither,2.637869119644165
COL1A2,Neither,2.558722972869873
COL1A2,Neither,3.1233057975769043
COL1A2,Neither,0.0
COL1A2,Neither,0.0
COL1A2,Neither,0.0
COL1A2,Neither,3.0424835681915283
COL1A2,Neither,2.907548666000366
COL1A2,Neither,3.1130285263061523
COL1A2,Neither,2.817892551422119
COL1A2,Neither,2.574991464614868
COL1A2,Neither,2.5923168659210205
COL1A2,Neither,2.237882137298584
COL1A2,Neither,3.2447822093963623
COL1A2,Neither,2.4136359691619873
COL1A2,Neither,2.672837257385254
COL1A2,Neither,2.7931785583496094
COL1A2,Neither,3.036008358001709
COL1A2,Neither,1.9622442722320557
COL1A2,Neither,3.0169081687927246
COL1A2,Neither,3.2408647537231445
COL1A2,Neither,2.7938694953918457
COL1A2,Neither,3.015834331512451
COL1A2,Neither,0.0
COL1A2,Neither,3.0305464267730713
COL1A2,Neither,2.955169916152954
COL1A2,Neither,2.907606840133667
COL1A2,Neither,3.1511638164520264
COL1A2,Neither,2.834838628768921
COL1A2,Neither,2.8930716514587402
COL1A2,Neither,3.16900372505188
COL1A2,Neither,2.9734442234039307
COL1A2,Neither,2.9176406860351562
COL1A2,Neither,3.196665048599243
COL1A2,Neither,3.1697349548339844
COL1A2,Neither,3.144409418106079
COL1A2,Neither,3.1218225955963135
COL1A2,Neither,2.087181329727173
COL1A2,Neither,2.7585556507110596
COL1A2,Neither,2.585181951522827
COL1A2,Neither,2.7865493297576904
COL1A2,Neither,3.0474233627319336
COL1A2,Neither,2.143026113510132
COL1A2,Neither,3.0201830863952637
COL1A2,Neither,3.2384305000305176
COL1A2,Neither,2.8956375122070312
COL1A2,Neither,2.2306299209594727
COL1A2,Neither,2.241288900375366
COL1A2,Neither,2.8357410430908203
COL1A2,Neither,2.3754284381866455
COL1A2,Neither,3.0000007152557373
COL1A2,Neither,2.830339193344116
COL1A2,Neither,0.0
COL1A2,Neither,2.894608974456787
COL1A2,Neither,2.1856160163879395
COL1A2,Neither,0.0
COL1A2,Neither,2.7323429584503174
COL1A2,Neither,0.0
COL1A2,Neither,0.0
COL1A2,Neither,3.223942756652832
COL1A2,Neither,2.3778529167175293
COL1A2,Neither,2.9883272647857666
COL1A2,Neither,3.3225440979003906
COL1A2,Neither,2.219682216644287
COL1A2,Neither,2.88486909866333
COL1A2,Neither,2.935802459716797
COL1A2,Neither,0.0
COL1A2,Neither,0.0
COL1A2,Neither,2.8281235694885254
COL1A2,Neither,2.3702023029327393
COL1A2,Neither,0.0
COL1A2,Neither,3.090728759765625
COL1A2,Neither,2.5178308486938477
COL1A2,Neither,2.3492584228515625
COL1A2,Neither,0.0
COL1A2,Neither,0.0
COL1A2,Neither,3.2023799419403076
COL1A2,Neither,3.1679327487945557
COL1A2,Neither,3.0124473571777344
COL1A2,Neither,3.0618910789489746
COL1A2,Neither,3.0572855472564697
COL1A2,Neither,3.822573184967041
COL1A2,Neither,3.2073464393615723
COL1A2,Neither,3.517225742340088
COL1A2,Neither,3.4066665172576904
COL1A2,Neither,3.5326197147369385
COL1A2,Neither,3.401585102081299
COL1A2,Neither,3.531709671020508
COL1A2,Neither,3.5341529846191406
COL1A2,Neither,3.068415403366089
COL1A2,Neither,2.7497973442077637
COL1A2,Neither,3.800597906112671
COL1A2,Neither,3.309084892272949
COL1A2,Neither,3.7994532585144043
COL1A2,Neither,3.6838881969451904
COL1A2,Neither,3.334273338317871
COL1A2,Neither,3.669445753097534
COL1A2,Neither,3.8256921768188477
COL1A2,Neither,3.5625436305999756
COL1A2,Neither,3.675194263458252
COL1A2,Neither,3.3920557498931885
COL1A2,Neither,2.7880303859710693
COL1A2,Neither,3.2913119792938232
COL1A2,Neither,3.76706862449646
COL1A2,Neither,3.3768560886383057
COL1A2,Neither,3.464000940322876
COL1A2,Neither,3.3993101119995117
COL1A2,Neither,3.4432616233825684
COL1A2,Neither,3.061436891555786
COL1A2,Neither,3.901869297027588
COL1A2,Neither,3.5419669151306152
COL1A2,Neither,3.3855743408203125
COL1A2,Neither,3.467918634414673
COL1A2,Neither,3.326927423477173
COL1A2,Neither,3.3585989475250244
COL1A2,Neither,3.234131336212158
COL1A2,Neither,3.569812059402466
COL1A2,Neither,3.510956048965454
COL1A2,Neither,2.9526147842407227
COL1A2,Neither,2.6096460819244385
COL1A2,Neither,2.8975942134857178
COL1A2,Neither,3.2203807830810547
COL1A2,Neither,3.3541226387023926
COL1A2,Neither,3.6999619007110596
COL1A2,Neither,3.5486016273498535
COL1A2,Neither,3.84203839302063
COL1A2,Neither,3.447868824005127
COL1A2,Neither,3.012768268585205
COL1A2,Neither,4.209482192993164
COL1A2,Neither,0.0
COL1A2,Neither,3.4495511054992676
COL1A2,Neither,3.3460888862609863
COL1A2,Neither,3.3137216567993164
COL1A2,Neither,2.6645498275756836
COL1A2,Neither,2.271311044692993
COL1A2,Neither,3.8610637187957764
COL1A2,Neither,3.3009040355682373
COL1A2,Neither,3.9275100231170654
COL1A2,Neither,3.3975377082824707
COL1A2,Neither,0.0
COL1A2,Neither,3.9687721729278564
COL1A2,Neither,3.7886457443237305
COL1A2,Neither,3.804546594619751
COL1A2,Neither,4.236114978790283
COL1A2,Neither,3.7527084350585938
COL1A2,Neither,3.902834177017212
COL1A2,Neither,3.233128309249878
COL1A2,KRAS only,0.0
COL1A2,KRAS only,0.0
COL1A2,KRAS only,3.8939778804779053
COL1A2,KRAS only,3.32228684425354
COL1A2,KRAS only,0.0
COL1A2,KRAS only,3.45033860206604
COL1A2,KRAS only,2.9909002780914307
COL1A2,KRAS only,2.5419981479644775
COL1A2,KRAS only,3.2418930530548096
COL1A2,KRAS only,0.0
COL1A2,KRAS only,3.9491374492645264
COL1A2,KRAS only,0.0
COL1A2,KRAS only,2.195094108581543
COL1A2,KRAS only,1.8758537769317627
COL1A2,KRAS only,1.800985336303711
COL1A2,KRAS only,2.2289552688598633
COL1A2,KRAS only,2.3157403469085693
COL1A2,KRAS only,1.4604673385620117
COL1A2,KRAS only,0.0
COL1A2,KRAS only,1.7231117486953735
COL1A2,KRAS only,3.111189126968384
COL1A2,KRAS only,2.2119367122650146
COL1A2,KRAS only,2.358827829360962
COL1A2,KRAS only,2.496419906616211
COL1A2,KRAS only,2.3127002716064453
COL1A2,KRAS only,0.0
COL1A2,KRAS only,2.1570112705230713
COL1A2,KRAS only,3.7960636615753174
COL1A2,KRAS only,2.2265546321868896
COL1A2,KRAS only,0.0
COL1A2,KRAS only,0.0
COL1A2,KRAS only,0.0
COL1A2,KRAS only,3.7043113708496094
COL1A2,KRAS only,1.6517022848129272
COL1A2,KRAS only,2.3760628700256348
COL1A2,KRAS only,0.0
COL1A2,KRAS only,2.3182132244110107
COL1A2,KRAS only,1.8580551147460938
COL1A2,KRAS only,3.0946385860443115
COL1A2,KRAS only,1.816558837890625
COL1A2,KRAS only,3.2397358417510986
COL1A2,KRAS only,2.2658493518829346
COL1A2,KRAS only,2.0282349586486816
COL1A2,KRAS only,0.0
COL1A2,KRAS only,2.095889091491699
COL1A2,KRAS only,0.0
COL1A2,KRAS only,3.0647454261779785
COL1A2,KRAS only,0.0
COL1A2,KRAS only,0.0
COL1A2,KRAS only,1.4813005924224854
COL1A2,KRAS only,2.3763582706451416
COL1A2,KRAS only,0.0
COL1A2,KRAS only,3.1009998321533203
COL1A2,KRAS only,3.4655685424804688
COL1A2,KRAS only,2.1466004848480225
COL1A2,KRAS only,2.9668071269989014
COL1A2,KRAS only,2.6327199935913086
COL1A2,KRAS only,1.9613244533538818
COL1A2,KRAS only,1.889312982559204
COL1A2,KRAS only,2.068235158920288
COL1A2,KRAS only,0.0
COL1A2,KRAS only,0.0
COL1A2,KRAS only,3.5121519565582275
COL1A2,KRAS only,1.7114897966384888
COL1A2,KRAS only,0.0
COL1A2,KRAS only,3.242011308670044
COL1A2,KRAS only,2.996302366256714
COL1A2,KRAS only,2.5466840267181396
COL1A2,KRAS only,2.7712771892547607
COL1A2,KRAS only,0.0
COL1A2,KRAS only,3.1475939750671387
COL1A2,KRAS only,2.247854471206665
COL1A2,KRAS only,3.1292977333068848
COL1A2,KRAS only,1.7129786014556885
COL1A2,KRAS only,2.4665451049804688
COL1A2,KRAS only,2.532169818878174
COL1A2,KRAS only,2.9224653244018555
COL1A2,KRAS only,4.519003391265869
COL1A2,KRAS only,0.0
COL1A2,KRAS only,2.9700469970703125
COL1A2,KRAS only,1.9597511291503906
COL1A2,KRAS only,3.272226333618164
COL1A2,KRAS only,2.303891181945801
COL1A2,KRAS only,2.2321054935455322
COL1A2,KRAS only,2.14426851272583
COL1A2,KRAS only,1.7992991209030151
COL1A2,KRAS only,2.665783166885376
COL1A2,KRAS only,1.389980673789978
COL1A2,KRAS only,2.5196478366851807
COL1A2,KRAS only,2.9261107444763184
COL1A2,KRAS only,2.6735715866088867
COL1A2,KRAS only,2.3879547119140625
COL1A2,KRAS only,2.9926974773406982
COL1A2,KRAS only,3.1969754695892334
COL1A2,KRAS only,1.4402259588241577
COL1A2,KRAS only,2.799368381500244
COL1A2,KRAS only,3.186058759689331
COL1A2,KRAS only,2.893001079559326
COL1A2,KRAS only,2.638685941696167
COL1A2,KRAS only,1.774267554283142
COL1A2,KRAS only,2.1576876640319824
COL1A2,KRAS only,3.3527026176452637
COL1A2,KRAS only,1.6595853567123413
COL1A2,KRAS only,2.9314968585968018
COL1A2,KRAS only,2.716867685317993
COL1A2,KRAS only,2.4910707473754883
COL1A2,KRAS only,1.7040939331054688
COL1A2,KRAS only,2.1464004516601562
COL1A2,KRAS only,2.442232847213745
COL1A2,KRAS only,0.8535946607589722
COL1A2,KRAS only,2.755807399749756
COL1A2,KRAS only,2.6339190006256104
COL1A2,KRAS only,2.2186644077301025
COL1A2,KRAS only,2.1353378295898438
COL1A2,KRAS only,4.015625
COL1A2,KRAS only,1.380547046661377
COL1A2,KRAS only,3.50356125831604
COL1A2,KRAS only,2.0517096519470215
COL1A2,KRAS only,3.132314920425415
COL1A2,KRAS only,2.9490931034088135
COL1A2,KRAS only,2.441594123840332
COL1A2,KRAS only,2.7707157135009766
COL1A2,KRAS only,1.921208143234253
COL1A2,KRAS only,1.5809383392333984
COL1A2,KRAS only,3.2304084300994873
COL1A2,KRAS only,0.0
COL1A2,KRAS only,2.686903715133667
COL1A2,KRAS only,2.184176206588745
COL1A2,KRAS only,3.6980888843536377
COL1A2,KRAS only,2.8663887977600098
COL1A2,KRAS only,2.790134906768799
COL1A2,KRAS only,1.9737625122070312
COL1A2,KRAS only,1.7873287200927734
COL1A2,KRAS only,3.4158458709716797
COL1A2,KRAS only,0.0
COL1A2,KRAS only,2.342723846435547
COL1A2,KRAS only,1.9384050369262695
COL1A2,KRAS only,3.8504085540771484
COL1A2,KRAS only,2.040562152862549
COL1A2,KRAS only,0.0
COL1A2,KRAS only,2.099337100982666
COL1A2,KRAS only,3.392346143722534
COL1A2,KRAS only,3.4183919429779053
COL1A2,KRAS only,2.6615960597991943
COL1A2,KRAS only,1.975632667541504
COL1A2,KRAS only,3.2794957160949707
COL1A2,KRAS only,3.116727352142334
COL1A2,KRAS only,2.286102294921875
COL1A2,KRAS only,2.8383102416992188
COL1A2,KRAS only,2.0773444175720215
COL1A2,KRAS only,2.019542932510376
COL1A2,KRAS only,2.3095898628234863
COL1A2,KRAS only,1.6681714057922363
COL1A2,KRAS only,2.3353614807128906
COL1A2,KRAS only,1.099947452545166
COL1A2,KRAS only,1.4471484422683716
COL1A2,KRAS only,2.525092601776123
COL1A2,KRAS only,1.2052342891693115
COL1A2,KRAS only,1.9834299087524414
COL1A2,KRAS only,2.7841484546661377
COL1A2,KRAS only,0.0
COL1A2,KRAS only,0.0
COL1A2,KRAS only,1.8800774812698364
COL1A2,KRAS only,1.1366791725158691
COL1A2,KRAS only,0.0
COL1A2,KRAS only,1.6181342601776123
COL1A2,KRAS only,2.3300631046295166
COL1A2,KRAS only,0.0
COL1A2,KRAS only,2.5686497688293457
COL1A2,KRAS only,1.9096064567565918
COL1A2,KRAS only,1.4447662830352783
COL1A2,KRAS only,2.0056426525115967
COL1A2,KRAS only,0.850357174873352
COL1A2,KRAS only,1.93147873878479
COL1A2,KRAS only,1.6226885318756104
COL1A2,KRAS only,0.0
COL1A2,KRAS only,1.6362062692642212
COL1A2,KRAS only,1.0919897556304932
COL1A2,KRAS only,2.0354340076446533
COL1A2,KRAS only,1.6276025772094727
COL1A2,KRAS only,0.0
COL1A2,KRAS only,2.7163023948669434
COL1A2,KRAS only,1.8069188594818115
COL1A2,KRAS only,1.7233006954193115
COL1A2,KRAS only,1.526275396347046
COL1A2,KRAS only,1.633547306060791
COL1A2,KRAS only,0.0
COL1A2,KRAS only,1.715591549873352
COL1A2,KRAS only,0.0
COL1A2,KRAS only,1.3765490055084229
COL1A2,KRAS only,0.0
COL1A2,KRAS only,2.3848166465759277
COL1A2,KRAS only,1.2601330280303955
COL1A2,KRAS only,3.2040200233459473
COL1A2,KRAS only,2.001941442489624
COL1A2,KRAS only,0.0
COL1A2,KRAS only,1.4321657419204712
COL1A2,KRAS only,2.0712597370147705
COL1A2,KRAS only,2.071866035461426
COL1A2,KRAS only,1.4567949771881104
COL1A2,KRAS only,1.1325278282165527
COL1A2,KRAS only,1.7380132675170898
COL1A2,KRAS only,0.0
COL1A2,KRAS only,2.2662367820739746
COL1A2,KRAS only,1.2401835918426514
COL1A2,KRAS only,1.5050698518753052
COL1A2,KRAS only,0.0
COL1A2,KRAS only,0.0
COL1A2,KRAS only,1.2220276594161987
COL1A2,KRAS only,2.5800352096557617
COL1A2,KRAS only,1.9309743642807007
COL1A2,KRAS only,0.0
COL1A2,KRAS only,1.7858809232711792
COL1A2,KRAS only,1.8189969062805176
COL1A2,KRAS only,2.7716517448425293
COL1A2,KRAS only,2.1338589191436768
COL1A2,KRAS only,1.415647268295288
COL1A2,KRAS only,1.6805895566940308
COL1A2,KRAS only,0.0
COL1A2,KRAS only,2.2527918815612793
COL1A2,KRAS only,2.198410749435425
COL1A2,KRAS only,1.3156102895736694
COL1A2,KRAS only,1.9272029399871826
COL1A2,KRAS only,1.577270269393921
COL1A2,KRAS only,1.3933861255645752
COL1A2,KRAS only,1.664602518081665
COL1A2,KRAS only,1.8907442092895508
COL1A2,KRAS only,1.714843988418579
COL1A2,KRAS only,0.0
COL1A2,KRAS only,1.4594520330429077
COL1A2,KRAS only,2.1484932899475098
COL1A2,KRAS only,3.25809645652771
COL1A2,KRAS only,2.065673589706421
COL1A2,KRAS only,2.470996618270874
COL1A2,KRAS only,1.1934139728546143
COL1A2,KRAS only,0.0
COL1A2,KRAS only,2.259294271469116
COL1A2,KRAS only,0.0
COL1A2,KRAS only,2.0182688236236572
COL1A2,KRAS only,1.2078601121902466
COL1A2,KRAS only,0.7719624638557434
COL1A2,KRAS only,2.806025981903076
COL1A2,KRAS only,1.6850477457046509
COL1A2,KRAS only,2.1242334842681885
COL1A2,KRAS only,2.403825521469116
COL1A2,KRAS only,1.172991156578064
COL1A2,KRAS only,1.7416917085647583
COL1A2,KRAS only,1.2168176174163818
COL1A2,KRAS only,2.946411609649658
COL1A2,KRAS only,0.0
COL1A2,KRAS only,0.6223674416542053
COL1A2,KRAS only,1.6710577011108398
COL1A2,KRAS only,0.0
COL1A2,KRAS only,1.8200178146362305
COL1A2,KRAS only,1.765981674194336
COL1A2,KRAS only,0.7812830209732056
COL1A2,KRAS only,1.1346709728240967
COL1A2,KRAS only,1.227799654006958
COL1A2,KRAS only,0.0
COL1A2,KRAS only,1.0804799795150757
COL1A2,KRAS only,0.0
COL1A2,KRAS only,2.433649778366089
COL1A2,KRAS only,0.0
COL1A2,KRAS only,1.6503406763076782
COL1A2,KRAS only,1.5650393962860107
COL1A2,KRAS only,1.6711745262145996
COL1A2,KRAS only,1.1183273792266846
COL1A2,KRAS only,1.5891119241714478
COL1A2,KRAS only,0.0
COL1A2,KRAS only,0.0
COL1A2,KRAS only,0.0
COL1A2,KRAS only,2.644353151321411
COL1A2,KRAS only,2.172715663909912
COL1A2,KRAS only,0.9125868082046509
COL1A2,KRAS only,1.3708211183547974
COL1A2,KRAS only,0.0
COL1A2,KRAS only,0.0
COL1A2,KRAS only,2.1739578247070312
COL1A2,KRAS only,1.1763925552368164
COL1A2,KRAS only,0.0
COL1A2,KRAS only,1.3690696954727173
COL1A2,KRAS only,0.0
COL1A2,KRAS only,0.0
COL1A2,KRAS only,0.0
COL1A2,KRAS only,0.0
COL1A2,KRAS only,1.273686170578003
COL1A2,KRAS only,2.1894402503967285
COL1A2,KRAS only,1.3408960103988647
COL1A2,KRAS only,2.4280285835266113
COL1A2,KRAS only,0.9813504219055176
COL1A2,KRAS only,1.8739843368530273
COL1A2,KRAS only,1.8298356533050537
COL1A2,KRAS only,1.2024582624435425
COL1A2,KRAS only,0.0
COL1A2,KRAS only,0.0
COL1A2,KRAS only,1.7442197799682617
COL1A2,KRAS only,1.175153136253357
COL1A2,KRAS only,1.298701524734497
COL1A2,KRAS only,0.0
COL1A2,KRAS only,3.0202605724334717
COL1A2,KRAS only,2.677978992462158
COL1A2,KRAS only,1.4109416007995605
COL1A2,KRAS only,2.118739604949951
COL1A2,KRAS only,2.281386375427246
COL1A2,KRAS only,1.5010384321212769
COL1A2,KRAS only,1.9837002754211426
COL1A2,KRAS only,1.2230417728424072
COL1A2,KRAS only,1.7011574506759644
COL1A2,KRAS only,3.7551634311676025
COL1A2,KRAS only,1.0137535333633423
COL1A2,KRAS only,2.2022178173065186
COL1A2,KRAS only,2.3496851921081543
COL1A2,KRAS only,0.0
COL1A2,KRAS only,1.2238883972167969
COL1A2,KRAS only,1.9855951070785522
COL1A2,KRAS only,2.394040584564209
COL1A2,KRAS only,1.6840347051620483
COL1A2,KRAS only,1.2723900079727173
COL1A2,KRAS only,2.3005177974700928
COL1A2,KRAS only,1.2792751789093018
COL1A2,KRAS only,1.9402742385864258
COL1A2,KRAS only,1.774064302444458
COL1A2,KRAS only,1.7018903493881226
COL1A2,KRAS only,1.4272114038467407
COL1A2,KRAS only,1.5480586290359497
COL1A2,KRAS only,1.9385747909545898
COL1A2,KRAS only,0.9282144904136658
COL1A2,KRAS only,1.807983636856079
COL1A2,KRAS only,0.0
COL1A2,KRAS only,1.7496956586837769
COL1A2,KRAS only,2.182429075241089
COL1A2,KRAS only,0.0
COL1A2,KRAS only,0.0
COL1A2,KRAS only,1.8180701732635498
COL1A2,KRAS only,2.093390703201294
COL1A2,KRAS only,2.0785670280456543
COL1A2,KRAS only,1.9861373901367188
COL1A2,KRAS only,2.4061174392700195
COL1A2,KRAS only,2.6318814754486084
COL1A2,KRAS only,2.70947003364563
COL1A2,KRAS only,1.5560755729675293
COL1A2,KRAS only,1.7560064792633057
COL1A2,KRAS only,2.843512773513794
COL1A2,KRAS only,0.0
COL1A2,KRAS only,2.029095411300659
COL1A2,KRAS only,1.5684891939163208
COL1A2,KRAS only,2.043480157852173
COL1A2,KRAS only,1.74149751663208
COL1A2,KRAS only,3.0266051292419434
COL1A2,KRAS only,2.026803493499756
COL1A2,KRAS only,1.574836254119873
COL1A2,KRAS only,1.470711350440979
COL1A2,KRAS only,1.025076985359192
COL1A2,KRAS only,0.0
COL1A2,KRAS only,0.0
COL1A2,KRAS only,0.0
COL1A2,KRAS only,1.9227855205535889
COL1A2,KRAS only,0.8697799444198608
COL1A2,KRAS only,2.837238073348999
COL1A2,KRAS only,2.4757213592529297
COL1A2,KRAS only,2.5256214141845703
COL1A2,KRAS only,2.2244675159454346
COL1A2,KRAS only,1.790510654449463
COL1A2,KRAS only,2.0530898571014404
COL1A2,KRAS only,2.762336015701294
COL1A2,KRAS only,1.3599587678909302
COL1A2,KRAS only,0.0
COL1A2,KRAS only,0.0
COL1A2,KRAS only,1.6503406763076782
COL1A2,KRAS only,1.5276861190795898
COL1A2,KRAS only,1.9831596612930298
COL1A2,KRAS only,0.0
COL1A2,KRAS only,0.0
COL1A2,KRAS only,0.0
COL1A2,KRAS only,1.3041521310806274
COL1A2,KRAS only,0.0
COL1A2,KRAS only,2.1571238040924072
COL1A2,KRAS only,2.4003989696502686
COL1A2,KRAS only,0.0
COL1A2,KRAS only,1.5778801441192627
COL1A2,KRAS only,0.0
COL1A2,KRAS only,1.4968080520629883
COL1A2,KRAS only,1.6455963850021362
COL1A2,KRAS only,1.1603533029556274
COL1A2,KRAS only,2.4186978340148926
COL1A2,KRAS only,1.078491449356079
COL1A2,KRAS only,0.0
COL1A2,KRAS only,1.1945362091064453
COL1A2,KRAS only,1.696776032447815
COL1A2,KRAS only,0.0
COL1A2,KRAS only,1.714097261428833
COL1A2,KRAS only,0.0
COL1A2,KRAS only,1.80387544631958
COL1A2,KRAS only,2.207002639770508
COL1A2,KRAS only,2.252258777618408
COL1A2,KRAS only,2.286102294921875
COL1A2,KRAS only,1.7273586988449097
COL1A2,KRAS only,1.2532989978790283
COL1A2,KRAS only,1.5458760261535645
COL1A2,KRAS only,1.737241268157959
COL1A2,KRAS only,2.1021697521209717
COL1A2,KRAS only,2.6897993087768555
COL1A2,KRAS only,0.0
COL1A2,KRAS only,1.6019600629806519
COL1A2,KRAS only,1.1431878805160522
COL1A2,KRAS only,0.0
COL1A2,KRAS only,1.191735029220581
COL1A2,KRAS only,0.9063864350318909
COL1A2,KRAS only,2.092663526535034
COL1A2,KRAS only,1.4235715866088867
COL1A2,KRAS only,2.301403045654297
COL1A2,KRAS only,0.0
COL1A2,KRAS only,3.57464861869812
COL1A2,KRAS only,2.6164562702178955
COL1A2,KRAS only,2.79971981048584
COL1A2,KRAS only,3.3295276165008545
COL1A2,KRAS only,3.1101651191711426
COL1A2,KRAS only,2.68605375289917
COL1A2,KRAS only,1.657520055770874
COL1A2,KRAS only,3.0435705184936523
COL1A2,KRAS only,0.0
COL1A2,KRAS only,3.4429330825805664
COL1A2,KRAS only,0.0
COL1A2,KRAS only,3.9455394744873047
COL1A2,KRAS only,3.925543785095215
COL1A2,KRAS only,2.412106513977051
COL1A2,KRAS only,3.596508264541626
COL1A2,KRAS only,4.091844081878662
COL1A2,KRAS only,4.338784694671631
COL1A2,KRAS only,2.7517433166503906
COL1A2,KRAS only,3.8655385971069336
COL1A2,KRAS only,0.0
COL1A2,KRAS only,3.050638198852539
COL1A2,KRAS only,3.7657036781311035
COL1A2,KRAS only,2.93943190574646
COL1A2,KRAS only,3.473139762878418
COL1A2,KRAS only,3.149728775024414
COL1A2,KRAS only,3.6494414806365967
COL1A2,KRAS only,0.0
COL1A2,KRAS only,3.04833984375
COL1A2,KRAS only,3.9108152389526367
COL1A2,KRAS only,3.778792381286621
COL1A2,KRAS only,4.695558071136475
COL1A2,KRAS only,1.6597577333450317
COL1A2,KRAS only,3.7781496047973633
COL1A2,KRAS only,3.0679972171783447
COL1A2,KRAS only,4.311884880065918
COL1A2,KRAS only,3.282452344894409
COL1A2,KRAS only,3.1622815132141113
COL1A2,KRAS only,3.2097055912017822
COL1A2,KRAS only,4.859283447265625
COL1A2,KRAS only,4.492003917694092
COL1A2,KRAS only,2.799236536026001
COL1A2,KRAS only,3.9859018325805664
COL1A2,KRAS only,4.426387310028076
COL1A2,KRAS only,3.4405202865600586
COL1A2,KRAS only,3.6915841102600098
COL1A2,KRAS only,4.466155052185059
COL1A2,KRAS only,3.2533013820648193
COL1A2,KRAS only,3.1148509979248047
COL1A2,KRAS only,2.7606003284454346
COL1A2,KRAS only,3.5928003787994385
COL1A2,KRAS only,3.75677490234375
COL1A2,KRAS only,2.7213733196258545
COL1A2,KRAS only,3.8861165046691895
COL1A2,KRAS only,2.605587959289551
COL1A2,KRAS only,4.040128707885742
COL1A2,KRAS only,3.087921619415283
COL1A2,KRAS only,3.4316916465759277
COL1A2,KRAS only,0.0
COL1A2,KRAS only,0.0
COL1A2,KRAS only,4.510365009307861
COL1A2,KRAS only,2.389453411102295
COL1A2,KRAS only,3.9540605545043945
COL1A2,KRAS only,2.1343514919281006
COL1A2,KRAS only,3.16979718208313
COL1A2,KRAS only,2.130811929702759
COL1A2,KRAS only,1.9724295139312744
COL1A2,KRAS only,3.5008273124694824
COL1A2,KRAS only,2.635240077972412
COL1A2,KRAS only,1.153181552886963
COL1A2,KRAS only,3.8631017208099365
COL1A2,KRAS only,1.543411374092102
COL1A2,KRAS only,3.715036630630493
COL1A2,KRAS only,3.4511911869049072
COL1A2,KRAS only,2.9953999519348145
COL1A2,KRAS only,2.9569220542907715
COL1A2,KRAS only,2.6321208477020264
COL1A2,KRAS only,3.40164852142334
COL1A2,KRAS only,3.7935848236083984
COL1A2,KRAS only,5.243251323699951
COL1A2,KRAS only,3.158266544342041
COL1A2,KRAS only,3.762887716293335
COL1A2,KRAS only,1.8718868494033813
COL1A2,KRAS only,2.481476068496704
COL1A2,KRAS only,2.876760482788086
COL1A2,KRAS only,2.7599070072174072
COL1A2,KRAS only,3.1324384212493896
COL1A2,KRAS only,2.63572096824646
COL1A2,KRAS only,3.520709276199341
COL1A2,KRAS only,4.394449234008789
COL1A2,KRAS only,4.018988609313965
COL1A2,KRAS only,3.2923765182495117
COL1A2,KRAS only,3.325629234313965
COL1A2,KRAS only,3.3485610485076904
COL1A2,KRAS only,3.129715919494629
COL1A2,KRAS only,3.411989450454712
COL1A2,KRAS only,4.321891784667969
COL1A2,KRAS only,4.23004150390625
COL1A2,KRAS only,2.3760628700256348
COL1A2,KRAS only,2.3265111446380615
COL1A2,KRAS only,3.7253518104553223
COL1A2,KRAS only,1.4954638481140137
COL1A2,KRAS only,1.510133981704712
COL1A2,KRAS only,1.2173197269439697
COL1A2,KRAS only,4.728710174560547
COL1A2,KRAS only,2.8509578704833984
COL1A2,KRAS only,4.191644191741943
COL1A2,KRAS only,2.953962802886963
COL1A2,KRAS only,3.69553279876709
COL1A2,KRAS only,0.0
COL1A2,KRAS only,3.6910758018493652
COL1A2,KRAS only,2.4401586055755615
COL1A2,KRAS only,0.0
COL1A2,KRAS only,0.0
COL1A2,KRAS only,3.156665325164795
COL1A2,KRAS only,5.369126319885254
COL1A2,KRAS only,4.313447952270508
COL1A2,KRAS only,2.501631736755371
COL1A2,KRAS only,3.2609856128692627
COL1A2,KRAS only,2.880528450012207
COL1A2,KRAS only,3.0484871864318848
COL1A2,KRAS only,3.1366426944732666
COL1A2,KRAS only,3.9741368293762207
COL1A2,KRAS only,4.892087459564209
COL1A2,KRAS only,2.9208502769470215
COL1A2,KRAS only,2.252601385116577
COL1A2,KRAS only,3.377124547958374
COL1A2,KRAS only,3.7673180103302
COL1A2,KRAS only,3.8619868755340576
COL1A2,KRAS only,3.147712469100952
COL1A2,KRAS only,4.667409420013428
COL1A2,KRAS only,3.5082879066467285
COL1A2,KRAS only,1.528534173965454
COL1A2,KRAS only,3.3961403369903564
COL1A2,KRAS only,2.578720808029175
COL1A2,KRAS only,4.238980293273926
COL1A2,KRAS only,3.8605194091796875
COL1A2,KRAS only,0.0
COL1A2,KRAS only,3.6861934661865234
COL1A2,KRAS only,3.4219677448272705
COL1A2,KRAS only,3.0554723739624023
COL1A2,KRAS only,3.113497495651245
COL1A2,KRAS only,2.6541943550109863
COL1A2,KRAS only,4.764556407928467
COL1A2,KRAS only,2.8468706607818604
COL1A2,KRAS only,2.323805093765259
COL1A2,KRAS only,3.893683433532715
COL1A2,KRAS only,2.8963892459869385
COL1A2,KRAS only,0.0
COL1A2,KRAS only,3.6499626636505127
COL1A2,KRAS only,2.8370940685272217
COL1A2,KRAS only,3.5273733139038086
COL1A2,KRAS only,2.449936628341675
COL1A2,KRAS only,3.4318606853485107
COL1A2,KRAS only,3.9873170852661133
COL1A2,KRAS only,3.4437148571014404
COL1A2,KRAS only,1.9853241443634033
COL1A2,KRAS only,3.896730899810791
COL1A2,KRAS only,3.0934319496154785
COL1A2,KRAS only,2.7588679790496826
COL1A2,KRAS only,4.408375263214111
COL1A2,KRAS only,4.380548477172852
COL1A2,KRAS only,0.0
COL1A2,KRAS only,3.122011423110962
COL1A2,KRAS only,3.1533870697021484
COL1A2,KRAS only,2.1638009548187256
COL1A2,KRAS only,4.223391056060791
COL1A2,KRAS only,3.5728845596313477
COL1A2,KRAS only,4.475232124328613
COL1A2,KRAS only,3.967690944671631
COL1A2,KRAS only,3.44692063331604
COL1A2,KRAS only,5.197701930999756
COL1A2,KRAS only,3.6391615867614746
COL1A2,KRAS only,5.050960540771484
COL1A2,KRAS only,1.7571961879730225
COL1A2,KRAS only,3.761108160018921
COL1A2,KRAS only,5.223912239074707
COL1A2,KRAS only,3.7931134700775146
COL1A2,KRAS only,3.691488742828369
COL1A2,KRAS only,3.4977777004241943
COL1A2,KRAS only,3.430124282836914
COL1A2,KRAS only,3.393326759338379
COL1A2,KRAS only,3.162010669708252
COL1A2,KRAS only,4.0742011070251465
COL1A2,KRAS only,2.617868661880493
COL1A2,KRAS only,5.402652740478516
COL1A2,KRAS only,0.0
COL1A2,KRAS only,3.658463716506958
COL1A2,KRAS only,2.21877384185791
COL1A2,KRAS only,3.7429637908935547
COL1A2,KRAS only,2.8701086044311523
COL1A2,KRAS only,2.935443639755249
COL1A2,KRAS only,2.7482025623321533
COL1A2,KRAS only,3.288642644882202
COL1A2,KRAS only,3.7430577278137207
COL1A2,KRAS only,3.2028117179870605
COL1A2,KRAS only,4.54078483581543
COL1A2,KRAS only,6.081094741821289
COL1A2,KRAS only,1.3893018960952759
COL1A2,KRAS only,4.156867027282715
COL1A2,KRAS only,4.473250389099121
COL1A2,KRAS only,3.667858600616455
COL1A2,KRAS only,3.3861188888549805
COL1A2,KRAS only,3.0974605083465576
COL1A2,KRAS only,3.9433321952819824
COL1A2,KRAS only,4.603310585021973
COL1A2,KRAS only,3.160477638244629
COL1A2,KRAS only,4.361433982849121
COL1A2,KRAS only,2.8795759677886963
COL1A2,KRAS only,4.933703899383545
COL1A2,KRAS only,1.656146764755249
COL1A2,KRAS only,2.4976985454559326
COL1A2,KRAS only,1.3495036363601685
COL1A2,KRAS only,3.8800771236419678
COL1A2,KRAS only,4.519362449645996
COL1A2,KRAS only,2.8170969486236572
COL1A2,KRAS only,2.6182615756988525
COL1A2,KRAS only,4.821512222290039
COL1A2,KRAS only,3.5498647689819336
COL1A2,KRAS only,3.806640863418579
COL1A2,KRAS only,2.163573741912842
COL1A2,KRAS only,2.227046489715576
COL1A2,KRAS only,2.7344274520874023
COL1A2,KRAS only,4.587782382965088
COL1A2,KRAS only,3.6885383129119873
COL1A2,KRAS only,2.6922340393066406
COL1A2,KRAS only,2.564580202102661
COL1A2,KRAS only,2.833590030670166
COL1A2,KRAS only,1.8855100870132446
COL1A2,KRAS only,2.961268901824951
COL1A2,KRAS only,2.9565517902374268
COL1A2,KRAS only,2.893967866897583
COL1A2,KRAS only,3.2577829360961914
COL1A2,KRAS only,1.5305169820785522
COL1A2,KRAS only,1.867478370666504
COL1A2,KRAS only,0.0
COL1A2,KRAS only,2.2173874378204346
COL1A2,KRAS only,2.996302366256714
COL1A2,KRAS only,3.095947742462158
COL1A2,KRAS only,3.5979690551757812
COL1A2,KRAS only,5.898112773895264
COL1A2,KRAS only,3.8912506103515625
COL1A2,KRAS only,3.600309133529663
COL1A2,KRAS only,3.257195472717285
COL1A2,KRAS only,3.3357791900634766
COL1A2,KRAS only,2.670896053314209
COL1A2,KRAS only,4.1342692375183105
COL1A2,KRAS only,5.174912929534912
COL1A2,KRAS only,4.090333938598633
COL1A2,KRAS only,2.1610782146453857
COL1A2,KRAS only,5.995209217071533
COL1A2,KRAS only,3.8655385971069336
COL1A2,KRAS only,3.8064017295837402
COL1A2,KRAS only,3.818834066390991
COL1A2,KRAS only,4.110873699188232
COL1A2,KRAS only,2.5815396308898926
COL1A2,KRAS only,1.9241995811462402
COL1A2,KRAS only,2.4568984508514404
COL1A2,KRAS only,2.7222583293914795
COL1A2,KRAS only,0.0
COL1A2,KRAS only,3.4291608333587646
COL1A2,KRAS only,3.427429676055908
COL1A2,KRAS only,3.7684125900268555
COL1A2,KRAS only,3.952303647994995
COL1A2,KRAS only,3.8975188732147217
COL1A2,KRAS only,3.482264518737793
COL1A2,KRAS only,3.1491055488586426
COL1A2,KRAS only,2.8182806968688965
COL1A2,KRAS only,2.906630754470825
COL1A2,KRAS only,3.047384023666382
COL1A2,KRAS only,4.104468822479248
COL1A2,KRAS only,3.9028549194335938
COL1A2,KRAS only,2.9578487873077393
COL1A2,KRAS only,2.59922456741333
COL1A2,KRAS only,3.101912260055542
COL1A2,KRAS only,2.6535980701446533
COL1A2,KRAS only,3.132962942123413
COL1A2,KRAS only,2.5332367420196533
COL1A2,KRAS only,3.068788766860962
COL1A2,KRAS only,2.0649218559265137
COL1A2,KRAS only,1.681656837463379
COL1A2,KRAS only,0.0
COL1A2,KRAS only,2.545961380004883
COL1A2,KRAS only,3.4463260173797607
COL1A2,KRAS only,3.737279176712036
COL1A2,KRAS only,2.9681482315063477
COL1A2,KRAS only,1.8422425985336304
COL1A2,KRAS only,2.2619872093200684
COL1A2,KRAS only,4.33568000793457
COL1A2,KRAS only,3.020092010498047
COL1A2,KRAS only,0.0
COL1A2,KRAS only,2.5337705612182617
COL1A2,KRAS only,3.5980706214904785
COL1A2,KRAS only,4.550005912780762
COL1A2,KRAS only,2.329686164855957
COL1A2,KRAS only,2.8407747745513916
COL1A2,KRAS only,5.579463958740234
COL1A2,KRAS only,3.312549352645874
COL1A2,KRAS only,0.0
COL1A2,KRAS only,3.7971279621124268
COL1A2,KRAS only,2.7385666370391846
COL1A2,KRAS only,3.082775592803955
COL1A2,KRAS only,1.7523183822631836
COL1A2,KRAS only,3.183837890625
COL1A2,KRAS only,1.7301408052444458
COL1A2,KRAS only,2.2041285037994385
COL1A2,KRAS only,3.2995548248291016
COL1A2,KRAS only,3.8073580265045166
COL1A2,KRAS only,3.433710813522339
COL1A2,KRAS only,2.5280933380126953
COL1A2,KRAS only,3.1970560550689697
COL1A2,KRAS only,4.201545715332031
COL1A2,KRAS only,3.3646442890167236
COL1A2,KRAS only,3.440786123275757
COL1A2,KRAS only,3.6722075939178467
COL1A2,KRAS only,2.5519046783447266
COL1A2,KRAS only,0.0
COL1A2,KRAS only,2.9352023601531982
COL1A2,KRAS only,3.174529552459717
COL1A2,KRAS only,3.3395886421203613
COL1A2,KRAS only,0.0
COL1A2,KRAS only,3.9977591037750244
COL1A2,KRAS only,5.091169357299805
COL1A2,KRAS only,4.151599407196045
COL1A2,KRAS only,2.403825521469116
COL1A2,KRAS only,2.734966278076172
COL1A2,KRAS only,3.7650699615478516
COL1A2,KRAS only,3.6758623123168945
COL1A2,KRAS only,4.1098151206970215
COL1A2,KRAS only,4.834217071533203
COL1A2,KRAS only,3.1548829078674316
COL1A2,KRAS only,2.867757558822632
COL1A2,KRAS only,3.0939345359802246
COL1A2,KRAS only,4.79305362701416
COL1A2,KRAS only,2.6096622943878174
COL1A2,KRAS only,3.1590373516082764
COL1A2,KRAS only,1.751661777496338
COL1A2,KRAS only,2.267399549484253
COL1A2,KRAS only,3.1114964485168457
COL1A2,KRAS only,3.033541440963745
COL1A2,KRAS only,3.338068962097168
COL1A2,KRAS only,1.9660637378692627
COL1A2,KRAS only,4.66175651550293
COL1A2,KRAS only,5.362531661987305
COL1A2,KRAS only,4.158164024353027
COL1A2,KRAS only,2.6009552478790283
COL1A2,KRAS only,3.5275261402130127
COL1A2,KRAS only,4.440972805023193
COL1A2,KRAS only,3.2930896282196045
COL1A2,KRAS only,1.9096064567565918
COL1A2,KRAS only,2.941129207611084
COL1A2,KRAS only,3.9196481704711914
COL1A2,KRAS only,4.070864200592041
COL1A2,KRAS only,2.439600944519043
COL1A2,KRAS only,2.188033103942871
COL1A2,KRAS only,3.6646759510040283
COL1A2,KRAS only,4.54078483581543
COL1A2,KRAS only,2.6506800651550293
COL1A2,KRAS only,4.04319429397583
COL1A2,KRAS only,4.25710916519165
COL1A2,KRAS only,2.5920495986938477
COL1A2,KRAS only,3.900479793548584
COL1A2,KRAS only,3.7538464069366455
COL1A2,KRAS only,3.7924540042877197
COL1A2,KRAS only,2.0709567070007324
COL1A2,KRAS only,2.3177547454833984
COL1A2,KRAS only,3.6276652812957764
COL1A2,KRAS only,3.610139846801758
COL1A2,KRAS only,3.6744749546051025
COL1A2,KRAS only,2.8109891414642334
COL1A2,KRAS only,5.713509559631348
COL1A2,KRAS only,1.6081591844558716
COL1A2,KRAS only,4.443046569824219
COL1A2,KRAS only,3.407745122909546
COL1A2,KRAS only,2.527916431427002
COL1A2,KRAS only,3.486476421356201
COL1A2,KRAS only,3.171614646911621
COL1A2,KRAS only,3.230538845062256
COL1A2,KRAS only,3.04833984375
COL1A2,KRAS only,2.6349196434020996
COL1A2,KRAS only,3.800175428390503
COL1A2,KRAS only,4.183370590209961
COL1A2,KRAS only,2.3259551525115967
COL1A2,KRAS only,1.9534912109375
COL1A2,KRAS only,4.621079444885254
COL1A2,KRAS only,3.076127290725708
COL1A2,KRAS only,2.6249654293060303
COL1A2,KRAS only,0.0
COL1A2,KRAS only,4.25254487991333
COL1A2,KRAS only,3.1490674018859863
COL1A2,KRAS only,0.0
COL1A2,KRAS only,3.973909378051758
COL1A2,KRAS only,1.6949586868286133
COL1A2,KRAS only,3.317092180252075
COL1A2,KRAS only,4.006092548370361
COL1A2,KRAS only,3.910111904144287
COL1A2,KRAS only,3.7508058547973633
COL1A2,KRAS only,3.001737117767334
COL1A2,KRAS only,3.137345314025879
COL1A2,KRAS only,4.527567386627197
COL1A2,KRAS only,1.5833951234817505
COL1A2,KRAS only,3.726057767868042
COL1A2,KRAS only,4.975939750671387
COL1A2,KRAS only,3.4686856269836426
COL1A2,KRAS only,5.27841329574585
COL1A2,KRAS only,3.362288475036621
COL1A2,KRAS only,2.9861252307891846
COL1A2,KRAS only,3.38523268699646
COL1A2,KRAS only,3.069627523422241
COL1A2,KRAS only,3.205305814743042
COL1A2,KRAS only,1.1415892839431763
COL1A2,KRAS only,3.057567834854126
COL1A2,KRAS only,1.9317309856414795
COL1A2,KRAS only,1.9434285163879395
COL1A2,KRAS only,3.7014544010162354
COL1A2,KRAS only,4.044770240783691
COL1A2,KRAS only,2.3596954345703125
COL1A2,KRAS only,3.2043979167938232
COL1A2,KRAS only,2.4924261569976807
COL1A2,KRAS only,2.116060495376587
COL1A2,KRAS only,3.277529716491699
COL1A2,KRAS only,2.382582426071167
COL1A2,KRAS only,4.381298542022705
COL1A2,KRAS only,3.4298832416534424
COL1A2,KRAS only,3.219029426574707
COL1A2,KRAS only,3.6772027015686035
COL1A2,KRAS only,0.0
COL1A2,KRAS only,2.528446912765503
COL1A2,KRAS only,3.3873610496520996
COL1A2,KRAS only,3.610139846801758
COL1A2,KRAS only,3.8722338676452637
COL1A2,KRAS only,1.6679097414016724
COL1A2,KRAS only,3.957797050476074
COL1A2,KRAS only,4.006768703460693
COL1A2,KRAS only,2.6973822116851807
COL1A2,KRAS only,2.673105239868164
COL1A2,KRAS only,2.843512773513794
COL1A2,KRAS only,5.160590648651123
COL1A2,KRAS only,3.4159679412841797
COL1A2,KRAS only,4.399163722991943
COL1A2,KRAS only,5.093977451324463
COL1A2,KRAS only,4.757663249969482
COL1A2,KRAS only,3.75341796875
COL1A2,KRAS only,2.844834089279175
COL1A2,KRAS only,3.0934319496154785
COL1A2,KRAS only,3.1361160278320312
COL1A2,KRAS only,3.473820924758911
COL1A2,KRAS only,1.9207106828689575
COL1A2,KRAS only,3.2021327018737793
COL1A2,KRAS only,2.9837470054626465
COL1A2,KRAS only,3.7950005531311035
COL1A2,KRAS only,2.980388641357422
COL1A2,KRAS only,2.9995923042297363
COL1A2,KRAS only,3.274534225463867
COL1A2,KRAS only,0.0
COL1A2,KRAS only,2.897197723388672
COL1A2,KRAS only,4.176287651062012
COL1A2,KRAS only,3.0565059185028076
COL1A2,KRAS only,3.397916555404663
COL1A2,KRAS only,2.9060497283935547
COL1A2,KRAS only,3.1363794803619385
COL1A2,KRAS only,4.306369781494141
COL1A2,KRAS only,3.3489396572113037
COL1A2,KRAS only,0.0
COL1A2,KRAS only,4.580994129180908
COL1A2,KRAS only,3.6512672901153564
COL1A2,KRAS only,2.9541783332824707
COL1A2,KRAS only,3.474123954772949
COL1A2,KRAS only,3.186429500579834
COL1A2,KRAS only,2.59663462638855
COL1A2,KRAS only,3.2032647132873535
COL1A2,KRAS only,2.4164109230041504
COL1A2,KRAS only,3.804198741912842
COL1A2,KRAS only,5.583562850952148
COL1A2,KRAS only,2.6663167476654053
COL1A2,KRAS only,4.336920738220215
COL1A2,KRAS only,1.5137165784835815
COL1A2,KRAS only,0.0
COL1A2,KRAS only,3.9441592693328857
COL1A2,KRAS only,3.171536445617676
COL1A2,KRAS only,3.1058619022369385
COL1A2,KRAS only,4.545077323913574
COL1A2,KRAS only,0.0
COL1A2,KRAS only,2.5137157440185547
COL1A2,KRAS only,2.5586953163146973
COL1A2,KRAS only,1.9655356407165527
COL1A2,KRAS only,3.947000741958618
COL1A2,KRAS only,4.280378818511963
COL1A2,KRAS only,3.70176100730896
COL1A2,KRAS only,3.4144740104675293
COL1A2,KRAS only,3.2250404357910156
COL1A2,KRAS only,3.5514702796936035
COL1A2,KRAS only,2.41953706741333
COL1A2,KRAS only,0.0
COL1A2,KRAS only,1.9079753160476685
COL1A2,KRAS only,0.0
COL1A2,KRAS only,1.5191285610198975
COL1A2,KRAS only,1.2573353052139282
COL1A2,KRAS only,0.0
COL1A2,KRAS only,2.3130011558532715
COL1A2,KRAS only,4.014908790588379
COL1A2,KRAS only,2.2132656574249268
COL1A2,KRAS only,3.8501086235046387
COL1A2,KRAS only,1.3365356922149658
COL1A2,KRAS only,2.1722562313079834
COL1A2,KRAS only,2.1638009548187256
COL1A2,KRAS only,1.7496956586837769
COL1A2,KRAS only,0.0
COL1A2,KRAS only,1.1834971904754639
COL1A2,KRAS only,1.669132113456726
COL1A2,KRAS only,0.0
COL1A2,KRAS only,2.68202805519104
COL1A2,KRAS only,3.498060464859009
COL1A2,KRAS only,0.0
COL1A2,KRAS only,2.303485631942749
COL1A2,KRAS only,1.8795286417007446
COL1A2,KRAS only,1.6472868919372559
COL1A2,KRAS only,1.0155470371246338
COL1A2,KRAS only,0.7580187916755676
COL1A2,KRAS only,1.4914482831954956
COL1A2,KRAS only,1.5610127449035645
COL1A2,KRAS only,1.9695051908493042
COL1A2,KRAS only,0.0
COL1A2,KRAS only,2.1525166034698486
COL1A2,KRAS only,1.433137059211731
COL1A2,KRAS only,0.0
COL1A2,KRAS only,0.0
COL1A2,KRAS only,2.234442949295044
COL1A2,KRAS only,1.6223621368408203
COL1A2,KRAS only,2.107866048812866
COL1A2,KRAS only,0.0
COL1A2,KRAS only,0.0
COL1A2,KRAS only,3.258998394012451
COL1A2,KRAS only,1.380547046661377
COL1A2,KRAS only,1.4143495559692383
COL1A2,KRAS only,1.8588167428970337
COL1A2,KRAS only,0.9884976148605347
COL1A2,KRAS only,1.6408849954605103
COL1A2,KRAS only,2.1206743717193604
COL1A2,KRAS only,1.3796563148498535
COL1A2,KRAS only,1.8475128412246704
COL1A2,KRAS only,0.0
COL1A2,KRAS only,2.941129207611084
COL1A2,KRAS only,1.6993284225463867
COL1A2,KRAS only,1.2679685354232788
COL1A2,KRAS only,2.387056827545166
COL1A2,KRAS only,2.321798801422119
COL1A2,KRAS only,2.2090446949005127
COL1A2,KRAS only,1.526275396347046
COL1A2,KRAS only,2.3375937938690186
COL1A2,KRAS only,2.285041570663452
COL1A2,KRAS only,2.6569466590881348
COL1A2,KRAS only,2.2278614044189453
COL1A2,KRAS only,2.7992029190063477
COL1A2,KRAS only,2.8253226280212402
COL1A2,KRAS only,0.0
COL1A2,KRAS only,2.610553026199341
COL1A2,KRAS only,2.8168325424194336
COL1A2,KRAS only,2.6820478439331055
COL1A2,KRAS only,2.527531147003174
COL1A2,KRAS only,2.4917993545532227
COL1A2,KRAS only,2.339141607284546
COL1A2,KRAS only,2.4814515113830566
COL1A2,KRAS only,2.339599132537842
COL1A2,KRAS only,2.2941629886627197
COL1A2,KRAS only,2.4833624362945557
COL1A2,KRAS only,2.661701202392578
COL1A2,KRAS only,2.707226037979126
COL1A2,KRAS only,2.470794439315796
COL1A2,KRAS only,0.0
COL1A2,KRAS only,2.1787266731262207
COL1A2,KRAS only,2.933371067047119
COL1A2,KRAS only,2.768630027770996
COL1A2,KRAS only,2.262784481048584
COL1A2,KRAS only,2.429497241973877
COL1A2,KRAS only,0.0
COL1A2,KRAS only,2.3819518089294434
COL1A2,KRAS only,2.623955726623535
COL1A2,KRAS only,1.7609257698059082
COL1A2,KRAS only,2.450620651245117
COL1A2,KRAS only,2.603180170059204
COL1A2,KRAS only,2.9455676078796387
COL1A2,KRAS only,2.979503870010376
COL1A2,KRAS only,0.0
COL1A2,KRAS only,1.7409963607788086
COL1A2,KRAS only,3.153275728225708
COL1A2,KRAS only,2.480968952178955
COL1A2,KRAS only,1.9955404996871948
COL1A2,KRAS only,2.710017442703247
COL1A2,KRAS only,2.1328322887420654
COL1A2,KRAS only,2.77482271194458
COL1A2,KRAS only,2.0585224628448486
COL1A2,KRAS only,2.3358919620513916
COL1A2,KRAS only,2.7674763202667236
COL1A2,KRAS only,1.8019708395004272
COL1A2,KRAS only,2.823221206665039
COL1A2,KRAS only,2.512951374053955
COL1A2,KRAS only,2.6556472778320312
COL1A2,KRAS only,2.5926239490509033
COL1A2,KRAS only,0.0
COL1A2,KRAS only,2.721071720123291
COL1A2,KRAS only,3.011871814727783
COL1A2,KRAS only,2.2759478092193604
COL1A2,KRAS only,2.414790630340576
COL1A2,KRAS only,2.696436882019043
COL1A2,KRAS only,2.522268772125244
COL1A2,KRAS only,2.0492818355560303
COL1A2,KRAS only,2.392030954360962
COL1A2,KRAS only,2.376380443572998
COL1A2,KRAS only,2.5504417419433594
COL1A2,KRAS only,2.2829456329345703
COL1A2,KRAS only,0.0
COL1A2,KRAS only,2.3564090728759766
COL1A2,KRAS only,2.552077531814575
COL1A2,KRAS only,2.292555570602417
COL1A2,KRAS only,2.4171526432037354
COL1A2,KRAS only,2.870103120803833
COL1A2,KRAS only,2.607961893081665
COL1A2,KRAS only,2.447039842605591
COL1A2,KRAS only,1.9970616102218628
COL1A2,KRAS only,2.5263876914978027
COL1A2,KRAS only,1.9251124858856201
COL1A2,KRAS only,2.392526865005493
COL1A2,KRAS only,2.234368085861206
COL1A2,KRAS only,2.4059646129608154
COL1A2,KRAS only,2.349846363067627
COL1A2,KRAS only,1.6744704246520996
COL1A2,KRAS only,2.644242763519287
COL1A2,KRAS only,2.458444356918335
COL1A2,KRAS only,2.667881488800049
COL1A2,KRAS only,2.1234283447265625
COL1A2,KRAS only,2.580073118209839
COL1A2,KRAS only,2.2289175987243652
COL1A2,KRAS only,2.7857446670532227
COL1A2,KRAS only,2.713158369064331
COL1A2,KRAS only,2.3483667373657227
COL1A2,KRAS only,2.689877986907959
COL1A2,KRAS only,1.9137167930603027
COL1A2,KRAS only,2.9528250694274902
COL1A2,KRAS only,0.0
COL1A2,KRAS only,2.852595090866089
COL1A2,KRAS only,2.4000279903411865
COL1A2,KRAS only,2.5669379234313965
COL1A2,KRAS only,1.9620158672332764
COL1A2,KRAS only,3.2507362365722656
COL1A2,KRAS only,2.46181058883667
COL1A2,KRAS only,2.7058959007263184
COL1A2,KRAS only,2.448598861694336
COL1A2,KRAS only,0.0
COL1A2,KRAS only,0.0
COL1A2,KRAS only,2.3172426223754883
COL1A2,KRAS only,2.76373028755188
COL1A2,KRAS only,2.330263376235962
COL1A2,KRAS only,2.549293041229248
COL1A2,KRAS only,2.4822163581848145
COL1A2,KRAS only,0.0
COL1A2,KRAS only,2.7183306217193604
COL1A2,KRAS only,2.6433682441711426
COL1A2,KRAS only,2.7415037155151367
COL1A2,KRAS only,2.0835063457489014
COL1A2,KRAS only,1.8743596076965332
COL1A2,KRAS only,2.4438977241516113
COL1A2,KRAS only,2.3656318187713623
COL1A2,KRAS only,2.04286789894104
COL1A2,KRAS only,2.4724860191345215
COL1A2,KRAS only,1.984653115272522
COL1A2,KRAS only,2.196178436279297
COL1A2,KRAS only,2.022366762161255
COL1A2,KRAS only,2.5558629035949707
COL1A2,KRAS only,2.416964054107666
COL1A2,KRAS only,2.3699347972869873
COL1A2,KRAS only,2.5028076171875
COL1A2,KRAS only,2.645557403564453
COL1A2,KRAS only,2.635223388671875
COL1A2,KRAS only,2.595931053161621
COL1A2,KRAS only,3.133852958679199
COL1A2,KRAS only,3.2563133239746094
COL1A2,KRAS only,1.9112281799316406
COL1A2,KRAS only,2.6224637031555176
COL1A2,KRAS only,2.7828664779663086
COL1A2,KRAS only,2.628829002380371
COL1A2,KRAS only,2.4974119663238525
COL1A2,KRAS only,2.3705356121063232
COL1A2,KRAS only,2.510202407836914
COL1A2,KRAS only,1.9138619899749756
COL1A2,KRAS only,2.689842700958252
COL1A2,KRAS only,0.0
COL1A2,KRAS only,2.272463321685791
COL1A2,KRAS only,2.4121768474578857
COL1A2,KRAS only,2.0478932857513428
COL1A2,KRAS only,2.5660321712493896
COL1A2,KRAS only,2.1736061573028564
COL1A2,KRAS only,2.5254435539245605
COL1A2,KRAS only,1.9439210891723633
COL1A2,KRAS only,2.7356457710266113
COL1A2,KRAS only,2.1358418464660645
COL1A2,KRAS only,2.5319762229919434
COL1A2,KRAS only,2.3282361030578613
COL1A2,KRAS only,2.4198670387268066
COL1A2,KRAS only,2.4901723861694336
COL1A2,KRAS only,2.2119882106781006
COL1A2,KRAS only,0.0
COL1A2,KRAS only,2.562617778778076
COL1A2,KRAS only,0.0
COL1A2,KRAS only,2.2785820960998535
COL1A2,KRAS only,2.798473358154297
COL1A2,KRAS only,2.303575038909912
COL1A2,KRAS only,2.517040967941284
COL1A2,KRAS only,2.21229887008667
COL1A2,KRAS only,2.3880112171173096
COL1A2,KRAS only,0.0
COL1A2,KRAS only,2.0014166831970215
COL1A2,KRAS only,2.216728448867798
COL1A2,KRAS only,2.408907890319824
COL1A2,KRAS only,2.2137701511383057
COL1A2,KRAS only,1.8402385711669922
COL1A2,KRAS only,2.7224984169006348
COL1A2,KRAS only,2.8039960861206055
COL1A2,KRAS only,2.1423778533935547
COL1A2,KRAS only,2.6620476245880127
COL1A2,KRAS only,2.2020602226257324
COL1A2,KRAS only,2.459326982498169
COL1A2,KRAS only,2.838449478149414
COL1A2,KRAS only,0.0
COL1A2,KRAS only,2.8357911109924316
COL1A2,KRAS only,2.6805717945098877
COL1A2,KRAS only,2.5413801670074463
COL1A2,KRAS only,0.0
COL1A2,KRAS only,2.6986680030822754
COL1A2,KRAS only,2.4645113945007324
COL1A2,KRAS only,2.1352791786193848
COL1A2,KRAS only,2.298642158508301
COL1A2,KRAS only,2.9092206954956055
COL1A2,KRAS only,2.5849900245666504
COL1A2,KRAS only,2.6477179527282715
COL1A2,KRAS only,2.7675793170928955
COL1A2,KRAS only,2.7641146183013916
COL1A2,KRAS only,2.237051486968994
COL1A2,KRAS only,2.6576802730560303
COL1A2,KRAS only,1.7693275213241577
COL1A2,KRAS only,1.7558872699737549
COL1A2,KRAS only,2.431032657623291
COL1A2,KRAS only,2.173027276992798
COL1A2,KRAS only,2.78193736076355
COL1A2,KRAS only,2.2541956901550293
COL1A2,KRAS only,2.964280843734741
COL1A2,KRAS only,2.2129647731781006
COL1A2,KRAS only,2.582932710647583
COL1A2,KRAS only,2.6541473865509033
COL1A2,KRAS only,2.292300224304199
COL1A2,KRAS only,1.1844968795776367
COL1A2,KRAS only,2.4269776344299316
COL1A2,KRAS only,2.1350841522216797
COL1A2,KRAS only,2.4632577896118164
COL1A2,KRAS only,2.313021183013916
COL1A2,KRAS only,2.367603063583374
COL1A2,KRAS only,2.719090461730957
COL1A2,KRAS only,2.0909242630004883
COL1A2,KRAS only,2.4611754417419434
COL1A2,KRAS only,2.7222368717193604
COL1A2,KRAS only,0.0
COL1A2,KRAS only,2.172506093978882
COL1A2,KRAS only,2.4945616722106934
COL1A2,KRAS only,2.2140519618988037
COL1A2,KRAS only,0.0
COL1A2,KRAS only,2.88185715675354
COL1A2,KRAS only,2.518216133117676
COL1A2,KRAS only,2.9285175800323486
COL1A2,KRAS only,2.639392852783203
COL1A2,KRAS only,2.166212320327759
COL1A2,KRAS only,2.7239363193511963
COL1A2,KRAS only,0.0
COL1A2,KRAS only,2.410385847091675
COL1A2,KRAS only,2.788733720779419
COL1A2,KRAS only,2.9614405632019043
COL1A2,KRAS only,2.2940309047698975
COL1A2,KRAS only,2.8618171215057373
COL1A2,KRAS only,2.2736263275146484
COL1A2,KRAS only,2.7075397968292236
COL1A2,KRAS only,2.315807819366455
COL1A2,KRAS only,2.4866654872894287
COL1A2,KRAS only,2.1485633850097656
COL1A2,KRAS only,1.6821833848953247
COL1A2,KRAS only,2.7004287242889404
COL1A2,KRAS only,2.5989623069763184
COL1A2,KRAS only,2.3972630500793457
COL1A2,KRAS only,2.525407314300537
COL1A2,KRAS only,2.5043702125549316
COL1A2,KRAS only,2.565286636352539
COL1A2,KRAS only,2.6574313640594482
COL1A2,KRAS only,2.533933401107788
COL1A2,KRAS only,2.693706512451172
COL1A2,KRAS only,2.136504650115967
COL1A2,KRAS only,3.4854884147644043
COL1A2,KRAS only,2.5485267639160156
COL1A2,KRAS only,2.4644083976745605
COL1A2,KRAS only,2.2181453704833984
COL1A2,KRAS only,2.3410251140594482
COL1A2,KRAS only,2.425600528717041
COL1A2,KRAS only,0.0
COL1A2,KRAS only,2.7800662517547607
COL1A2,KRAS only,2.706049680709839
COL1A2,KRAS only,2.963629722595215
COL1A2,KRAS only,2.67972731590271
COL1A2,KRAS only,2.790170669555664
COL1A2,KRAS only,2.7030816078186035
COL1A2,KRAS only,2.106614589691162
COL1A2,KRAS only,2.3568832874298096
COL1A2,KRAS only,2.423145294189453
COL1A2,KRAS only,2.602421760559082
COL1A2,KRAS only,2.578070878982544
COL1A2,KRAS only,2.381418228149414
COL1A2,KRAS only,2.615119695663452
COL1A2,KRAS only,2.4706292152404785
COL1A2,KRAS only,2.3239521980285645
COL1A2,KRAS only,2.5280423164367676
COL1A2,KRAS only,0.0
COL1A2,KRAS only,2.267947196960449
COL1A2,KRAS only,2.5539731979370117
COL1A2,KRAS only,1.606268048286438
COL1A2,KRAS only,2.5104074478149414
COL1A2,KRAS only,0.0
COL1A2,KRAS only,2.6568918228149414
COL1A2,KRAS only,2.529489517211914
COL1A2,KRAS only,2.846165657043457
COL1A2,KRAS only,2.2814624309539795
COL1A2,KRAS only,2.562145709991455
COL1A2,KRAS only,2.310568332672119
COL1A2,KRAS only,2.1675446033477783
COL1A2,KRAS only,2.7965452671051025
COL1A2,KRAS only,2.3351943492889404
COL1A2,KRAS only,2.3523550033569336
COL1A2,KRAS only,2.274909257888794
COL1A2,KRAS only,3.2313787937164307
COL1A2,KRAS only,3.1868443489074707
COL1A2,KRAS only,2.5407919883728027
COL1A2,KRAS only,1.6088154315948486
COL1A2,KRAS only,2.375044584274292
COL1A2,KRAS only,2.5060276985168457
COL1A2,KRAS only,2.3596668243408203
COL1A2,KRAS only,2.4035935401916504
COL1A2,KRAS only,2.760683059692383
COL1A2,KRAS only,2.593381404876709
COL1A2,KRAS only,2.5500147342681885
COL1A2,KRAS only,3.138733148574829
COL1A2,KRAS only,2.1821112632751465
COL1A2,KRAS only,2.422837018966675
COL1A2,KRAS only,2.6783227920532227
COL1A2,KRAS only,2.712357759475708
COL1A2,KRAS only,2.644127368927002
COL1A2,KRAS only,2.4828898906707764
COL1A2,KRAS only,2.7325704097747803
COL1A2,KRAS only,2.6382696628570557
COL1A2,KRAS only,2.795558452606201
COL1A2,KRAS only,2.326659917831421
COL1A2,KRAS only,2.814188003540039
COL1A2,KRAS only,2.409917116165161
COL1A2,KRAS only,1.9198472499847412
COL1A2,KRAS only,2.389322280883789
COL1A2,KRAS only,2.7443630695343018
COL1A2,KRAS only,0.0
COL1A2,KRAS only,2.548809766769409
COL1A2,KRAS only,2.6926229000091553
COL1A2,KRAS only,2.5819990634918213
COL1A2,KRAS only,2.9605517387390137
COL1A2,KRAS only,2.586111307144165
COL1A2,KRAS only,1.8015037775039673
COL1A2,KRAS only,2.428745746612549
COL1A2,KRAS only,2.6302175521850586
COL1A2,KRAS only,2.63899827003479
COL1A2,KRAS only,2.6204538345336914
COL1A2,KRAS only,2.5112526416778564
COL1A2,KRAS only,2.2774884700775146
COL1A2,KRAS only,2.680173397064209
COL1A2,KRAS only,3.1323249340057373
COL1A2,KRAS only,2.3052568435668945
COL1A2,KRAS only,2.930576801300049
COL1A2,KRAS only,2.43320631980896
COL1A2,KRAS only,0.0
COL1A2,KRAS only,1.119178056716919
COL1A2,KRAS only,2.7574844360351562
COL1A2,KRAS only,2.54557728767395
COL1A2,KRAS only,2.469165325164795
COL1A2,KRAS only,0.0
COL1A2,KRAS only,2.62382173538208
COL1A2,KRAS only,2.6091227531433105
COL1A2,KRAS only,2.2047345638275146
COL1A2,KRAS only,2.5548555850982666
COL1A2,KRAS only,2.8054873943328857
COL1A2,KRAS only,2.6155781745910645
COL1A2,KRAS only,2.139636516571045
COL1A2,KRAS only,2.23327374458313
COL1A2,KRAS only,2.183943510055542
COL1A2,KRAS only,2.2983760833740234
COL1A2,KRAS only,2.2803943157196045
COL1A2,KRAS only,2.3992857933044434
COL1A2,KRAS only,1.870004415512085
COL1A2,KRAS only,2.039609909057617
COL1A2,KRAS only,2.488534927368164
COL1A2,KRAS only,2.5071029663085938
COL1A2,KRAS only,2.321986675262451
COL1A2,KRAS only,2.732696533203125
COL1A2,KRAS only,2.771770715713501
COL1A2,KRAS only,2.7832767963409424
COL1A2,KRAS only,2.320957660675049
COL1A2,KRAS only,0.0
COL1A2,KRAS only,2.5002999305725098
COL1A2,KRAS only,2.696439027786255
COL1A2,KRAS only,3.165975332260132
COL1A2,KRAS only,2.2957050800323486
COL1A2,KRAS only,2.116534471511841
COL1A2,KRAS only,2.950817823410034
COL1A2,KRAS only,2.753795862197876
COL1A2,KRAS only,2.678769588470459
COL1A2,KRAS only,2.626978874206543
COL1A2,KRAS only,2.659985065460205
COL1A2,KRAS only,1.9496066570281982
COL1A2,KRAS only,2.3263602256774902
COL1A2,KRAS only,2.272988796234131
COL1A2,KRAS only,2.297342300415039
COL1A2,KRAS only,2.423360824584961
COL1A2,KRAS only,3.16985821723938
COL1A2,KRAS only,0.0
COL1A2,KRAS only,2.239956855773926
COL1A2,KRAS only,2.148338794708252
COL1A2,KRAS only,3.0741519927978516
COL1A2,KRAS only,2.5766232013702393
COL1A2,KRAS only,2.490070343017578
COL1A2,KRAS only,2.50242280960083
COL1A2,KRAS only,2.157890558242798
COL1A2,KRAS only,2.879262685775757
COL1A2,KRAS only,1.8529616594314575
COL1A2,KRAS only,1.7421847581863403
COL1A2,KRAS only,2.47731351852417
COL1A2,KRAS only,1.828744888305664
COL1A2,KRAS only,2.0004990100860596
COL1A2,KRAS only,2.652930736541748
COL1A2,KRAS only,2.4901065826416016
COL1A2,KRAS only,2.631978988647461
COL1A2,KRAS only,2.735947370529175
COL1A2,KRAS only,2.5935258865356445
COL1A2,KRAS only,2.0030770301818848
COL1A2,KRAS only,2.459817409515381
COL1A2,KRAS only,2.537461042404175
COL1A2,KRAS only,2.609320878982544
COL1A2,KRAS only,2.470811128616333
COL1A2,KRAS only,0.0
COL1A2,KRAS only,2.7492129802703857
COL1A2,KRAS only,2.725580930709839
COL1A2,KRAS only,2.454167366027832
COL1A2,KRAS only,2.2035388946533203
COL1A2,KRAS only,2.8388283252716064
COL1A2,KRAS only,2.432504415512085
COL1A2,KRAS only,2.3841047286987305
COL1A2,KRAS only,2.7745988368988037
COL1A2,KRAS only,2.3286173343658447
COL1A2,KRAS only,3.135624647140503
COL1A2,KRAS only,2.9901156425476074
COL1A2,KRAS only,2.4826385974884033
COL1A2,KRAS only,2.2466890811920166
COL1A2,KRAS only,2.5901541709899902
COL1A2,KRAS only,1.813024640083313
COL1A2,KRAS only,2.7308802604675293
COL1A2,KRAS only,2.5665318965911865
COL1A2,KRAS only,2.419965982437134
COL1A2,KRAS only,1.9504101276397705
COL1A2,KRAS only,3.570075750350952
COL1A2,KRAS only,2.5017638206481934
COL1A2,KRAS only,0.0
COL1A2,KRAS only,2.3945064544677734
COL1A2,KRAS only,2.219782590866089
COL1A2,KRAS only,2.2817397117614746
COL1A2,KRAS only,2.8647496700286865
COL1A2,KRAS only,2.3327224254608154
COL1A2,KRAS only,2.476196765899658
COL1A2,KRAS only,2.789700508117676
COL1A2,KRAS only,2.3001186847686768
COL1A2,KRAS only,0.0
COL1A2,KRAS only,0.0
COL1A2,KRAS only,2.681854724884033
COL1A2,KRAS only,2.5993387699127197
COL1A2,KRAS only,2.760974168777466
COL1A2,KRAS only,3.1942806243896484
COL1A2,KRAS only,2.573594808578491
COL1A2,KRAS only,1.9051612615585327
COL1A2,KRAS only,2.4422926902770996
COL1A2,KRAS only,2.037414312362671
COL1A2,KRAS only,2.333301067352295
COL1A2,KRAS only,2.557866096496582
COL1A2,KRAS only,2.36027455329895
COL1A2,KRAS only,3.059784173965454
COL1A2,KRAS only,2.6558375358581543
COL1A2,KRAS only,2.33652925491333
COL1A2,KRAS only,2.551146984100342
COL1A2,KRAS only,2.150315761566162
COL1A2,KRAS only,2.5931930541992188
COL1A2,KRAS only,2.8356783390045166
COL1A2,KRAS only,2.15982985496521
COL1A2,KRAS only,0.0
COL1A2,KRAS only,2.8040597438812256
COL1A2,KRAS only,3.024097442626953
COL1A2,KRAS only,2.608738660812378
COL1A2,KRAS only,2.181025505065918
COL1A2,KRAS only,2.434605121612549
COL1A2,KRAS only,2.7428393363952637
COL1A2,KRAS only,2.4660861492156982
COL1A2,KRAS only,2.471850872039795
COL1A2,KRAS only,0.0
COL1A2,KRAS only,2.5489449501037598
COL1A2,KRAS only,2.102792263031006
COL1A2,KRAS only,2.454904556274414
COL1A2,KRAS only,3.0695948600769043
COL1A2,KRAS only,2.2668216228485107
COL1A2,KRAS only,2.9514195919036865
COL1A2,KRAS only,2.123565196990967
COL1A2,KRAS only,2.37595272064209
COL1A2,KRAS only,2.9354469776153564
COL1A2,KRAS only,2.3883473873138428
COL1A2,KRAS only,0.0
COL1A2,KRAS only,2.210228204727173
COL1A2,KRAS only,2.357794761657715
COL1A2,KRAS only,2.6087467670440674
COL1A2,KRAS only,2.7282590866088867
COL1A2,KRAS only,0.0
COL1A2,KRAS only,2.713792324066162
COL1A2,KRAS only,2.7612226009368896
COL1A2,KRAS only,2.6103858947753906
COL1A2,KRAS only,2.009819507598877
COL1A2,KRAS only,2.3529536724090576
COL1A2,KRAS only,3.064621686935425
COL1A2,KRAS only,2.9001519680023193
COL1A2,KRAS only,1.497158408164978
COL1A2,KRAS only,2.5632269382476807
COL1A2,KRAS only,2.8714137077331543
COL1A2,KRAS only,2.2823164463043213
COL1A2,KRAS only,2.556823492050171
COL1A2,KRAS only,2.4087603092193604
COL1A2,KRAS only,2.625302314758301
COL1A2,KRAS only,2.700718641281128
COL1A2,KRAS only,2.414435625076294
COL1A2,KRAS only,2.8300418853759766
COL1A2,KRAS only,2.939969062805176
COL1A2,KRAS only,1.7090129852294922
COL1A2,KRAS only,2.38623046875
COL1A2,KRAS only,2.448984146118164
COL1A2,KRAS only,1.9045363664627075
COL1A2,KRAS only,2.6222455501556396
COL1A2,KRAS only,2.814192533493042
COL1A2,KRAS only,2.1342594623565674
COL1A2,KRAS only,2.2403080463409424
COL1A2,KRAS only,2.5123515129089355
COL1A2,KRAS only,2.3614695072174072
COL1A2,KRAS only,2.0963962078094482
COL1A2,KRAS only,1.4323008060455322
COL1A2,KRAS only,0.0
COL1A2,KRAS only,2.9475550651550293
COL1A2,KRAS only,2.586625099182129
COL1A2,KRAS only,1.736189365386963
COL1A2,KRAS only,2.5615463256835938
COL1A2,KRAS only,2.6247785091400146
COL1A2,KRAS only,1.2447949647903442
COL1A2,KRAS only,2.0181617736816406
COL1A2,KRAS only,2.768317222595215
COL1A2,KRAS only,3.079249143600464
COL1A2,KRAS only,2.3997573852539062
COL1A2,KRAS only,2.7384440898895264
COL1A2,KRAS only,1.520421028137207
COL1A2,KRAS only,2.923682928085327
COL1A2,KRAS only,1.8522003889083862
COL1A2,KRAS only,2.391893148422241
COL1A2,KRAS only,2.436985731124878
COL1A2,KRAS only,2.6835238933563232
COL1A2,KRAS only,2.6009442806243896
COL1A2,KRAS only,2.7333524227142334
COL1A2,KRAS only,3.1320533752441406
COL1A2,KRAS only,2.23272705078125
COL1A2,KRAS only,2.3724746704101562
COL1A2,KRAS only,2.336526393890381
COL1A2,KRAS only,2.8287994861602783
COL1A2,KRAS only,2.281327962875366
COL1A2,KRAS only,3.294090747833252
COL1A2,KRAS only,2.495924949645996
COL1A2,KRAS only,2.6230480670928955
COL1A2,KRAS only,2.5234615802764893
COL1A2,KRAS only,2.354316473007202
COL1A2,KRAS only,0.0
COL1A2,KRAS only,2.437462091445923
COL1A2,KRAS only,0.0
COL1A2,KRAS only,2.1157357692718506
COL1A2,KRAS only,2.192730665206909
COL1A2,KRAS only,2.266186475753784
COL1A2,KRAS only,2.9371116161346436
COL1A2,KRAS only,2.7761316299438477
COL1A2,KRAS only,3.421117067337036
COL1A2,KRAS only,2.670748710632324
COL1A2,KRAS only,2.7706856727600098
COL1A2,KRAS only,2.714092969894409
COL1A2,KRAS only,1.7960182428359985
COL1A2,KRAS only,1.7343679666519165
COL1A2,KRAS only,2.068814277648926
COL1A2,KRAS only,2.5781824588775635
COL1A2,KRAS only,1.5847676992416382
COL1A2,KRAS only,2.4283244609832764
COL1A2,KRAS only,2.1097776889801025
COL1A2,KRAS only,2.5773098468780518
COL1A2,KRAS only,2.2936551570892334
COL1A2,KRAS only,2.10205078125
COL1A2,KRAS only,2.738025426864624
COL1A2,KRAS only,2.7960095405578613
COL1A2,KRAS only,2.2775416374206543
COL1A2,KRAS only,0.0
COL1A2,KRAS only,3.0741665363311768
COL1A2,KRAS only,2.3830761909484863
COL1A2,KRAS only,2.5062978267669678
COL1A2,KRAS only,2.5143699645996094
COL1A2,KRAS only,2.5583298206329346
COL1A2,KRAS only,1.618454933166504
COL1A2,KRAS only,2.1863009929656982
COL1A2,KRAS only,2.6430060863494873
COL1A2,KRAS only,2.535161256790161
COL1A2,KRAS only,2.5318257808685303
COL1A2,KRAS only,1.2374155521392822
COL1A2,KRAS only,3.0375967025756836
COL1A2,KRAS only,2.746752977371216
COL1A2,KRAS only,2.799571990966797
COL1A2,KRAS only,2.650857925415039
COL1A2,KRAS only,1.8206534385681152
COL1A2,KRAS only,1.7420777082443237
COL1A2,KRAS only,2.838465929031372
COL1A2,KRAS only,2.5804340839385986
COL1A2,KRAS only,2.6812360286712646
COL1A2,KRAS only,2.430042266845703
COL1A2,KRAS only,2.8215296268463135
COL1A2,KRAS only,2.7492666244506836
COL1A2,KRAS only,0.0
COL1A2,KRAS only,2.5162928104400635
COL1A2,KRAS only,2.4065258502960205
COL1A2,KRAS only,2.6381616592407227
COL1A2,KRAS only,0.0
COL1A2,KRAS only,2.5419821739196777
COL1A2,KRAS only,3.616673469543457
COL1A2,KRAS only,2.45902681350708
COL1A2,KRAS only,2.405656576156616
COL1A2,KRAS only,2.8526358604431152
COL1A2,KRAS only,2.570498466491699
COL1A2,KRAS only,2.2377092838287354
COL1A2,KRAS only,1.9580961465835571
COL1A2,KRAS only,2.6231000423431396
COL1A2,KRAS only,3.219198703765869
COL1A2,KRAS only,2.359936237335205
COL1A2,KRAS only,2.9586665630340576
COL1A2,KRAS only,2.4552619457244873
COL1A2,KRAS only,1.997611403465271
COL1A2,KRAS only,2.4670193195343018
COL1A2,KRAS only,2.437767267227173
COL1A2,KRAS only,2.706293821334839
COL1A2,KRAS only,2.8255953788757324
COL1A2,KRAS only,2.276766777038574
COL1A2,KRAS only,2.432567596435547
COL1A2,KRAS only,1.751474380493164
COL1A2,KRAS only,0.0
COL1A2,KRAS only,2.7660250663757324
COL1A2,KRAS only,2.126215934753418
COL1A2,KRAS only,2.3518896102905273
COL1A2,KRAS only,2.83144474029541
COL1A2,KRAS only,2.6712610721588135
COL1A2,KRAS only,2.1901068687438965
COL1A2,KRAS only,2.398484945297241
COL1A2,KRAS only,2.2960121631622314
COL1A2,KRAS only,2.598505735397339
COL1A2,KRAS only,2.288679361343384
COL1A2,KRAS only,2.9403491020202637
COL1A2,KRAS only,1.9422783851623535
COL1A2,KRAS only,2.866950035095215
COL1A2,KRAS only,2.358412265777588
COL1A2,KRAS only,3.1649208068847656
COL1A2,KRAS only,2.908503293991089
COL1A2,KRAS only,2.450028419494629
COL1A2,KRAS only,0.0
COL1A2,KRAS only,3.343165159225464
COL1A2,KRAS only,2.812455892562866
COL1A2,KRAS only,2.80951189994812
COL1A2,KRAS only,2.893105983734131
COL1A2,KRAS only,2.597637176513672
COL1A2,KRAS only,2.2006168365478516
COL1A2,KRAS only,2.006537675857544
COL1A2,KRAS only,2.637334108352661
COL1A2,KRAS only,2.0951194763183594
COL1A2,KRAS only,2.2973783016204834
COL1A2,KRAS only,2.7224786281585693
COL1A2,KRAS only,2.4452459812164307
COL1A2,KRAS only,2.484632968902588
COL1A2,KRAS only,2.4386816024780273
COL1A2,KRAS only,3.2170250415802
COL1A2,KRAS only,2.5315825939178467
COL1A2,KRAS only,2.543562889099121
COL1A2,KRAS only,2.1118850708007812
COL1A2,KRAS only,0.0
COL1A2,KRAS only,0.0
COL1A2,KRAS only,2.743776798248291
COL1A2,KRAS only,2.6982228755950928
COL1A2,KRAS only,2.5182318687438965
COL1A2,KRAS only,2.6831295490264893
COL1A2,KRAS only,2.5924007892608643
COL1A2,KRAS only,2.747196674346924
COL1A2,KRAS only,2.1474783420562744
COL1A2,KRAS only,2.4872798919677734
COL1A2,KRAS only,2.8856494426727295
COL1A2,KRAS only,2.8577773571014404
COL1A2,KRAS only,2.821601152420044
COL1A2,KRAS only,2.358745813369751
COL1A2,KRAS only,2.511631965637207
COL1A2,KRAS only,2.131983518600464
COL1A2,KRAS only,0.0
COL1A2,KRAS only,0.0
COL1A2,KRAS only,2.449876308441162
COL1A2,KRAS only,2.5030157566070557
COL1A2,KRAS only,2.300159454345703
COL1A2,KRAS only,2.321457624435425
COL1A2,KRAS only,2.3258728981018066
COL1A2,KRAS only,2.1282806396484375
COL1A2,KRAS only,2.1932015419006348
COL1A2,KRAS only,2.4435832500457764
COL1A2,KRAS only,2.801229238510132
COL1A2,KRAS only,0.0
COL1A2,KRAS only,2.323336362838745
COL1A2,KRAS only,2.301270008087158
COL1A2,KRAS only,2.7278811931610107
COL1A2,KRAS only,3.274014472961426
COL1A2,KRAS only,2.1027743816375732
COL1A2,KRAS only,2.718266010284424
COL1A2,KRAS only,0.0
COL1A2,KRAS only,2.2480976581573486
COL1A2,KRAS only,2.4899885654449463
COL1A2,KRAS only,2.8235342502593994
COL1A2,KRAS only,2.3771719932556152
COL1A2,KRAS only,2.650792360305786
COL1A2,KRAS only,2.5193588733673096
COL1A2,KRAS only,2.49069881439209
COL1A2,KRAS only,2.3273401260375977
COL1A2,KRAS only,2.6478350162506104
COL1A2,KRAS only,2.5310184955596924
COL1A2,KRAS only,2.4661126136779785
COL1A2,KRAS only,2.69571852684021
COL1A2,KRAS only,2.2090518474578857
COL1A2,KRAS only,0.0
COL1A2,KRAS only,2.4166035652160645
COL1A2,KRAS only,2.663649082183838
COL1A2,KRAS only,2.884178638458252
COL1A2,KRAS only,2.6096351146698
COL1A2,KRAS only,2.721895694732666
COL1A2,KRAS only,2.805382490158081
COL1A2,KRAS only,2.40259051322937
COL1A2,KRAS only,2.4501638412475586
COL1A2,KRAS only,2.450305700302124
COL1A2,KRAS only,2.9028713703155518
COL1A2,KRAS only,2.590777635574341
COL1A2,KRAS only,1.7415995597839355
COL1A2,KRAS only,2.6237266063690186
COL1A2,KRAS only,2.8412771224975586
COL1A2,KRAS only,2.676892042160034
COL1A2,KRAS only,2.5429720878601074
COL1A2,KRAS only,2.666564702987671
COL1A2,KRAS only,2.550008773803711
COL1A2,KRAS only,2.2308189868927
COL1A2,KRAS only,2.769103765487671
COL1A2,KRAS only,2.6285297870635986
COL1A2,KRAS only,2.741842031478882
COL1A2,KRAS only,2.5287649631500244
COL1A2,KRAS only,2.498623847961426
COL1A2,KRAS only,0.0
COL1A2,KRAS only,2.4866418838500977
COL1A2,KRAS only,2.3719935417175293
COL1A2,KRAS only,1.9694246053695679
COL1A2,KRAS only,2.394731283187866
COL1A2,KRAS only,2.2700531482696533
COL1A2,KRAS only,0.0
COL1A2,KRAS only,2.157390594482422
COL1A2,KRAS only,2.6208832263946533
COL1A2,KRAS only,2.236935615539551
COL1A2,KRAS only,2.535262107849121
COL1A2,KRAS only,2.23101806640625
COL1A2,KRAS only,2.768493413925171
COL1A2,KRAS only,2.3764259815216064
COL1A2,KRAS only,2.695848226547241
COL1A2,KRAS only,2.504648447036743
COL1A2,KRAS only,2.545193672180176
COL1A2,KRAS only,2.9098355770111084
COL1A2,KRAS only,2.2841637134552
COL1A2,KRAS only,2.1714391708374023
COL1A2,KRAS only,2.4578182697296143
COL1A2,KRAS only,2.8826682567596436
COL1A2,KRAS only,2.571329116821289
COL1A2,KRAS only,2.6234893798828125
COL1A2,KRAS only,2.55832576751709
COL1A2,KRAS only,2.563555955886841
COL1A2,KRAS only,2.5524041652679443
COL1A2,KRAS only,2.769075870513916
COL1A2,KRAS only,1.7558879852294922
COL1A2,KRAS only,2.0713369846343994
COL1A2,KRAS only,2.595085382461548
COL1A2,KRAS only,2.522979736328125
COL1A2,KRAS only,2.367262601852417
COL1A2,KRAS only,2.6218369007110596
COL1A2,KRAS only,2.6328439712524414
COL1A2,KRAS only,2.439931869506836
COL1A2,KRAS only,2.381523847579956
COL1A2,KRAS only,2.762523889541626
COL1A2,KRAS only,1.468206524848938
COL1A2,KRAS only,2.6905813217163086
COL1A2,KRAS only,3.014876365661621
COL1A2,KRAS only,0.0
COL1A2,KRAS only,3.030755043029785
COL1A2,KRAS only,1.4720805883407593
COL1A2,KRAS only,2.86147141456604
COL1A2,KRAS only,0.0
COL1A2,KRAS only,2.044158458709717
COL1A2,KRAS only,2.7153379917144775
COL1A2,KRAS only,2.887910842895508
COL1A2,KRAS only,2.652460813522339
COL1A2,KRAS only,2.7291157245635986
COL1A2,KRAS only,2.133643865585327
COL1A2,KRAS only,2.964262008666992
COL1A2,KRAS only,2.3934285640716553
COL1A2,KRAS only,2.8140242099761963
COL1A2,KRAS only,2.549144744873047
COL1A2,KRAS only,2.28478741645813
COL1A2,KRAS only,2.176961660385132
COL1A2,KRAS only,2.4005908966064453
COL1A2,KRAS only,2.4646008014678955
COL1A2,KRAS only,2.7345118522644043
COL1A2,KRAS only,2.2295334339141846
COL1A2,KRAS only,2.44514536857605
COL1A2,KRAS only,2.5360569953918457
COL1A2,KRAS only,2.9162681102752686
COL1A2,KRAS only,2.3024606704711914
COL1A2,KRAS only,2.4407808780670166
COL1A2,KRAS only,2.722245216369629
COL1A2,KRAS only,1.8023567199707031
COL1A2,KRAS only,2.715644598007202
COL1A2,KRAS only,2.4210622310638428
COL1A2,KRAS only,2.4103586673736572
COL1A2,KRAS only,2.488452672958374
COL1A2,KRAS only,2.565955400466919
COL1A2,KRAS only,0.0
COL1A2,KRAS only,2.510477066040039
COL1A2,KRAS only,2.30441951751709
COL1A2,KRAS only,2.4574525356292725
COL1A2,KRAS only,2.7451939582824707
COL1A2,KRAS only,1.8324594497680664
COL1A2,KRAS only,2.284528970718384
COL1A2,KRAS only,2.478938102722168
COL1A2,KRAS only,2.5072574615478516
COL1A2,KRAS only,2.331369638442993
COL1A2,KRAS only,2.372697353363037
COL1A2,KRAS only,2.925483226776123
COL1A2,KRAS only,2.7887625694274902
COL1A2,KRAS only,2.512519598007202
COL1A2,KRAS only,2.3068761825561523
COL1A2,KRAS only,2.4839134216308594
COL1A2,KRAS only,2.5391337871551514
COL1A2,KRAS only,2.5834836959838867
COL1A2,KRAS only,0.0
COL1A2,KRAS only,2.6359848976135254
COL1A2,KRAS only,2.276818037033081
COL1A2,KRAS only,3.0706639289855957
COL1A2,KRAS only,2.719365358352661
COL1A2,KRAS only,2.5555076599121094
COL1A2,KRAS only,2.422842025756836
COL1A2,KRAS only,1.9828534126281738
COL1A2,KRAS only,2.6228466033935547
COL1A2,KRAS only,2.458796262741089
COL1A2,KRAS only,2.9622936248779297
COL1A2,KRAS only,2.2555477619171143
COL1A2,KRAS only,2.5184640884399414
COL1A2,KRAS only,2.5628881454467773
COL1A2,KRAS only,2.8636817932128906
COL1A2,KRAS only,2.6770126819610596
COL1A2,KRAS only,3.003800630569458
COL1A2,KRAS only,2.5578408241271973
COL1A2,KRAS only,0.0
COL1A2,KRAS only,2.306823968887329
COL1A2,KRAS only,1.9464774131774902
COL1A2,KRAS only,2.5654513835906982
COL1A2,KRAS only,0.0
COL1A2,KRAS only,2.5344398021698
COL1A2,KRAS only,2.6782238483428955
COL1A2,KRAS only,2.241834878921509
COL1A2,KRAS only,2.427358865737915
COL1A2,KRAS only,2.422706365585327
COL1A2,KRAS only,2.4695534706115723
COL1A2,KRAS only,2.6344845294952393
COL1A2,KRAS only,2.5312840938568115
COL1A2,KRAS only,2.3802216053009033
COL1A2,KRAS only,2.4160404205322266
COL1A2,KRAS only,2.582847833633423
COL1A2,KRAS only,0.0
COL1A2,KRAS only,2.288891553878784
COL1A2,KRAS only,2.115178108215332
COL1A2,KRAS only,2.952117681503296
COL1A2,KRAS only,2.278898239135742
COL1A2,KRAS only,3.338162899017334
COL1A2,KRAS only,2.1562626361846924
COL1A2,KRAS only,2.5190680027008057
COL1A2,KRAS only,2.542825698852539
COL1A2,KRAS only,2.409618616104126
COL1A2,KRAS only,2.795903444290161
COL1A2,KRAS only,2.9027929306030273
COL1A2,KRAS only,2.391418695449829
COL1A2,KRAS only,2.5864341259002686
COL1A2,KRAS only,2.2684521675109863
COL1A2,KRAS only,2.6827571392059326
COL1A2,KRAS only,2.258941650390625
COL1A2,KRAS only,2.816261053085327
COL1A2,KRAS only,2.6449227333068848
COL1A2,KRAS only,2.707960844039917
COL1A2,KRAS only,2.3387129306793213
COL1A2,KRAS only,1.7354328632354736
COL1A2,KRAS only,2.8113577365875244
COL1A2,KRAS only,0.0
COL1A2,KRAS only,2.6015801429748535
COL1A2,KRAS only,0.0
COL1A2,KRAS only,0.0
COL1A2,KRAS only,2.265061140060425
COL1A2,KRAS only,2.9703080654144287
COL1A2,KRAS only,2.5309479236602783
COL1A2,KRAS only,2.117316961288452
COL1A2,KRAS only,2.543707847595215
COL1A2,KRAS only,2.958151340484619
COL1A2,KRAS only,2.013751745223999
COL1A2,KRAS only,2.5470848083496094
COL1A2,KRAS only,1.9619238376617432
COL1A2,KRAS only,2.4141650199890137
COL1A2,KRAS only,2.603017568588257
COL1A2,KRAS only,2.6540284156799316
COL1A2,KRAS only,2.4121968746185303
COL1A2,KRAS only,2.6041605472564697
COL1A2,KRAS only,2.6009633541107178
COL1A2,KRAS only,0.0
COL1A2,KRAS only,0.0
COL1A2,KRAS only,2.8270723819732666
COL1A2,KRAS only,3.1079721450805664
COL1A2,KRAS only,2.7898924350738525
COL1A2,KRAS only,1.9720417261123657
COL1A2,KRAS only,2.5775465965270996
COL1A2,KRAS only,2.596848726272583
COL1A2,KRAS only,2.731024980545044
COL1A2,KRAS only,2.5395150184631348
COL1A2,KRAS only,2.1145708560943604
COL1A2,KRAS only,2.6063969135284424
COL1A2,KRAS only,2.5637011528015137
COL1A2,KRAS only,0.0
COL1A2,KRAS only,2.821747064590454
COL1A2,KRAS only,2.798178195953369
COL1A2,KRAS only,3.0098042488098145
COL1A2,KRAS only,1.9462132453918457
COL1A2,KRAS only,2.201113700866699
COL1A2,KRAS only,2.6043524742126465
COL1A2,KRAS only,2.489750385284424
COL1A2,KRAS only,2.3308002948760986
COL1A2,KRAS only,2.189521551132202
COL1A2,KRAS only,1.891518473625183
COL1A2,KRAS only,2.3517308235168457
COL1A2,KRAS only,1.9287149906158447
COL1A2,KRAS only,1.801873803138733
COL1A2,KRAS only,2.726355791091919
COL1A2,KRAS only,2.6160390377044678
COL1A2,KRAS only,0.0
COL1A2,KRAS only,2.610971689224243
COL1A2,KRAS only,2.4416489601135254
COL1A2,KRAS only,2.430936574935913
COL1A2,KRAS only,2.488389730453491
COL1A2,KRAS only,2.4521758556365967
COL1A2,KRAS only,2.1473615169525146
COL1A2,KRAS only,2.6927525997161865
COL1A2,KRAS only,2.8386101722717285
COL1A2,KRAS only,2.6082491874694824
COL1A2,KRAS only,2.6547088623046875
COL1A2,KRAS only,2.456433057785034
COL1A2,KRAS only,2.700941801071167
COL1A2,KRAS only,2.5994014739990234
COL1A2,KRAS only,2.7729711532592773
COL1A2,KRAS only,2.046797752380371
COL1A2,KRAS only,2.939060688018799
COL1A2,KRAS only,2.999420642852783
COL1A2,KRAS only,2.598910331726074
COL1A2,KRAS only,2.573057174682617
COL1A2,KRAS only,2.207056999206543
COL1A2,KRAS only,2.9505021572113037
COL1A2,KRAS only,2.404510498046875
COL1A2,KRAS only,2.313847780227661
COL1A2,KRAS only,0.0
COL1A2,KRAS only,2.708507537841797
COL1A2,KRAS only,2.84916353225708
COL1A2,KRAS only,2.6107630729675293
COL1A2,KRAS only,0.0
COL1A2,KRAS only,1.975556492805481
COL1A2,KRAS only,2.738518476486206
COL1A2,KRAS only,2.6374993324279785
COL1A2,KRAS only,2.447021961212158
COL1A2,KRAS only,2.6213736534118652
COL1A2,KRAS only,1.7382006645202637
COL1A2,KRAS only,2.128566026687622
COL1A2,KRAS only,0.0
COL1A2,KRAS only,2.183868646621704
COL1A2,KRAS only,3.5852997303009033
COL1A2,KRAS only,2.4883527755737305
COL1A2,KRAS only,2.3845319747924805
COL1A2,KRAS only,3.126382350921631
COL1A2,KRAS only,2.308417797088623
COL1A2,KRAS only,2.4729161262512207
COL1A2,KRAS only,3.4746780395507812
COL1A2,KRAS only,2.7690234184265137
COL1A2,KRAS only,2.6684467792510986
COL1A2,KRAS only,2.5295426845550537
COL1A2,KRAS only,2.3862111568450928
COL1A2,KRAS only,2.1612942218780518
COL1A2,KRAS only,2.311079502105713
COL1A2,KRAS only,2.329814910888672
COL1A2,KRAS only,3.078430652618408
COL1A2,KRAS only,2.8020691871643066
COL1A2,KRAS only,2.4353606700897217
COL1A2,KRAS only,2.4931187629699707
COL1A2,KRAS only,1.9264740943908691
COL1A2,KRAS only,0.0
COL1A2,KRAS only,2.641556739807129
COL1A2,KRAS only,2.607015371322632
COL1A2,KRAS only,2.4400787353515625
COL1A2,KRAS only,2.6208455562591553
COL1A2,KRAS only,2.5900490283966064
COL1A2,KRAS only,3.1088085174560547
COL1A2,KRAS only,2.9357123374938965
COL1A2,KRAS only,2.5624678134918213
COL1A2,KRAS only,1.800955891609192
COL1A2,KRAS only,2.7847747802734375
COL1A2,KRAS only,2.54410457611084
COL1A2,KRAS only,2.709949254989624
COL1A2,KRAS only,2.50229811668396
COL1A2,KRAS only,2.678283452987671
COL1A2,KRAS only,2.416498899459839
COL1A2,KRAS only,2.5037832260131836
COL1A2,KRAS only,0.0
COL1A2,KRAS only,2.634293794631958
COL1A2,KRAS only,0.0
COL1A2,KRAS only,2.330012083053589
COL1A2,KRAS only,2.6261091232299805
COL1A2,KRAS only,2.8431942462921143
COL1A2,KRAS only,2.6715517044067383
COL1A2,KRAS only,2.7067031860351562
COL1A2,KRAS only,2.253094434738159
COL1A2,KRAS only,2.883519172668457
COL1A2,KRAS only,1.9072753190994263
COL1A2,KRAS only,2.7053534984588623
COL1A2,KRAS only,2.2549209594726562
COL1A2,KRAS only,2.951719284057617
COL1A2,KRAS only,2.6780693531036377
COL1A2,KRAS only,2.4492273330688477
COL1A2,KRAS only,0.0
COL1A2,KRAS only,2.4849414825439453
COL1A2,KRAS only,2.70367169380188
COL1A2,KRAS only,2.2740180492401123
COL1A2,KRAS only,0.0
COL1A2,KRAS only,2.358156204223633
COL1A2,KRAS only,2.675126791000366
COL1A2,KRAS only,1.871185064315796
COL1A2,KRAS only,2.229478597640991
COL1A2,KRAS only,1.269508719444275
COL1A2,KRAS only,2.60683012008667
COL1A2,KRAS only,0.0
COL1A2,KRAS only,2.995447874069214
COL1A2,KRAS only,3.2175774574279785
COL1A2,KRAS only,2.23325777053833
COL1A2,KRAS only,2.4107096195220947
COL1A2,KRAS only,2.008268356323242
COL1A2,KRAS only,2.660632848739624
COL1A2,KRAS only,1.9641878604888916
COL1A2,KRAS only,2.7353596687316895
COL1A2,KRAS only,2.334444046020508
COL1A2,KRAS only,2.925903081893921
COL1A2,KRAS only,3.063368797302246
COL1A2,KRAS only,2.0654094219207764
COL1A2,KRAS only,2.2030885219573975
COL1A2,KRAS only,2.976044178009033
COL1A2,KRAS only,2.818018674850464
COL1A2,KRAS only,2.645068407058716
COL1A2,KRAS only,2.6152398586273193
COL1A2,KRAS only,1.9884576797485352
COL1A2,KRAS only,0.0
COL1A2,KRAS only,1.781246304512024
COL1A2,KRAS only,2.479604959487915
COL1A2,KRAS only,2.4024605751037598
COL1A2,KRAS only,2.407649278640747
COL1A2,KRAS only,2.2442405223846436
COL1A2,KRAS only,2.3068628311157227
COL1A2,KRAS only,2.5065560340881348
COL1A2,KRAS only,2.3656234741210938
COL1A2,KRAS only,2.566418409347534
COL1A2,KRAS only,2.4462602138519287
COL1A2,KRAS only,2.763927698135376
COL1A2,KRAS only,2.474485397338867
COL1A2,KRAS only,2.50555682182312
COL1A2,KRAS only,0.0
COL1A2,KRAS only,2.730154037475586
COL1A2,KRAS only,2.6329259872436523
COL1A2,KRAS only,1.9965417385101318
COL1A2,KRAS only,3.3032548427581787
COL1A2,KRAS only,2.1558632850646973
COL1A2,KRAS only,2.8422930240631104
COL1A2,KRAS only,2.086432456970215
COL1A2,KRAS only,2.025313138961792
COL1A2,KRAS only,2.3765387535095215
COL1A2,KRAS only,2.7650790214538574
COL1A2,KRAS only,2.6570849418640137
COL1A2,KRAS only,1.8083428144454956
COL1A2,KRAS only,1.630417823791504
COL1A2,KRAS only,2.3845150470733643
COL1A2,KRAS only,2.485947847366333
COL1A2,KRAS only,2.308931827545166
COL1A2,KRAS only,2.4372665882110596
COL1A2,KRAS only,2.25757098197937
COL1A2,KRAS only,2.6607718467712402
COL1A2,KRAS only,2.0983023643493652
COL1A2,KRAS only,2.5461299419403076
COL1A2,KRAS only,2.366436004638672
COL1A2,KRAS only,2.6649575233459473
COL1A2,KRAS only,2.3049731254577637
COL1A2,KRAS only,1.9696592092514038
COL1A2,KRAS only,2.927687644958496
COL1A2,KRAS only,2.259916067123413
COL1A2,KRAS only,2.8888778686523438
COL1A2,KRAS only,2.8762102127075195
COL1A2,KRAS only,0.0
COL1A2,KRAS only,2.382488250732422
COL1A2,KRAS only,2.6690025329589844
COL1A2,KRAS only,2.9514291286468506
COL1A2,KRAS only,2.3419265747070312
COL1A2,KRAS only,2.459026575088501
COL1A2,KRAS only,0.0
COL1A2,KRAS only,2.8593075275421143
COL1A2,KRAS only,2.5532984733581543
COL1A2,KRAS only,2.3433125019073486
COL1A2,KRAS only,2.622035503387451
COL1A2,KRAS only,0.0
COL1A2,KRAS only,2.2535314559936523
COL1A2,KRAS only,2.6310973167419434
COL1A2,KRAS only,0.0
COL1A2,KRAS only,2.400279998779297
COL1A2,KRAS only,2.691389322280884
COL1A2,KRAS only,2.6340341567993164
COL1A2,KRAS only,3.079089641571045
COL1A2,KRAS only,2.4273252487182617
COL1A2,KRAS only,2.6555190086364746
COL1A2,KRAS only,2.5000085830688477
COL1A2,KRAS only,2.5415866374969482
COL1A2,KRAS only,2.7043488025665283
COL1A2,KRAS only,2.7721495628356934
COL1A2,KRAS only,2.396458148956299
COL1A2,KRAS only,0.0
COL1A2,KRAS only,2.5286705493927
COL1A2,KRAS only,2.4864614009857178
COL1A2,KRAS only,0.0
COL1A2,KRAS only,2.54219651222229
COL1A2,KRAS only,2.7096643447875977
COL1A2,KRAS only,3.354874610900879
COL1A2,KRAS only,2.4709908962249756
COL1A2,KRAS only,2.772338390350342
COL1A2,KRAS only,2.945272445678711
COL1A2,KRAS only,2.137141704559326
COL1A2,KRAS only,2.6937808990478516
COL1A2,KRAS only,2.2617902755737305
COL1A2,KRAS only,2.80666446685791
COL1A2,KRAS only,2.4418370723724365
COL1A2,KRAS only,2.377049684524536
COL1A2,KRAS only,2.771304130554199
COL1A2,KRAS only,2.7024967670440674
COL1A2,KRAS only,2.444446086883545
COL1A2,KRAS only,2.5685033798217773
COL1A2,KRAS only,2.7463490962982178
COL1A2,KRAS only,2.6741137504577637
COL1A2,KRAS only,0.0
COL1A2,KRAS only,2.6985974311828613
COL1A2,KRAS only,2.7936761379241943
COL1A2,KRAS only,1.8978681564331055
COL1A2,KRAS only,2.551267147064209
COL1A2,KRAS only,2.195063352584839
COL1A2,KRAS only,2.535538673400879
COL1A2,KRAS only,2.273676872253418
COL1A2,KRAS only,2.409275531768799
COL1A2,KRAS only,2.737499475479126
COL1A2,KRAS only,2.559166669845581
COL1A2,KRAS only,2.510547399520874
COL1A2,KRAS only,2.7307169437408447
COL1A2,KRAS only,2.867572784423828
COL1A2,KRAS only,2.599147319793701
COL1A2,KRAS only,2.981682777404785
COL1A2,KRAS only,2.3830552101135254
COL1A2,KRAS only,2.643463134765625
COL1A2,KRAS only,2.6303319931030273
COL1A2,KRAS only,2.490309953689575
COL1A2,KRAS only,2.9037370681762695
COL1A2,KRAS only,2.5027031898498535
COL1A2,KRAS only,2.564035654067993
COL1A2,KRAS only,2.5777978897094727
COL1A2,KRAS only,2.6937856674194336
COL1A2,KRAS only,3.030789375305176
COL1A2,KRAS only,2.3624792098999023
COL1A2,KRAS only,2.552382230758667
COL1A2,KRAS only,2.421802043914795
COL1A2,KRAS only,2.3708348274230957
COL1A2,KRAS only,2.6956803798675537
COL1A2,KRAS only,2.715015172958374
COL1A2,KRAS only,2.0336732864379883
COL1A2,KRAS only,2.5205488204956055
COL1A2,KRAS only,2.3405075073242188
COL1A2,KRAS only,2.909379482269287
COL1A2,KRAS only,2.743532657623291
COL1A2,KRAS only,2.559384822845459
COL1A2,KRAS only,2.658262252807617
COL1A2,KRAS only,2.4181718826293945
COL1A2,KRAS only,2.5211222171783447
COL1A2,KRAS only,2.3023853302001953
COL1A2,KRAS only,2.7596495151519775
COL1A2,KRAS only,2.701204299926758
COL1A2,KRAS only,2.509528160095215
COL1A2,KRAS only,2.270345449447632
COL1A2,KRAS only,2.20485258102417
COL1A2,KRAS only,2.4830658435821533
COL1A2,KRAS only,2.4533298015594482
COL1A2,KRAS only,2.8351807594299316
COL1A2,KRAS only,2.760092258453369
COL1A2,KRAS only,1.9937580823898315
COL1A2,KRAS only,2.239412307739258
COL1A2,KRAS only,2.4631001949310303
COL1A2,KRAS only,2.876018762588501
COL1A2,KRAS only,2.4464986324310303
COL1A2,KRAS only,2.4159634113311768
COL1A2,KRAS only,3.056607961654663
COL1A2,KRAS only,2.327787399291992
COL1A2,KRAS only,2.549551010131836
COL1A2,KRAS only,2.2414650917053223
COL1A2,KRAS only,2.4414803981781006
COL1A2,KRAS only,0.0
COL1A2,KRAS only,2.790513038635254
COL1A2,KRAS only,2.598790407180786
COL1A2,KRAS only,2.020103693008423
COL1A2,KRAS only,2.6269288063049316
COL1A2,KRAS only,2.30759859085083
COL1A2,KRAS only,0.0
COL1A2,KRAS only,2.109893798828125
COL1A2,KRAS only,2.798147439956665
COL1A2,KRAS only,3.1048083305358887
COL1A2,KRAS only,0.0
COL1A2,KRAS only,2.2259838581085205
COL1A2,KRAS only,2.1503303050994873
COL1A2,KRAS only,3.0109798908233643
COL1A2,KRAS only,2.235858917236328
COL1A2,KRAS only,2.4833223819732666
COL1A2,KRAS only,2.5026021003723145
COL1A2,KRAS only,2.1912386417388916
COL1A2,KRAS only,2.496389389038086
COL1A2,KRAS only,0.0
COL1A2,KRAS only,2.276775598526001
COL1A2,KRAS only,2.421865463256836
COL1A2,KRAS only,2.298121690750122
COL1A2,KRAS only,2.2328741550445557
COL1A2,KRAS only,2.7510247230529785
COL1A2,KRAS only,2.824829578399658
COL1A2,KRAS only,2.54506778717041
COL1A2,KRAS only,2.1654229164123535
COL1A2,KRAS only,3.0153656005859375
COL1A2,KRAS only,0.0
COL1A2,KRAS only,2.631051778793335
COL1A2,KRAS only,2.6625614166259766
COL1A2,KRAS only,2.3164663314819336
COL1A2,KRAS only,3.1185555458068848
COL1A2,KRAS only,2.122588872909546
COL1A2,KRAS only,2.4413700103759766
COL1A2,KRAS only,0.0
COL1A2,KRAS only,2.0343472957611084
COL1A2,KRAS only,2.3641984462738037
COL1A2,KRAS only,2.456590414047241
COL1A2,KRAS only,2.6152989864349365
COL1A2,KRAS only,1.7296605110168457
COL1A2,KRAS only,3.2181735038757324
COL1A2,KRAS only,3.805403709411621
COL1A2,KRAS only,2.926656484603882
COL1A2,KRAS only,2.0571377277374268
COL1A2,KRAS only,2.857832431793213
COL1A2,KRAS only,2.4280035495758057
COL1A2,KRAS only,2.4753329753875732
COL1A2,KRAS only,2.2758655548095703
COL1A2,KRAS only,2.710672616958618
COL1A2,KRAS only,2.5551724433898926
COL1A2,KRAS only,2.5736327171325684
COL1A2,KRAS only,2.331146717071533
COL1A2,KRAS only,2.8473663330078125
COL1A2,KRAS only,2.376530647277832
COL1A2,KRAS only,2.541795492172241
COL1A2,KRAS only,2.777519464492798
COL1A2,KRAS only,2.4380054473876953
COL1A2,KRAS only,2.1293747425079346
COL1A2,KRAS only,3.376431465148926
COL1A2,KRAS only,1.9056198596954346
COL1A2,KRAS only,0.0
COL1A2,KRAS only,2.4278066158294678
COL1A2,KRAS only,2.5090134143829346
COL1A2,KRAS only,2.638338088989258
COL1A2,KRAS only,2.6442453861236572
COL1A2,KRAS only,2.5079054832458496
COL1A2,KRAS only,2.475165367126465
COL1A2,KRAS only,1.938800573348999
COL1A2,KRAS only,2.4295027256011963
COL1A2,KRAS only,2.30639386177063
COL1A2,KRAS only,2.456472635269165
COL1A2,KRAS only,2.1201488971710205
COL1A2,KRAS only,2.5010898113250732
COL1A2,KRAS only,0.0
COL1A2,KRAS only,2.4998536109924316
COL1A2,KRAS only,2.383091688156128
COL1A2,KRAS only,2.264458179473877
COL1A2,KRAS only,2.358023166656494
COL1A2,KRAS only,2.082444906234741
COL1A2,KRAS only,0.0
COL1A2,KRAS only,1.6294478178024292
COL1A2,KRAS only,0.0
COL1A2,KRAS only,1.8761228322982788
COL1A2,KRAS only,2.283137798309326
COL1A2,KRAS only,2.5775794982910156
COL1A2,KRAS only,2.634700059890747
COL1A2,KRAS only,2.5106687545776367
COL1A2,KRAS only,2.9664881229400635
COL1A2,KRAS only,3.3096237182617188
COL1A2,KRAS only,0.0
COL1A2,KRAS only,2.5153818130493164
COL1A2,KRAS only,2.5230507850646973
COL1A2,KRAS only,2.6089839935302734
COL1A2,KRAS only,2.4340150356292725
COL1A2,KRAS only,2.605752468109131
COL1A2,KRAS only,2.933964490890503
COL1A2,KRAS only,2.4832262992858887
COL1A2,KRAS only,2.3851776123046875
COL1A2,KRAS only,2.3844289779663086
COL1A2,KRAS only,2.235499620437622
COL1A2,KRAS only,2.748319149017334
COL1A2,KRAS only,2.4427638053894043
COL1A2,KRAS only,2.185035228729248
COL1A2,KRAS only,3.130847454071045
COL1A2,KRAS only,1.845803141593933
COL1A2,KRAS only,2.4933955669403076
COL1A2,KRAS only,2.262263536453247
COL1A2,KRAS only,2.6523008346557617
COL1A2,KRAS only,2.536787509918213
COL1A2,KRAS only,2.337211847305298
COL1A2,KRAS only,3.245600938796997
COL1A2,KRAS only,2.9179253578186035
COL1A2,KRAS only,2.912348747253418
COL1A2,KRAS only,2.2168140411376953
COL1A2,KRAS only,2.0013859272003174
COL1A2,KRAS only,3.288492441177368
COL1A2,KRAS only,2.554664134979248
COL1A2,KRAS only,2.3032150268554688
COL1A2,KRAS only,2.315896987915039
COL1A2,KRAS only,2.418513536453247
COL1A2,KRAS only,2.4014532566070557
COL1A2,KRAS only,2.6971006393432617
COL1A2,KRAS only,2.3770790100097656
COL1A2,KRAS only,2.605928897857666
COL1A2,KRAS only,2.6525962352752686
COL1A2,KRAS only,2.3821094036102295
COL1A2,KRAS only,2.505636692047119
COL1A2,KRAS only,2.280097007751465
COL1A2,KRAS only,2.867053985595703
COL1A2,KRAS only,2.813854455947876
COL1A2,KRAS only,2.3066744804382324
COL1A2,KRAS only,2.5437607765197754
COL1A2,KRAS only,2.7966842651367188
COL1A2,KRAS only,2.2360568046569824
COL1A2,KRAS only,1.7924500703811646
COL1A2,KRAS only,2.544762134552002
COL1A2,KRAS only,1.9279239177703857
COL1A2,KRAS only,2.592780828475952
COL1A2,KRAS only,2.6590614318847656
COL1A2,KRAS only,2.9924092292785645
COL1A2,KRAS only,2.321397304534912
COL1A2,KRAS only,2.5684046745300293
COL1A2,KRAS only,2.689589738845825
COL1A2,KRAS only,2.7259256839752197
COL1A2,KRAS only,2.5810954570770264
COL1A2,KRAS only,2.581108570098877
COL1A2,KRAS only,2.5662195682525635
COL1A2,KRAS only,2.2266948223114014
COL1A2,KRAS only,2.8977527618408203
COL1A2,KRAS only,2.6364903450012207
COL1A2,KRAS only,0.0
COL1A2,KRAS only,2.7071738243103027
COL1A2,KRAS only,2.4541304111480713
COL1A2,KRAS only,2.299832582473755
COL1A2,KRAS only,0.0
COL1A2,KRAS only,2.164827346801758
COL1A2,KRAS only,1.981423020362854
COL1A2,KRAS only,2.5877177715301514
COL1A2,KRAS only,2.5108981132507324
COL1A2,KRAS only,2.1151821613311768
COL1A2,KRAS only,2.114149570465088
COL1A2,KRAS only,2.687584400177002
COL1A2,KRAS only,2.446293830871582
COL1A2,KRAS only,2.5169177055358887
COL1A2,KRAS only,2.5447280406951904
COL1A2,KRAS only,2.9106457233428955
COL1A2,KRAS only,1.9352413415908813
COL1A2,KRAS only,2.5899808406829834
COL1A2,KRAS only,2.442563056945801
COL1A2,KRAS only,2.3184943199157715
COL1A2,KRAS only,2.3765201568603516
COL1A2,KRAS only,2.6927337646484375
COL1A2,KRAS only,2.7088258266448975
COL1A2,KRAS only,2.6154792308807373
COL1A2,KRAS only,1.9273191690444946
COL1A2,KRAS only,2.6819076538085938
COL1A2,KRAS only,1.642389178276062
COL1A2,KRAS only,0.0
COL1A2,KRAS only,2.688429117202759
COL1A2,KRAS only,3.070112466812134
COL1A2,KRAS only,0.0
COL1A2,KRAS only,2.176290273666382
COL1A2,KRAS only,2.4781360626220703
COL1A2,KRAS only,2.6596012115478516
COL1A2,KRAS only,2.2207374572753906
COL1A2,KRAS only,2.607588052749634
COL1A2,KRAS only,2.5396833419799805
COL1A2,KRAS only,1.9686994552612305
COL1A2,KRAS only,2.6834168434143066
COL1A2,KRAS only,2.4996371269226074
COL1A2,KRAS only,2.6237661838531494
COL1A2,KRAS only,2.4711754322052
COL1A2,KRAS only,2.127210855484009
COL1A2,KRAS only,2.3401167392730713
COL1A2,KRAS only,2.670095205307007
COL1A2,KRAS only,2.2934823036193848
COL1A2,KRAS only,2.0415327548980713
COL1A2,KRAS only,2.396374225616455
COL1A2,KRAS only,2.6022696495056152
COL1A2,KRAS only,2.386471748352051
COL1A2,KRAS only,2.398747205734253
COL1A2,KRAS only,2.366159439086914
COL1A2,KRAS only,2.5242037773132324
COL1A2,KRAS only,3.049734115600586
COL1A2,KRAS only,2.583493232727051
COL1A2,KRAS only,2.335568428039551
COL1A2,KRAS only,2.42436146736145
COL1A2,KRAS only,2.7240288257598877
COL1A2,KRAS only,2.1823971271514893
COL1A2,KRAS only,2.5475926399230957
COL1A2,KRAS only,0.0
COL1A2,KRAS only,2.735635995864868
COL1A2,KRAS only,3.6049935817718506
COL1A2,KRAS only,2.690433979034424
COL1A2,KRAS only,2.2259411811828613
COL1A2,KRAS only,2.2971768379211426
COL1A2,KRAS only,2.008406639099121
COL1A2,KRAS only,2.1700291633605957
COL1A2,KRAS only,2.522428035736084
COL1A2,KRAS only,0.0
COL1A2,KRAS only,2.4848473072052
COL1A2,KRAS only,2.8297770023345947
COL1A2,KRAS only,0.0
COL1A2,KRAS only,2.5792393684387207
COL1A2,KRAS only,2.2555336952209473
COL1A2,KRAS only,0.0
COL1A2,KRAS only,2.248988628387451
COL1A2,KRAS only,3.0570502281188965
COL1A2,KRAS only,2.4812798500061035
COL1A2,KRAS only,2.26025652885437
COL1A2,KRAS only,2.855257034301758
COL1A2,KRAS only,2.8720240592956543
COL1A2,KRAS only,2.540553092956543
COL1A2,KRAS only,2.670165777206421
COL1A2,KRAS only,0.0
COL1A2,KRAS only,0.0
COL1A2,KRAS only,2.5529379844665527
COL1A2,KRAS only,2.811815023422241
COL1A2,KRAS only,2.4862771034240723
COL1A2,KRAS only,2.77950119972229
COL1A2,KRAS only,2.2587220668792725
COL1A2,KRAS only,2.838470697402954
COL1A2,KRAS only,2.289246082305908
COL1A2,KRAS only,2.220608949661255
COL1A2,KRAS only,2.549846887588501
COL1A2,KRAS only,2.654222249984741
COL1A2,KRAS only,1.9393433332443237
COL1A2,KRAS only,2.71269154548645
COL1A2,KRAS only,2.466430187225342
COL1A2,KRAS only,2.497328281402588
COL1A2,KRAS only,2.798546075820923
COL1A2,KRAS only,2.3922951221466064
COL1A2,KRAS only,3.6822831630706787
COL1A2,KRAS only,2.315696954727173
COL1A2,KRAS only,2.0976755619049072
COL1A2,KRAS only,1.5486376285552979
COL1A2,KRAS only,2.2763941287994385
COL1A2,KRAS only,2.340376138687134
COL1A2,KRAS only,2.6567726135253906
COL1A2,KRAS only,2.9342894554138184
COL1A2,KRAS only,1.9927372932434082
COL1A2,KRAS only,3.0500638484954834
COL1A2,KRAS only,2.8248398303985596
COL1A2,KRAS only,1.7528116703033447
COL1A2,KRAS only,2.681872606277466
COL1A2,KRAS only,2.9415552616119385
COL1A2,KRAS only,2.7671282291412354
COL1A2,KRAS only,2.574441909790039
COL1A2,KRAS only,2.1843373775482178
COL1A2,KRAS only,2.6408026218414307
COL1A2,KRAS only,2.354001045227051
COL1A2,KRAS only,2.731492280960083
COL1A2,KRAS only,2.5770885944366455
COL1A2,KRAS only,2.2303595542907715
COL1A2,KRAS only,1.824623942375183
COL1A2,KRAS only,2.6105477809906006
COL1A2,KRAS only,2.133181571960449
COL1A2,KRAS only,2.7566866874694824
COL1A2,KRAS only,3.250617265701294
COL1A2,KRAS only,2.56943941116333
COL1A2,KRAS only,2.851583242416382
COL1A2,KRAS only,2.4179513454437256
COL1A2,KRAS only,2.517683506011963
COL1A2,KRAS only,2.460538387298584
COL1A2,KRAS only,2.416428565979004
COL1A2,KRAS only,2.3286385536193848
COL1A2,KRAS only,2.8106191158294678
COL1A2,KRAS only,0.0
COL1A2,KRAS only,1.805173397064209
COL1A2,KRAS only,2.4515600204467773
COL1A2,KRAS only,2.792052984237671
COL1A2,KRAS only,3.2652482986450195
COL1A2,KRAS only,0.0
COL1A2,KRAS only,2.7059733867645264
COL1A2,KRAS only,2.6913087368011475
COL1A2,KRAS only,2.2301278114318848
COL1A2,KRAS only,2.2455790042877197
COL1A2,KRAS only,2.527984380722046
COL1A2,KRAS only,2.6068365573883057
COL1A2,KRAS only,2.618645191192627
COL1A2,KRAS only,3.1367616653442383
COL1A2,KRAS only,0.0
COL1A2,KRAS only,2.424922227859497
COL1A2,KRAS only,2.466768503189087
COL1A2,KRAS only,2.900905132293701
COL1A2,KRAS only,2.4908876419067383
COL1A2,KRAS only,2.5722198486328125
COL1A2,KRAS only,2.682816743850708
COL1A2,KRAS only,2.350938081741333
COL1A2,KRAS only,2.362495183944702
COL1A2,KRAS only,3.123598098754883
COL1A2,KRAS only,0.0
COL1A2,KRAS only,2.3112494945526123
COL1A2,KRAS only,2.218305826187134
COL1A2,KRAS only,1.9312418699264526
COL1A2,KRAS only,0.0
COL1A2,KRAS only,2.735907793045044
COL1A2,KRAS only,2.537337303161621
COL1A2,KRAS only,2.166240930557251
COL1A2,KRAS only,2.148627281188965
COL1A2,KRAS only,2.274308204650879
COL1A2,KRAS only,2.573333978652954
COL1A2,KRAS only,2.6238155364990234
COL1A2,KRAS only,2.789594888687134
COL1A2,KRAS only,2.277559518814087
COL1A2,KRAS only,2.638654947280884
COL1A2,KRAS only,2.663332939147949
COL1A2,KRAS only,3.028266429901123
COL1A2,KRAS only,2.641256332397461
COL1A2,KRAS only,1.9558228254318237
COL1A2,KRAS only,2.26759672164917
COL1A2,KRAS only,2.437514543533325
COL1A2,KRAS only,2.4750022888183594
COL1A2,KRAS only,2.6905734539031982
COL1A2,KRAS only,2.64776611328125
COL1A2,KRAS only,2.4217028617858887
COL1A2,KRAS only,2.599809169769287
COL1A2,KRAS only,2.7773616313934326
COL1A2,KRAS only,2.6426198482513428
COL1A2,KRAS only,2.206207036972046
COL1A2,KRAS only,2.4677717685699463
COL1A2,KRAS only,2.8784143924713135
COL1A2,KRAS only,2.3461034297943115
COL1A2,KRAS only,1.9855096340179443
COL1A2,KRAS only,2.7640180587768555
COL1A2,KRAS only,2.8179197311401367
COL1A2,KRAS only,2.632366418838501
COL1A2,KRAS only,1.8986167907714844
COL1A2,KRAS only,2.1183409690856934
COL1A2,KRAS only,2.4489097595214844
COL1A2,KRAS only,2.47586989402771
COL1A2,KRAS only,2.524541139602661
COL1A2,KRAS only,2.9019198417663574
COL1A2,KRAS only,2.8660707473754883
COL1A2,KRAS only,1.8751177787780762
COL1A2,KRAS only,0.0
COL1A2,KRAS only,2.4967963695526123
COL1A2,KRAS only,2.4939587116241455
COL1A2,KRAS only,2.644467353820801
COL1A2,KRAS only,2.5584254264831543
COL1A2,KRAS only,2.559551239013672
COL1A2,KRAS only,2.2542457580566406
COL1A2,KRAS only,2.288259506225586
COL1A2,KRAS only,2.5748934745788574
COL1A2,KRAS only,2.189592123031616
COL1A2,KRAS only,2.368706703186035
COL1A2,KRAS only,2.6700141429901123
COL1A2,KRAS only,2.415426731109619
COL1A2,KRAS only,2.2762629985809326
COL1A2,KRAS only,2.1169888973236084
COL1A2,KRAS only,2.223851203918457
COL1A2,KRAS only,2.321321964263916
COL1A2,KRAS only,0.0
COL1A2,KRAS only,0.0
COL1A2,KRAS only,2.680807590484619
COL1A2,KRAS only,2.7278292179107666
COL1A2,KRAS only,2.127437114715576
COL1A2,KRAS only,2.7516262531280518
COL1A2,KRAS only,2.3305327892303467
COL1A2,KRAS only,2.014007329940796
COL1A2,KRAS only,2.3743629455566406
COL1A2,KRAS only,2.2855520248413086
COL1A2,KRAS only,2.175355911254883
COL1A2,KRAS only,2.2071566581726074
COL1A2,KRAS only,2.4516139030456543
COL1A2,KRAS only,2.625248908996582
COL1A2,KRAS only,0.0
COL1A2,KRAS only,2.7453954219818115
COL1A2,KRAS only,2.9086899757385254
COL1A2,KRAS only,2.247640609741211
COL1A2,KRAS only,0.0
COL1A2,KRAS only,0.0
COL1A2,KRAS only,2.771238327026367
COL1A2,KRAS only,2.2357382774353027
COL1A2,KRAS only,2.733452320098877
COL1A2,KRAS only,0.0
COL1A2,KRAS only,2.5471088886260986
COL1A2,KRAS only,2.516698122024536
COL1A2,KRAS only,2.6228199005126953
COL1A2,KRAS only,2.3214328289031982
COL1A2,KRAS only,2.9471070766448975
COL1A2,KRAS only,0.0
COL1A2,KRAS only,2.445357322692871
COL1A2,KRAS only,2.0484297275543213
COL1A2,KRAS only,2.2832374572753906
COL1A2,KRAS only,0.0
COL1A2,KRAS only,2.454792022705078
COL1A2,KRAS only,3.088585376739502
COL1A2,KRAS only,0.0
COL1A2,KRAS only,2.9262092113494873
COL1A2,KRAS only,2.3713784217834473
COL1A2,KRAS only,3.019808530807495
COL1A2,KRAS only,2.368577241897583
COL1A2,KRAS only,2.580683708190918
COL1A2,KRAS only,2.0729894638061523
COL1A2,KRAS only,2.7888951301574707
COL1A2,KRAS only,2.6137773990631104
COL1A2,KRAS only,2.5042624473571777
COL1A2,KRAS only,0.0
COL1A2,KRAS only,2.2587544918060303
COL1A2,KRAS only,2.691897392272949
COL1A2,KRAS only,2.557349443435669
COL1A2,KRAS only,2.5077922344207764
COL1A2,KRAS only,2.671602725982666
COL1A2,KRAS only,2.7421205043792725
COL1A2,KRAS only,2.5455472469329834
COL1A2,KRAS only,2.8137834072113037
COL1A2,KRAS only,2.4796042442321777
COL1A2,KRAS only,2.7356507778167725
COL1A2,KRAS only,2.882683753967285
COL1A2,KRAS only,3.4905173778533936
COL1A2,KRAS only,2.792908191680908
COL1A2,KRAS only,2.599217414855957
COL1A2,KRAS only,3.2892794609069824
COL1A2,KRAS only,2.4157626628875732
COL1A2,KRAS only,2.466898202896118
COL1A2,KRAS only,2.5548102855682373
COL1A2,KRAS only,1.473344326019287
COL1A2,KRAS only,2.1693012714385986
COL1A2,KRAS only,2.6659786701202393
COL1A2,KRAS only,1.939188838005066
COL1A2,KRAS only,2.4565956592559814
COL1A2,KRAS only,2.5385494232177734
COL1A2,KRAS only,2.9139366149902344
COL1A2,KRAS only,2.6799075603485107
COL1A2,KRAS only,2.105255603790283
COL1A2,KRAS only,3.2333929538726807
COL1A2,KRAS only,2.220022678375244
COL1A2,KRAS only,2.3839731216430664
COL1A2,KRAS only,2.217846393585205
COL1A2,KRAS only,2.4691710472106934
COL1A2,KRAS only,3.479126214981079
COL1A2,KRAS only,2.518123149871826
COL1A2,KRAS only,2.0571646690368652
COL1A2,KRAS only,2.3540494441986084
COL1A2,KRAS only,2.8070735931396484
COL1A2,KRAS only,2.674220561981201
COL1A2,KRAS only,2.5824038982391357
COL1A2,KRAS only,0.0
COL1A2,KRAS only,0.0
COL1A2,KRAS only,2.3282463550567627
COL1A2,KRAS only,2.960817813873291
COL1A2,KRAS only,2.4606494903564453
COL1A2,KRAS only,0.0
COL1A2,KRAS only,2.2595646381378174
COL1A2,KRAS only,2.493556261062622
COL1A2,KRAS only,2.8088715076446533
COL1A2,KRAS only,3.2458996772766113
COL1A2,KRAS only,2.3591251373291016
COL1A2,KRAS only,2.44307541847229
COL1A2,KRAS only,2.3049161434173584
COL1A2,KRAS only,2.0395431518554688
COL1A2,KRAS only,0.0
COL1A2,KRAS only,2.4086008071899414
COL1A2,KRAS only,1.7777142524719238
COL1A2,KRAS only,2.8168601989746094
COL1A2,KRAS only,2.5817031860351562
COL1A2,KRAS only,2.430558681488037
COL1A2,KRAS only,2.642374277114868
COL1A2,KRAS only,2.6986963748931885
COL1A2,KRAS only,2.3690662384033203
COL1A2,KRAS only,2.735401153564453
COL1A2,KRAS only,0.0
COL1A2,KRAS only,0.0
COL1A2,KRAS only,2.8709940910339355
COL1A2,KRAS only,2.300670862197876
COL1A2,KRAS only,2.328795909881592
COL1A2,KRAS only,0.0
COL1A2,KRAS only,2.003264904022217
COL1A2,KRAS only,2.49682354927063
COL1A2,KRAS only,2.5616655349731445
COL1A2,KRAS only,2.552213668823242
COL1A2,KRAS only,2.424196481704712
COL1A2,KRAS only,2.4084644317626953
COL1A2,KRAS only,2.465106964111328
COL1A2,KRAS only,2.604506731033325
COL1A2,KRAS only,0.0
COL1A2,KRAS only,2.4431443214416504
COL1A2,KRAS only,2.974342107772827
COL1A2,KRAS only,2.5483267307281494
COL1A2,KRAS only,2.5358941555023193
COL1A2,KRAS only,2.5143494606018066
COL1A2,KRAS only,2.5078330039978027
COL1A2,KRAS only,0.0
COL1A2,KRAS only,2.7317516803741455
COL1A2,KRAS only,2.5265414714813232
COL1A2,KRAS only,1.9918358325958252
COL1A2,KRAS only,2.2496814727783203
COL1A2,KRAS only,2.1572775840759277
COL1A2,KRAS only,3.189804792404175
COL1A2,KRAS only,2.813286066055298
COL1A2,KRAS only,2.6779263019561768
COL1A2,KRAS only,2.7316298484802246
COL1A2,KRAS only,2.9283671379089355
COL1A2,KRAS only,2.6816556453704834
COL1A2,KRAS only,2.73213267326355
COL1A2,KRAS only,3.1707630157470703
COL1A2,KRAS only,0.0
COL1A2,KRAS only,0.0
COL1A2,KRAS only,2.446129322052002
COL1A2,KRAS only,2.1889703273773193
COL1A2,KRAS only,2.373838424682617
COL1A2,KRAS only,2.558260917663574
COL1A2,KRAS only,2.4405040740966797
COL1A2,KRAS only,2.088301181793213
COL1A2,KRAS only,2.750666618347168
COL1A2,KRAS only,2.6315133571624756
COL1A2,KRAS only,2.8216664791107178
COL1A2,KRAS only,2.428352117538452
COL1A2,KRAS only,1.8958992958068848
COL1A2,KRAS only,2.445023775100708
COL1A2,KRAS only,2.8228838443756104
COL1A2,KRAS only,2.9448792934417725
COL1A2,KRAS only,1.681885004043579
COL1A2,KRAS only,2.787214517593384
COL1A2,KRAS only,2.7091479301452637
COL1A2,KRAS only,2.4466745853424072
COL1A2,KRAS only,2.309427261352539
COL1A2,KRAS only,2.912909746170044
COL1A2,KRAS only,1.885148286819458
COL1A2,KRAS only,2.425919532775879
COL1A2,KRAS only,2.658876419067383
COL1A2,KRAS only,2.1437578201293945
COL1A2,KRAS only,2.269725799560547
COL1A2,KRAS only,2.489932060241699
COL1A2,KRAS only,2.496061325073242
COL1A2,KRAS only,2.158496141433716
COL1A2,KRAS only,2.756141185760498
COL1A2,KRAS only,2.4230055809020996
COL1A2,KRAS only,1.9077839851379395
COL1A2,KRAS only,2.7366015911102295
COL1A2,KRAS only,2.4945197105407715
COL1A2,KRAS only,2.370600938796997
COL1A2,KRAS only,2.7878875732421875
COL1A2,KRAS only,3.056472063064575
COL1A2,KRAS only,2.443817138671875
COL1A2,KRAS only,2.8049893379211426
COL1A2,KRAS only,2.4807510375976562
COL1A2,KRAS only,2.6172409057617188
COL1A2,KRAS only,2.1049623489379883
COL1A2,KRAS only,2.4322333335876465
COL1A2,KRAS only,1.848252773284912
COL1A2,KRAS only,2.3162641525268555
COL1A2,KRAS only,2.611335039138794
COL1A2,KRAS only,2.989215612411499
COL1A2,KRAS only,1.9523266553878784
COL1A2,KRAS only,2.5472164154052734
COL1A2,KRAS only,2.8525235652923584
COL1A2,KRAS only,2.2088966369628906
COL1A2,KRAS only,2.092336654663086
COL1A2,KRAS only,2.3354849815368652
COL1A2,KRAS only,2.3050484657287598
COL1A2,KRAS only,0.0
COL1A2,KRAS only,2.6855275630950928
COL1A2,KRAS only,3.3374602794647217
COL1A2,KRAS only,2.0984792709350586
COL1A2,KRAS only,2.3052756786346436
COL1A2,KRAS only,2.7067618370056152
COL1A2,KRAS only,1.848846673965454
COL1A2,KRAS only,2.563063144683838
COL1A2,KRAS only,2.357712745666504
COL1A2,KRAS only,2.875344753265381
COL1A2,KRAS only,2.59682035446167
COL1A2,KRAS only,2.3307621479034424
COL1A2,KRAS only,2.726109266281128
COL1A2,KRAS only,2.632147789001465
COL1A2,KRAS only,0.0
COL1A2,KRAS only,1.3810176849365234
COL1A2,KRAS only,0.0
COL1A2,KRAS only,2.6230716705322266
COL1A2,KRAS only,2.5741100311279297
COL1A2,KRAS only,2.5069291591644287
COL1A2,KRAS only,2.3641397953033447
COL1A2,KRAS only,2.7700114250183105
COL1A2,KRAS only,2.7573392391204834
COL1A2,KRAS only,2.3954670429229736
COL1A2,KRAS only,2.8704113960266113
COL1A2,KRAS only,2.5025434494018555
COL1A2,KRAS only,2.672217845916748
COL1A2,KRAS only,2.1829984188079834
COL1A2,KRAS only,2.634619951248169
COL1A2,KRAS only,2.4224517345428467
COL1A2,KRAS only,2.5717904567718506
COL1A2,KRAS only,1.2752008438110352
COL1A2,KRAS only,2.8271424770355225
COL1A2,KRAS only,2.8696093559265137
COL1A2,KRAS only,2.518862247467041
COL1A2,KRAS only,2.888047933578491
COL1A2,KRAS only,2.8848419189453125
COL1A2,KRAS only,0.0
COL1A2,KRAS only,0.0
COL1A2,KRAS only,0.0
COL1A2,KRAS only,2.089113473892212
COL1A2,KRAS only,2.4178829193115234
COL1A2,KRAS only,0.0
COL1A2,KRAS only,2.5955328941345215
COL1A2,KRAS only,2.444166660308838
COL1A2,KRAS only,2.5868358612060547
COL1A2,KRAS only,2.2300381660461426
COL1A2,KRAS only,2.57096791267395
COL1A2,KRAS only,2.8288779258728027
COL1A2,KRAS only,1.6581528186798096
COL1A2,KRAS only,2.588088035583496
COL1A2,KRAS only,2.4510726928710938
COL1A2,KRAS only,2.831916093826294
COL1A2,KRAS only,2.688743829727173
COL1A2,KRAS only,0.0
COL1A2,KRAS only,2.7383673191070557
COL1A2,KRAS only,2.703063726425171
COL1A2,KRAS only,2.5264251232147217
COL1A2,KRAS only,2.78474497795105
COL1A2,KRAS only,2.5109024047851562
COL1A2,KRAS only,2.369201183319092
COL1A2,KRAS only,2.9854159355163574
COL1A2,KRAS only,0.0
COL1A2,KRAS only,2.4239120483398438
COL1A2,KRAS only,2.171844959259033
COL1A2,KRAS only,1.822669506072998
COL1A2,KRAS only,2.3573546409606934
COL1A2,KRAS only,2.6554276943206787
COL1A2,KRAS only,2.3719444274902344
COL1A2,KRAS only,1.645605206489563
COL1A2,KRAS only,1.99244225025177
COL1A2,KRAS only,2.6147570610046387
COL1A2,KRAS only,0.0
COL1A2,KRAS only,2.706085443496704
COL1A2,KRAS only,2.4154295921325684
COL1A2,KRAS only,2.4548819065093994
COL1A2,KRAS only,2.8130223751068115
COL1A2,KRAS only,3.2312331199645996
COL1A2,KRAS only,3.449209690093994
COL1A2,KRAS only,2.4495246410369873
COL1A2,KRAS only,2.589387893676758
COL1A2,KRAS only,2.7997684478759766
COL1A2,KRAS only,2.2969541549682617
COL1A2,KRAS only,3.200934410095215
COL1A2,KRAS only,2.333693742752075
COL1A2,KRAS only,2.9018566608428955
COL1A2,KRAS only,2.6280670166015625
COL1A2,KRAS only,3.411616325378418
COL1A2,KRAS only,2.763051986694336
COL1A2,KRAS only,2.488267421722412
COL1A2,KRAS only,2.1573288440704346
COL1A2,KRAS only,2.7796311378479004
COL1A2,KRAS only,2.1245877742767334
COL1A2,KRAS only,1.5191805362701416
COL1A2,KRAS only,0.0
COL1A2,KRAS only,2.5482029914855957
COL1A2,KRAS only,2.609973907470703
COL1A2,KRAS only,2.491105794906616
COL1A2,KRAS only,2.598135471343994
COL1A2,KRAS only,2.2929580211639404
COL1A2,KRAS only,2.6342430114746094
COL1A2,KRAS only,3.301323652267456
COL1A2,KRAS only,2.489182710647583
COL1A2,KRAS only,0.0
COL1A2,KRAS only,1.8496246337890625
COL1A2,KRAS only,2.651932716369629
COL1A2,KRAS only,0.0
COL1A2,KRAS only,2.4508056640625
COL1A2,KRAS only,2.5187933444976807
COL1A2,KRAS only,2.5421626567840576
COL1A2,KRAS only,2.004537582397461
COL1A2,KRAS only,2.5665507316589355
COL1A2,KRAS only,2.2815771102905273
COL1A2,KRAS only,2.3595848083496094
COL1A2,KRAS only,2.4693002700805664
COL1A2,KRAS only,3.0478389263153076
COL1A2,KRAS only,3.067241907119751
COL1A2,KRAS only,2.6826820373535156
COL1A2,KRAS only,2.551781177520752
COL1A2,KRAS only,0.0
COL1A2,KRAS only,2.618225336074829
COL1A2,KRAS only,2.4084739685058594
COL1A2,KRAS only,2.713474988937378
COL1A2,KRAS only,2.391404390335083
COL1A2,KRAS only,2.8830409049987793
COL1A2,KRAS only,2.535064220428467
COL1A2,KRAS only,2.1403961181640625
COL1A2,KRAS only,3.13360333442688
COL1A2,KRAS only,2.553507089614868
COL1A2,KRAS only,2.739112377166748
COL1A2,KRAS only,2.7654976844787598
COL1A2,KRAS only,3.0325448513031006
COL1A2,KRAS only,2.7110462188720703
COL1A2,KRAS only,2.7270140647888184
COL1A2,KRAS only,2.468034505844116
COL1A2,KRAS only,2.3860511779785156
COL1A2,KRAS only,2.42765474319458
COL1A2,KRAS only,0.0
COL1A2,KRAS only,0.0
COL1A2,KRAS only,2.7326602935791016
COL1A2,KRAS only,2.391256332397461
COL1A2,KRAS only,2.2886383533477783
COL1A2,KRAS only,0.0
COL1A2,KRAS only,0.0
COL1A2,KRAS only,3.368835210800171
COL1A2,KRAS only,2.718954086303711
COL1A2,KRAS only,2.451601505279541
COL1A2,KRAS only,2.661562442779541
COL1A2,KRAS only,2.5179343223571777
COL1A2,KRAS only,0.0
COL1A2,KRAS only,2.4660449028015137
COL1A2,KRAS only,2.4252536296844482
COL1A2,KRAS only,2.6263628005981445
COL1A2,KRAS only,0.0
COL1A2,KRAS only,1.7787740230560303
COL1A2,KRAS only,3.1570451259613037
COL1A2,KRAS only,2.697845220565796
COL1A2,KRAS only,2.9345459938049316
COL1A2,KRAS only,2.516162872314453
COL1A2,KRAS only,1.8381071090698242
COL1A2,KRAS only,2.5601112842559814
COL1A2,KRAS only,2.426515579223633
COL1A2,KRAS only,2.4806854724884033
COL1A2,KRAS only,2.0319807529449463
COL1A2,KRAS only,2.3057496547698975
COL1A2,KRAS only,2.200829029083252
COL1A2,KRAS only,2.4639580249786377
COL1A2,KRAS only,2.453929901123047
COL1A2,KRAS only,0.0
COL1A2,KRAS only,2.063532590866089
COL1A2,KRAS only,2.0880472660064697
COL1A2,KRAS only,2.2975826263427734
COL1A2,KRAS only,2.4374561309814453
COL1A2,KRAS only,1.733820915222168
COL1A2,KRAS only,2.3621604442596436
COL1A2,KRAS only,2.1390795707702637
COL1A2,KRAS only,2.6481499671936035
COL1A2,KRAS only,2.5972723960876465
COL1A2,KRAS only,2.155940532684326
COL1A2,KRAS only,3.0640249252319336
COL1A2,KRAS only,2.907275676727295
COL1A2,KRAS only,2.458080768585205
COL1A2,KRAS only,2.3791937828063965
COL1A2,KRAS only,2.490025758743286
COL1A2,KRAS only,2.826636552810669
COL1A2,KRAS only,2.4235222339630127
COL1A2,KRAS only,2.280559539794922
COL1A2,KRAS only,2.570737361907959
COL1A2,KRAS only,2.960513114929199
COL1A2,KRAS only,2.49160099029541
COL1A2,KRAS only,2.455254316329956
COL1A2,KRAS only,3.064857006072998
COL1A2,KRAS only,2.3879408836364746
COL1A2,KRAS only,2.698467493057251
COL1A2,KRAS only,2.509268283843994
COL1A2,KRAS only,2.570589780807495
COL1A2,KRAS only,2.6242268085479736
COL1A2,KRAS only,3.0607545375823975
COL1A2,KRAS only,1.6788780689239502
COL1A2,KRAS only,3.373955488204956
COL1A2,KRAS only,0.0
COL1A2,KRAS only,1.99484121799469
COL1A2,KRAS only,2.70064115524292
COL1A2,KRAS only,2.731886148452759
COL1A2,KRAS only,2.1762821674346924
COL1A2,KRAS only,2.2568747997283936
COL1A2,KRAS only,2.657900810241699
COL1A2,KRAS only,1.282729983329773
COL1A2,KRAS only,2.4836714267730713
COL1A2,KRAS only,2.3955342769622803
COL1A2,KRAS only,2.5740244388580322
COL1A2,KRAS only,2.5785794258117676
COL1A2,KRAS only,2.463610887527466
COL1A2,KRAS only,1.922771692276001
COL1A2,KRAS only,2.6639137268066406
COL1A2,KRAS only,2.9515137672424316
COL1A2,KRAS only,2.6013472080230713
COL1A2,KRAS only,2.3530266284942627
COL1A2,KRAS only,0.0
COL1A2,KRAS only,0.0
COL1A2,KRAS only,2.6997311115264893
COL1A2,KRAS only,2.121891736984253
COL1A2,KRAS only,2.7564456462860107
COL1A2,KRAS only,2.8042685985565186
COL1A2,KRAS only,2.673430919647217
COL1A2,KRAS only,2.7245032787323
COL1A2,KRAS only,2.4238815307617188
COL1A2,KRAS only,2.602109909057617
COL1A2,KRAS only,0.0
COL1A2,KRAS only,2.458662986755371
COL1A2,KRAS only,2.5973753929138184
COL1A2,KRAS only,2.3070034980773926
COL1A2,KRAS only,1.8967976570129395
COL1A2,KRAS only,0.0
COL1A2,KRAS only,2.6053051948547363
COL1A2,KRAS only,0.0
COL1A2,KRAS only,0.0
COL1A2,KRAS only,2.4878249168395996
COL1A2,KRAS only,2.2842860221862793
COL1A2,KRAS only,2.459045171737671
COL1A2,KRAS only,2.543883800506592
COL1A2,KRAS only,2.434290885925293
COL1A2,KRAS only,2.3541393280029297
COL1A2,KRAS only,2.898068428039551
COL1A2,KRAS only,2.7096285820007324
COL1A2,KRAS only,2.5441105365753174
COL1A2,KRAS only,2.1637847423553467
COL1A2,KRAS only,2.5456204414367676
COL1A2,KRAS only,0.0
COL1A2,KRAS only,3.087053060531616
COL1A2,KRAS only,2.6985456943511963
COL1A2,KRAS only,2.058399200439453
COL1A2,KRAS only,2.391101598739624
COL1A2,KRAS only,2.1851565837860107
COL1A2,KRAS only,2.7260262966156006
COL1A2,KRAS only,1.6817586421966553
COL1A2,KRAS only,2.1450119018554688
COL1A2,KRAS only,1.9786149263381958
COL1A2,KRAS only,2.8237757682800293
COL1A2,KRAS only,2.546226739883423
COL1A2,KRAS only,3.1039538383483887
COL1A2,KRAS only,2.4872801303863525
COL1A2,KRAS only,2.8062617778778076
COL1A2,KRAS only,2.503870964050293
COL1A2,KRAS only,2.080122947692871
COL1A2,KRAS only,2.2544586658477783
COL1A2,KRAS only,1.0651791095733643
COL1A2,KRAS only,2.9108057022094727
COL1A2,KRAS only,3.0766358375549316
COL1A2,KRAS only,3.1626691818237305
COL1A2,KRAS only,3.1797893047332764
COL1A2,KRAS only,1.4871550798416138
COL1A2,KRAS only,2.9155240058898926
COL1A2,KRAS only,2.5695085525512695
COL1A2,KRAS only,2.189997673034668
COL1A2,KRAS only,2.588481903076172
COL1A2,KRAS only,2.391214609146118
COL1A2,KRAS only,1.59033203125
COL1A2,KRAS only,2.628831624984741
COL1A2,KRAS only,0.0
COL1A2,KRAS only,2.9110047817230225
COL1A2,KRAS only,2.874772548675537
COL1A2,KRAS only,2.624829053878784
COL1A2,KRAS only,2.406033992767334
COL1A2,KRAS only,2.486424446105957
COL1A2,KRAS only,2.5542194843292236
COL1A2,KRAS only,2.5774524211883545
COL1A2,KRAS only,2.5556271076202393
COL1A2,KRAS only,2.6960957050323486
COL1A2,KRAS only,2.177872657775879
COL1A2,KRAS only,2.7563364505767822
COL1A2,KRAS only,2.793020486831665
COL1A2,KRAS only,2.4630415439605713
COL1A2,KRAS only,0.0
COL1A2,KRAS only,2.6176507472991943
COL1A2,KRAS only,2.58046817779541
COL1A2,KRAS only,2.896831750869751
COL1A2,KRAS only,2.490772247314453
COL1A2,KRAS only,2.6572256088256836
COL1A2,KRAS only,2.4997048377990723
COL1A2,KRAS only,2.7684812545776367
COL1A2,KRAS only,2.4321160316467285
COL1A2,KRAS only,2.6783459186553955
COL1A2,KRAS only,2.516014814376831
COL1A2,KRAS only,2.3590049743652344
COL1A2,KRAS only,2.4553802013397217
COL1A2,KRAS only,2.9232993125915527
COL1A2,KRAS only,2.7114527225494385
COL1A2,KRAS only,1.6172281503677368
COL1A2,KRAS only,1.6276566982269287
COL1A2,KRAS only,1.7976768016815186
COL1A2,KRAS only,2.1059858798980713
COL1A2,KRAS only,1.929736852645874
COL1A2,KRAS only,0.0
COL1A2,KRAS only,2.533475637435913
COL1A2,KRAS only,2.683702230453491
COL1A2,KRAS only,3.077298164367676
COL1A2,KRAS only,2.4143424034118652
COL1A2,KRAS only,2.40160870552063
COL1A2,KRAS only,2.679370880126953
COL1A2,KRAS only,3.0199968814849854
COL1A2,KRAS only,3.3299918174743652
COL1A2,KRAS only,2.452578067779541
COL1A2,KRAS only,2.718843698501587
COL1A2,KRAS only,2.5409598350524902
COL1A2,KRAS only,2.4742846488952637
COL1A2,KRAS only,0.0
COL1A2,KRAS only,2.301032543182373
COL1A2,KRAS only,2.6492815017700195
COL1A2,KRAS only,2.619905710220337
COL1A2,KRAS only,2.822751045227051
COL1A2,KRAS only,2.159445285797119
COL1A2,KRAS only,2.456036329269409
COL1A2,KRAS only,2.493381977081299
COL1A2,KRAS only,2.5856568813323975
COL1A2,KRAS only,0.0
COL1A2,KRAS only,2.7090537548065186
COL1A2,KRAS only,2.2076942920684814
COL1A2,KRAS only,2.173649787902832
COL1A2,KRAS only,2.721191883087158
COL1A2,KRAS only,2.8321378231048584
COL1A2,KRAS only,2.1251630783081055
COL1A2,KRAS only,2.9339659214019775
COL1A2,KRAS only,3.500197172164917
COL1A2,KRAS only,2.3747174739837646
COL1A2,KRAS only,2.9725775718688965
COL1A2,KRAS only,2.616302013397217
COL1A2,KRAS only,2.405078649520874
COL1A2,KRAS only,2.878906011581421
COL1A2,KRAS only,3.306567907333374
COL1A2,KRAS only,2.2555198669433594
COL1A2,KRAS only,2.553206443786621
COL1A2,KRAS only,2.0541903972625732
COL1A2,KRAS only,2.160828113555908
COL1A2,KRAS only,2.4070825576782227
COL1A2,KRAS only,2.3378875255584717
COL1A2,KRAS only,2.904141902923584
COL1A2,KRAS only,1.936231255531311
COL1A2,KRAS only,2.6212141513824463
COL1A2,KRAS only,2.507469415664673
COL1A2,KRAS only,2.7041964530944824
COL1A2,KRAS only,2.6533362865448
COL1A2,KRAS only,2.084184408187866
COL1A2,KRAS only,2.3147056102752686
COL1A2,KRAS only,2.943913459777832
COL1A2,KRAS only,2.3319764137268066
COL1A2,KRAS only,1.8134113550186157
COL1A2,KRAS only,2.687528610229492
COL1A2,KRAS only,2.608757495880127
COL1A2,KRAS only,0.0
COL1A2,KRAS only,2.474093198776245
COL1A2,KRAS only,2.1483781337738037
COL1A2,KRAS only,2.5552093982696533
COL1A2,KRAS only,2.7787766456604004
COL1A2,KRAS only,3.1567742824554443
COL1A2,KRAS only,2.674008846282959
COL1A2,KRAS only,0.0
COL1A2,KRAS only,2.2317140102386475
COL1A2,KRAS only,2.6456639766693115
COL1A2,KRAS only,2.6240394115448
COL1A2,KRAS only,2.211257219314575
COL1A2,KRAS only,2.8841211795806885
COL1A2,KRAS only,1.6627634763717651
COL1A2,KRAS only,2.877044200897217
COL1A2,KRAS only,2.2725517749786377
COL1A2,KRAS only,2.3627429008483887
COL1A2,KRAS only,2.5160889625549316
COL1A2,KRAS only,2.4950451850891113
COL1A2,KRAS only,3.0443108081817627
COL1A2,KRAS only,2.633254289627075
COL1A2,KRAS only,2.109018087387085
COL1A2,KRAS only,3.193641424179077
COL1A2,KRAS only,2.293745994567871
COL1A2,KRAS only,2.3955843448638916
COL1A2,KRAS only,0.0
COL1A2,KRAS only,2.362018585205078
COL1A2,KRAS only,2.1412618160247803
COL1A2,KRAS only,2.134519338607788
COL1A2,KRAS only,2.6141414642333984
COL1A2,KRAS only,0.0
COL1A2,KRAS only,2.6307616233825684
COL1A2,KRAS only,2.341517925262451
COL1A2,KRAS only,2.803165912628174
COL1A2,KRAS only,2.722066879272461
COL1A2,KRAS only,0.0
COL1A2,KRAS only,2.4978604316711426
COL1A2,KRAS only,2.596834182739258
COL1A2,KRAS only,2.4926223754882812
COL1A2,KRAS only,3.4791431427001953
COL1A2,KRAS only,2.6626341342926025
COL1A2,KRAS only,2.589134454727173
COL1A2,KRAS only,2.0981240272521973
COL1A2,KRAS only,2.575291156768799
COL1A2,KRAS only,2.5676729679107666
COL1A2,KRAS only,3.0486230850219727
COL1A2,KRAS only,3.3731343746185303
COL1A2,KRAS only,2.5386054515838623
COL1A2,KRAS only,0.0
COL1A2,KRAS only,2.8569884300231934
COL1A2,KRAS only,2.721501111984253
COL1A2,KRAS only,2.177699565887451
COL1A2,KRAS only,2.116652011871338
COL1A2,KRAS only,1.2810618877410889
COL1A2,KRAS only,2.804088592529297
COL1A2,KRAS only,2.289447784423828
COL1A2,KRAS only,2.2652599811553955
COL1A2,KRAS only,2.5819482803344727
COL1A2,KRAS only,2.5512495040893555
COL1A2,KRAS only,2.5135369300842285
COL1A2,KRAS only,2.4931349754333496
COL1A2,KRAS only,1.5417882204055786
COL1A2,KRAS only,2.6008176803588867
COL1A2,KRAS only,2.5640313625335693
COL1A2,KRAS only,2.248957395553589
COL1A2,KRAS only,2.501844882965088
COL1A2,KRAS only,2.4870221614837646
COL1A2,KRAS only,2.585315227508545
COL1A2,KRAS only,2.4535303115844727
COL1A2,KRAS only,3.085399627685547
COL1A2,KRAS only,2.5898830890655518
COL1A2,KRAS only,2.0956661701202393
COL1A2,KRAS only,2.527127981185913
COL1A2,KRAS only,2.3604719638824463
COL1A2,KRAS only,1.9580711126327515
COL1A2,KRAS only,3.0448060035705566
COL1A2,KRAS only,2.264698028564453
COL1A2,KRAS only,2.45613169670105
COL1A2,KRAS only,2.718794345855713
COL1A2,KRAS only,2.731541395187378
COL1A2,KRAS only,2.730139970779419
COL1A2,KRAS only,2.1470420360565186
COL1A2,KRAS only,2.581880569458008
COL1A2,KRAS only,2.1588659286499023
COL1A2,KRAS only,2.3406472206115723
COL1A2,KRAS only,1.9563390016555786
COL1A2,KRAS only,2.421025037765503
COL1A2,KRAS only,2.269286870956421
COL1A2,KRAS only,2.3983194828033447
COL1A2,KRAS only,2.7464590072631836
COL1A2,KRAS only,2.729567289352417
COL1A2,KRAS only,2.8764805793762207
COL1A2,KRAS only,2.447038173675537
COL1A2,KRAS only,2.4110147953033447
COL1A2,KRAS only,2.609189748764038
COL1A2,KRAS only,2.6909563541412354
COL1A2,KRAS only,2.450085401535034
COL1A2,KRAS only,2.5067787170410156
COL1A2,KRAS only,2.6986141204833984
COL1A2,KRAS only,2.0237293243408203
COL1A2,KRAS only,2.7705187797546387
COL1A2,KRAS only,2.461682081222534
COL1A2,KRAS only,2.743281364440918
COL1A2,KRAS only,2.214958667755127
COL1A2,KRAS only,2.818422317504883
COL1A2,KRAS only,2.761888027191162
COL1A2,KRAS only,2.5740015506744385
COL1A2,KRAS only,2.3425557613372803
COL1A2,KRAS only,2.7581920623779297
COL1A2,KRAS only,2.580617904663086
COL1A2,KRAS only,2.4379093647003174
COL1A2,KRAS only,2.4535727500915527
COL1A2,KRAS only,2.4224119186401367
COL1A2,KRAS only,2.4269051551818848
COL1A2,KRAS only,2.656806230545044
COL1A2,KRAS only,2.158416271209717
COL1A2,KRAS only,3.032766819000244
COL1A2,KRAS only,2.6698925495147705
COL1A2,KRAS only,2.80435848236084
COL1A2,KRAS only,1.5964528322219849
COL1A2,KRAS only,2.6622846126556396
COL1A2,KRAS only,2.4271044731140137
COL1A2,KRAS only,1.9204646348953247
COL1A2,KRAS only,2.3272016048431396
COL1A2,KRAS only,2.229234218597412
COL1A2,KRAS only,2.6966099739074707
COL1A2,KRAS only,2.699880838394165
COL1A2,KRAS only,1.763168215751648
COL1A2,KRAS only,2.2707157135009766
COL1A2,KRAS only,2.371340751647949
COL1A2,KRAS only,2.668670177459717
COL1A2,KRAS only,2.0553910732269287
COL1A2,KRAS only,2.6886072158813477
COL1A2,KRAS only,2.1150717735290527
COL1A2,KRAS only,2.055431365966797
COL1A2,KRAS only,2.616544246673584
COL1A2,KRAS only,2.622612476348877
COL1A2,KRAS only,2.7252399921417236
COL1A2,KRAS only,2.529996633529663
COL1A2,KRAS only,3.257087230682373
COL1A2,KRAS only,2.4166550636291504
COL1A2,KRAS only,2.3066489696502686
COL1A2,KRAS only,0.0
COL1A2,KRAS only,2.2562789916992188
COL1A2,KRAS only,3.2636542320251465
COL1A2,KRAS only,2.954850435256958
COL1A2,KRAS only,2.5383307933807373
COL1A2,KRAS only,2.83483624458313
COL1A2,KRAS only,2.3007118701934814
COL1A2,KRAS only,2.159949541091919
COL1A2,KRAS only,2.5865604877471924
COL1A2,KRAS only,2.387432336807251
COL1A2,KRAS only,2.428302764892578
COL1A2,KRAS only,0.0
COL1A2,KRAS only,2.7913849353790283
COL1A2,KRAS only,0.0
COL1A2,KRAS only,2.2459592819213867
COL1A2,KRAS only,2.423584461212158
COL1A2,KRAS only,2.153935194015503
COL1A2,KRAS only,2.5806350708007812
COL1A2,KRAS only,2.241969585418701
COL1A2,KRAS only,2.394667625427246
COL1A2,KRAS only,2.7796719074249268
COL1A2,KRAS only,2.8087515830993652
COL1A2,KRAS only,2.519333839416504
COL1A2,KRAS only,2.4285166263580322
COL1A2,KRAS only,2.521120071411133
COL1A2,KRAS only,2.4612536430358887
COL1A2,KRAS only,2.9176836013793945
COL1A2,KRAS only,2.7534046173095703
COL1A2,KRAS only,3.3770060539245605
COL1A2,KRAS only,0.0
COL1A2,KRAS only,2.8923449516296387
COL1A2,KRAS only,2.61940860748291
COL1A2,KRAS only,2.552168369293213
COL1A2,KRAS only,2.4878878593444824
COL1A2,KRAS only,2.041062116622925
COL1A2,KRAS only,2.5549538135528564
COL1A2,KRAS only,2.8804519176483154
COL1A2,KRAS only,2.4718334674835205
COL1A2,KRAS only,2.170902967453003
COL1A2,KRAS only,2.7500085830688477
COL1A2,KRAS only,2.5575687885284424
COL1A2,KRAS only,2.7363014221191406
COL1A2,KRAS only,0.0
COL1A2,KRAS only,3.3460075855255127
COL1A2,KRAS only,2.7648279666900635
COL1A2,KRAS only,2.6378226280212402
COL1A2,KRAS only,2.9111316204071045
COL1A2,KRAS only,2.363691568374634
COL1A2,KRAS only,2.6118884086608887
COL1A2,KRAS only,1.8297226428985596
COL1A2,KRAS only,0.0
COL1A2,KRAS only,0.0
COL1A2,KRAS only,3.1310629844665527
COL1A2,KRAS only,2.4983153343200684
COL1A2,KRAS only,2.499389886856079
COL1A2,KRAS only,2.3765981197357178
COL1A2,KRAS only,2.5094668865203857
COL1A2,KRAS only,2.72878098487854
COL1A2,KRAS only,2.8405213356018066
COL1A2,KRAS only,2.6361005306243896
COL1A2,KRAS only,2.5567033290863037
COL1A2,KRAS only,2.28877854347229
COL1A2,KRAS only,1.9697250127792358
COL1A2,KRAS only,2.770746946334839
COL1A2,KRAS only,2.41849684715271
COL1A2,KRAS only,2.5388741493225098
COL1A2,KRAS only,2.626312255859375
COL1A2,KRAS only,2.7159087657928467
COL1A2,KRAS only,2.5173885822296143
COL1A2,KRAS only,2.996797800064087
COL1A2,KRAS only,1.4658740758895874
COL1A2,KRAS only,3.15232253074646
COL1A2,KRAS only,2.7579002380371094
COL1A2,KRAS only,2.290175437927246
COL1A2,KRAS only,2.232518434524536
COL1A2,KRAS only,2.448519706726074
COL1A2,KRAS only,2.238060474395752
COL1A2,KRAS only,0.0
COL1A2,KRAS only,2.1591975688934326
COL1A2,KRAS only,2.5061020851135254
COL1A2,KRAS only,2.3655779361724854
COL1A2,KRAS only,2.4595437049865723
COL1A2,KRAS only,2.2303428649902344
COL1A2,KRAS only,2.7712254524230957
COL1A2,KRAS only,2.1646995544433594
COL1A2,KRAS only,2.8331382274627686
COL1A2,KRAS only,2.7079339027404785
COL1A2,KRAS only,2.3699021339416504
COL1A2,KRAS only,2.5790212154388428
COL1A2,KRAS only,2.4319934844970703
COL1A2,KRAS only,2.1044116020202637
COL1A2,KRAS only,2.2740728855133057
COL1A2,KRAS only,2.9104106426239014
COL1A2,KRAS only,2.3412880897521973
COL1A2,KRAS only,2.8250977993011475
COL1A2,KRAS only,2.4502909183502197
COL1A2,KRAS only,2.613377094268799
COL1A2,KRAS only,2.880767822265625
COL1A2,KRAS only,0.0
COL1A2,KRAS only,2.611006021499634
COL1A2,KRAS only,2.5512194633483887
COL1A2,KRAS only,0.0
COL1A2,KRAS only,2.6374289989471436
COL1A2,KRAS only,2.2627949714660645
COL1A2,KRAS only,2.0456807613372803
COL1A2,KRAS only,2.3591718673706055
COL1A2,KRAS only,2.6245977878570557
COL1A2,KRAS only,2.487152099609375
COL1A2,KRAS only,2.4196066856384277
COL1A2,KRAS only,2.5499377250671387
COL1A2,KRAS only,0.0
COL1A2,KRAS only,2.9229025840759277
COL1A2,KRAS only,2.60678768157959
COL1A2,KRAS only,0.0
COL1A2,KRAS only,2.797088623046875
COL1A2,KRAS only,1.9054691791534424
COL1A2,KRAS only,2.8061363697052
COL1A2,KRAS only,0.0
COL1A2,KRAS only,0.0
COL1A2,KRAS only,2.1704039573669434
COL1A2,KRAS only,2.3760745525360107
COL1A2,KRAS only,2.616189479827881
COL1A2,KRAS only,3.047578811645508
COL1A2,KRAS only,2.8337857723236084
COL1A2,KRAS only,2.4459729194641113
COL1A2,KRAS only,2.6586854457855225
COL1A2,KRAS only,2.2453548908233643
COL1A2,KRAS only,2.4385905265808105
COL1A2,KRAS only,0.0
COL1A2,KRAS only,2.477053642272949
COL1A2,KRAS only,2.3069558143615723
COL1A2,KRAS only,2.2464799880981445
COL1A2,KRAS only,2.680842638015747
COL1A2,KRAS only,2.3819167613983154
COL1A2,KRAS only,2.460386276245117
COL1A2,KRAS only,2.5055408477783203
COL1A2,KRAS only,2.5503623485565186
COL1A2,KRAS only,2.5922417640686035
COL1A2,KRAS only,2.7411489486694336
COL1A2,KRAS only,2.2957422733306885
COL1A2,KRAS only,2.5084657669067383
COL1A2,KRAS only,2.3475446701049805
COL1A2,KRAS only,2.7188427448272705
COL1A2,KRAS only,2.5441434383392334
COL1A2,KRAS only,2.3330345153808594
COL1A2,KRAS only,2.106145143508911
COL1A2,KRAS only,2.35512113571167
COL1A2,KRAS only,2.4581551551818848
COL1A2,KRAS only,2.538055896759033
COL1A2,KRAS only,2.691601037979126
COL1A2,KRAS only,2.436945676803589
COL1A2,KRAS only,2.669797420501709
COL1A2,KRAS only,2.5257468223571777
COL1A2,KRAS only,2.857292413711548
COL1A2,KRAS only,2.221022129058838
COL1A2,KRAS only,2.613494396209717
COL1A2,KRAS only,2.344280242919922
COL1A2,KRAS only,2.7896037101745605
COL1A2,KRAS only,2.9670681953430176
COL1A2,KRAS only,2.6955463886260986
COL1A2,KRAS only,2.6179864406585693
COL1A2,KRAS only,2.23979115486145
COL1A2,KRAS only,3.0368664264678955
COL1A2,KRAS only,3.005297899246216
COL1A2,KRAS only,2.316506862640381
COL1A2,KRAS only,3.014380931854248
COL1A2,KRAS only,2.6148178577423096
COL1A2,KRAS only,2.187476396560669
COL1A2,KRAS only,2.806161403656006
COL1A2,KRAS only,0.0
COL1A2,KRAS only,0.0
COL1A2,KRAS only,2.6370837688446045
COL1A2,KRAS only,2.538891553878784
COL1A2,KRAS only,0.0
COL1A2,KRAS only,2.463611125946045
COL1A2,KRAS only,2.5586838722229004
COL1A2,KRAS only,2.753662109375
COL1A2,KRAS only,2.347865104675293
COL1A2,KRAS only,2.7375388145446777
COL1A2,KRAS only,2.337280511856079
COL1A2,KRAS only,2.8390798568725586
COL1A2,KRAS only,2.5798633098602295
COL1A2,KRAS only,2.863945245742798
COL1A2,KRAS only,2.646270990371704
COL1A2,KRAS only,1.467881679534912
COL1A2,KRAS only,2.498764991760254
COL1A2,KRAS only,0.0
COL1A2,KRAS only,0.0
COL1A2,KRAS only,2.1571128368377686
COL1A2,KRAS only,2.6528663635253906
COL1A2,KRAS only,2.5669939517974854
COL1A2,KRAS only,2.4101357460021973
COL1A2,KRAS only,2.6431944370269775
COL1A2,KRAS only,2.6109378337860107
COL1A2,KRAS only,2.3641879558563232
COL1A2,KRAS only,3.0445516109466553
COL1A2,KRAS only,2.325547933578491
COL1A2,KRAS only,1.5384013652801514
COL1A2,KRAS only,2.6147398948669434
COL1A2,KRAS only,0.0
COL1A2,KRAS only,2.0453684329986572
COL1A2,KRAS only,2.71047306060791
COL1A2,KRAS only,2.1431233882904053
COL1A2,KRAS only,2.287266254425049
COL1A2,KRAS only,2.7284157276153564
COL1A2,KRAS only,2.6337053775787354
COL1A2,KRAS only,2.0158486366271973
COL1A2,KRAS only,3.030543327331543
COL1A2,KRAS only,3.3593850135803223
COL1A2,KRAS only,2.935548782348633
COL1A2,KRAS only,0.0
COL1A2,KRAS only,2.4888710975646973
COL1A2,KRAS only,2.593111753463745
COL1A2,KRAS only,2.9294142723083496
COL1A2,KRAS only,2.678208589553833
COL1A2,KRAS only,0.0
COL1A2,KRAS only,2.743825912475586
COL1A2,KRAS only,2.1881422996520996
COL1A2,KRAS only,2.6524548530578613
COL1A2,KRAS only,2.2549479007720947
COL1A2,KRAS only,2.58414626121521
COL1A2,KRAS only,0.0
COL1A2,KRAS only,2.30487060546875
COL1A2,KRAS only,2.395057201385498
COL1A2,KRAS only,3.032069683074951
COL1A2,KRAS only,2.0761730670928955
COL1A2,KRAS only,2.40383243560791
COL1A2,KRAS only,2.336911201477051
COL1A2,KRAS only,2.798222780227661
COL1A2,KRAS only,2.358870506286621
COL1A2,KRAS only,1.3084930181503296
COL1A2,KRAS only,2.8318216800689697
COL1A2,KRAS only,2.8442018032073975
COL1A2,KRAS only,2.6259777545928955
COL1A2,KRAS only,2.620837450027466
COL1A2,KRAS only,2.308762311935425
COL1A2,KRAS only,2.198728561401367
COL1A2,KRAS only,2.6641621589660645
COL1A2,KRAS only,2.3410685062408447
COL1A2,KRAS only,2.337045192718506
COL1A2,KRAS only,2.4562430381774902
COL1A2,KRAS only,2.092461585998535
COL1A2,KRAS only,2.7370426654815674
COL1A2,KRAS only,2.6138694286346436
COL1A2,KRAS only,2.785207986831665
COL1A2,KRAS only,2.3937430381774902
COL1A2,KRAS only,0.0
COL1A2,KRAS only,2.316931962966919
COL1A2,KRAS only,2.483506679534912
COL1A2,KRAS only,1.551906943321228
COL1A2,KRAS only,2.4533402919769287
COL1A2,KRAS only,0.0
COL1A2,KRAS only,0.0
COL1A2,KRAS only,3.069371223449707
COL1A2,KRAS only,2.7553210258483887
COL1A2,KRAS only,2.5539934635162354
COL1A2,KRAS only,1.9123053550720215
COL1A2,KRAS only,2.9137537479400635
COL1A2,KRAS only,2.677941083908081
COL1A2,KRAS only,2.5294060707092285
COL1A2,KRAS only,2.116107940673828
COL1A2,KRAS only,2.4480414390563965
COL1A2,KRAS only,2.5877134799957275
COL1A2,KRAS only,3.026545286178589
COL1A2,KRAS only,2.4405312538146973
COL1A2,KRAS only,2.743940591812134
COL1A2,KRAS only,2.7094647884368896
COL1A2,KRAS only,2.1329638957977295
COL1A2,KRAS only,2.445549488067627
COL1A2,KRAS only,2.5903658866882324
COL1A2,KRAS only,0.0
COL1A2,KRAS only,2.7765893936157227
COL1A2,KRAS only,3.1153316497802734
COL1A2,KRAS only,3.1339762210845947
COL1A2,KRAS only,2.356250047683716
COL1A2,KRAS only,2.0991175174713135
COL1A2,KRAS only,2.6434926986694336
COL1A2,KRAS only,2.7873640060424805
COL1A2,KRAS only,2.6819939613342285
COL1A2,KRAS only,2.903296947479248
COL1A2,KRAS only,2.708069324493408
COL1A2,KRAS only,3.1462182998657227
COL1A2,KRAS only,2.616250991821289
COL1A2,KRAS only,2.063215732574463
COL1A2,KRAS only,2.695164203643799
COL1A2,KRAS only,2.586869239807129
COL1A2,KRAS only,2.513761281967163
COL1A2,KRAS only,0.0
COL1A2,KRAS only,2.6625611782073975
COL1A2,KRAS only,2.8489551544189453
COL1A2,KRAS only,2.5979771614074707
COL1A2,KRAS only,0.0
COL1A2,KRAS only,2.716006278991699
COL1A2,KRAS only,2.3811357021331787
COL1A2,KRAS only,2.5166969299316406
COL1A2,KRAS only,2.4788804054260254
COL1A2,KRAS only,2.2314064502716064
COL1A2,KRAS only,2.5969653129577637
COL1A2,KRAS only,2.820875406265259
COL1A2,KRAS only,2.4123477935791016
COL1A2,KRAS only,0.0
COL1A2,KRAS only,2.730262517929077
COL1A2,KRAS only,2.418813467025757
COL1A2,KRAS only,2.947061538696289
COL1A2,KRAS only,0.0
COL1A2,KRAS only,2.1876304149627686
COL1A2,KRAS only,2.497584342956543
COL1A2,KRAS only,0.0
COL1A2,KRAS only,2.6614744663238525
COL1A2,KRAS only,0.0
COL1A2,KRAS only,2.6538500785827637
COL1A2,KRAS only,2.492577075958252
COL1A2,KRAS only,0.0
COL1A2,KRAS only,2.5357425212860107
COL1A2,KRAS only,2.545774459838867
COL1A2,KRAS only,2.0474891662597656
COL1A2,KRAS only,2.54598331451416
COL1A2,KRAS only,2.2038021087646484
COL1A2,KRAS only,2.5580954551696777
COL1A2,KRAS only,2.238553047180176
COL1A2,KRAS only,2.0035605430603027
COL1A2,KRAS only,2.705659866333008
COL1A2,KRAS only,2.5286996364593506
COL1A2,KRAS only,3.3406941890716553
COL1A2,KRAS only,2.0022618770599365
COL1A2,KRAS only,2.9496347904205322
COL1A2,KRAS only,2.4827616214752197
COL1A2,KRAS only,2.1624109745025635
COL1A2,KRAS only,2.5874123573303223
COL1A2,KRAS only,2.6756856441497803
COL1A2,KRAS only,2.763009548187256
COL1A2,KRAS only,2.2112255096435547
COL1A2,KRAS only,2.5569894313812256
COL1A2,KRAS only,2.67185378074646
COL1A2,KRAS only,2.50390625
COL1A2,KRAS only,2.4466843605041504
COL1A2,KRAS only,2.524505615234375
COL1A2,KRAS only,2.1585094928741455
COL1A2,KRAS only,2.1194875240325928
COL1A2,KRAS only,2.011474847793579
COL1A2,KRAS only,2.3665826320648193
COL1A2,KRAS only,2.4578685760498047
COL1A2,KRAS only,2.5304930210113525
COL1A2,KRAS only,3.054347515106201
COL1A2,KRAS only,2.991971492767334
COL1A2,KRAS only,2.876762628555298
COL1A2,KRAS only,2.820387840270996
COL1A2,KRAS only,0.0
COL1A2,KRAS only,2.599787473678589
COL1A2,KRAS only,1.778472661972046
COL1A2,KRAS only,2.5157721042633057
COL1A2,KRAS only,2.6248035430908203
COL1A2,KRAS only,2.3335494995117188
COL1A2,KRAS only,1.7601137161254883
COL1A2,KRAS only,3.173593044281006
COL1A2,KRAS only,1.827649712562561
COL1A2,KRAS only,0.0
COL1A2,KRAS only,2.7183244228363037
COL1A2,KRAS only,2.9371180534362793
COL1A2,KRAS only,2.678328514099121
COL1A2,KRAS only,3.0840938091278076
COL1A2,KRAS only,2.7592079639434814
COL1A2,KRAS only,2.430668830871582
COL1A2,KRAS only,2.7870593070983887
COL1A2,KRAS only,2.0950872898101807
COL1A2,KRAS only,1.9310142993927002
COL1A2,KRAS only,2.528507947921753
COL1A2,KRAS only,2.271435022354126
COL1A2,KRAS only,2.9755616188049316
COL1A2,KRAS only,0.0
COL1A2,KRAS only,3.0089943408966064
COL1A2,KRAS only,2.2306673526763916
COL1A2,KRAS only,2.570150375366211
COL1A2,KRAS only,2.2208359241485596
COL1A2,KRAS only,2.952263832092285
COL1A2,KRAS only,2.896697998046875
COL1A2,KRAS only,2.435215473175049
COL1A2,KRAS only,2.4449551105499268
COL1A2,KRAS only,2.305388927459717
COL1A2,KRAS only,2.695720672607422
COL1A2,KRAS only,2.3981473445892334
COL1A2,KRAS only,2.451319694519043
COL1A2,KRAS only,2.1888480186462402
COL1A2,KRAS only,2.5420236587524414
COL1A2,KRAS only,2.5055735111236572
COL1A2,KRAS only,2.401190996170044
COL1A2,KRAS only,2.633108615875244
COL1A2,KRAS only,2.457183837890625
COL1A2,KRAS only,2.5678517818450928
COL1A2,KRAS only,1.914008378982544
COL1A2,KRAS only,2.6908771991729736
COL1A2,KRAS only,3.0198800563812256
COL1A2,KRAS only,2.757096290588379
COL1A2,KRAS only,2.1519834995269775
COL1A2,KRAS only,0.0
COL1A2,KRAS only,2.2152819633483887
COL1A2,KRAS only,2.3752317428588867
COL1A2,KRAS only,2.526634693145752
COL1A2,KRAS only,2.5174436569213867
COL1A2,KRAS only,2.561260461807251
COL1A2,KRAS only,2.4258456230163574
COL1A2,KRAS only,3.09536075592041
COL1A2,KRAS only,2.3201794624328613
COL1A2,KRAS only,0.0
COL1A2,KRAS only,1.3439662456512451
COL1A2,KRAS only,3.061072587966919
COL1A2,KRAS only,2.3835999965667725
COL1A2,KRAS only,1.8868006467819214
COL1A2,KRAS only,2.705350875854492
COL1A2,KRAS only,3.134369134902954
COL1A2,KRAS only,2.4832682609558105
COL1A2,KRAS only,2.66697359085083
COL1A2,KRAS only,2.627213478088379
COL1A2,KRAS only,2.2927870750427246
COL1A2,KRAS only,2.0758440494537354
COL1A2,KRAS only,2.618706464767456
COL1A2,KRAS only,1.8997020721435547
COL1A2,KRAS only,2.0645298957824707
COL1A2,KRAS only,2.403160810470581
COL1A2,KRAS only,2.157487392425537
COL1A2,KRAS only,2.9495275020599365
COL1A2,KRAS only,2.8581185340881348
COL1A2,KRAS only,2.4621973037719727
COL1A2,KRAS only,2.7887725830078125
COL1A2,KRAS only,2.3719606399536133
COL1A2,KRAS only,3.2890031337738037
COL1A2,KRAS only,2.818995952606201
COL1A2,KRAS only,2.5253520011901855
COL1A2,KRAS only,2.6502721309661865
COL1A2,KRAS only,2.3748209476470947
COL1A2,KRAS only,2.5599234104156494
COL1A2,KRAS only,2.4688217639923096
COL1A2,KRAS only,2.7026712894439697
COL1A2,KRAS only,2.7701821327209473
COL1A2,KRAS only,2.4714972972869873
COL1A2,KRAS only,2.690958023071289
COL1A2,KRAS only,2.542140245437622
COL1A2,KRAS only,2.7594196796417236
COL1A2,KRAS only,2.391631603240967
COL1A2,KRAS only,1.729896068572998
COL1A2,KRAS only,2.2181854248046875
COL1A2,KRAS only,0.0
COL1A2,KRAS only,2.4902312755584717
COL1A2,KRAS only,2.3157005310058594
COL1A2,KRAS only,2.859602451324463
COL1A2,KRAS only,2.349114418029785
COL1A2,KRAS only,2.550381898880005
COL1A2,KRAS only,2.7167558670043945
COL1A2,KRAS only,2.4863834381103516
COL1A2,KRAS only,0.0
COL1A2,KRAS only,2.538743019104004
COL1A2,KRAS only,2.6939408779144287
COL1A2,KRAS only,0.0
COL1A2,KRAS only,2.2279345989227295
COL1A2,KRAS only,0.0
COL1A2,KRAS only,0.0
COL1A2,KRAS only,2.784440040588379
COL1A2,KRAS only,1.957737922668457
COL1A2,KRAS only,2.340911626815796
COL1A2,KRAS only,2.3023157119750977
COL1A2,KRAS only,2.7522337436676025
COL1A2,KRAS only,2.639843463897705
COL1A2,KRAS only,2.5303266048431396
COL1A2,KRAS only,2.068173885345459
COL1A2,KRAS only,2.8325531482696533
COL1A2,KRAS only,2.4035308361053467
COL1A2,KRAS only,2.5810976028442383
COL1A2,KRAS only,2.5730478763580322
COL1A2,KRAS only,2.651704788208008
COL1A2,KRAS only,2.4978137016296387
COL1A2,KRAS only,2.834857225418091
COL1A2,KRAS only,0.0
COL1A2,KRAS only,2.1262075901031494
COL1A2,KRAS only,2.3723599910736084
COL1A2,KRAS only,2.2801949977874756
COL1A2,KRAS only,2.8426706790924072
COL1A2,KRAS only,1.4439400434494019
COL1A2,KRAS only,1.4050047397613525
COL1A2,KRAS only,2.64695143699646
COL1A2,KRAS only,2.908085346221924
COL1A2,KRAS only,2.595533847808838
COL1A2,KRAS only,2.87158203125
COL1A2,KRAS only,1.7103407382965088
COL1A2,KRAS only,2.627248525619507
COL1A2,KRAS only,2.6696219444274902
COL1A2,KRAS only,2.4816627502441406
COL1A2,KRAS only,2.0389816761016846
COL1A2,KRAS only,2.682511806488037
COL1A2,KRAS only,0.0
COL1A2,KRAS only,2.896174430847168
COL1A2,KRAS only,0.0
COL1A2,KRAS only,2.4666645526885986
COL1A2,KRAS only,0.0
COL1A2,KRAS only,3.39070463180542
COL1A2,KRAS only,2.1458959579467773
COL1A2,KRAS only,0.0
COL1A2,KRAS only,2.247664451599121
COL1A2,KRAS only,2.4798762798309326
COL1A2,KRAS only,2.1029179096221924
COL1A2,KRAS only,1.8473140001296997
COL1A2,KRAS only,2.2025296688079834
COL1A2,KRAS only,0.0
COL1A2,KRAS only,2.5970585346221924
COL1A2,KRAS only,2.315523862838745
COL1A2,KRAS only,2.27630615234375
COL1A2,KRAS only,2.7057693004608154
COL1A2,KRAS only,2.1917855739593506
COL1A2,KRAS only,2.767690896987915
COL1A2,KRAS only,3.059884786605835
COL1A2,KRAS only,2.797279119491577
COL1A2,KRAS only,0.0
COL1A2,KRAS only,2.2417027950286865
COL1A2,KRAS only,2.745565414428711
COL1A2,KRAS only,2.446593761444092
COL1A2,KRAS only,2.5903286933898926
COL1A2,KRAS only,2.157892942428589
COL1A2,KRAS only,2.445955753326416
COL1A2,KRAS only,2.386021852493286
COL1A2,KRAS only,2.923992395401001
COL1A2,KRAS only,2.6331613063812256
COL1A2,KRAS only,2.28175950050354
COL1A2,KRAS only,2.812335252761841
COL1A2,KRAS only,2.4169833660125732
COL1A2,KRAS only,2.6278162002563477
COL1A2,KRAS only,1.9062111377716064
COL1A2,KRAS only,2.9341320991516113
COL1A2,KRAS only,2.7353999614715576
COL1A2,KRAS only,0.0
COL1A2,KRAS only,2.2622551918029785
COL1A2,KRAS only,2.1732282638549805
COL1A2,KRAS only,2.4505491256713867
COL1A2,KRAS only,2.4302315711975098
COL1A2,KRAS only,2.709026575088501
COL1A2,KRAS only,2.554389238357544
COL1A2,KRAS only,2.6497559547424316
COL1A2,KRAS only,1.8084664344787598
COL1A2,KRAS only,2.363459825515747
COL1A2,KRAS only,2.7831876277923584
COL1A2,KRAS only,2.796034336090088
COL1A2,KRAS only,0.0
COL1A2,KRAS only,3.033111095428467
COL1A2,KRAS only,1.7435132265090942
COL1A2,KRAS only,2.196437120437622
COL1A2,KRAS only,2.744565963745117
COL1A2,KRAS only,0.0
COL1A2,KRAS only,2.614011287689209
COL1A2,KRAS only,2.5652828216552734
COL1A2,KRAS only,0.0
COL1A2,KRAS only,2.1746225357055664
COL1A2,KRAS only,2.699035167694092
COL1A2,KRAS only,2.633662700653076
COL1A2,KRAS only,3.2033705711364746
COL1A2,KRAS only,3.0311427116394043
COL1A2,KRAS only,2.4028937816619873
COL1A2,KRAS only,2.7278878688812256
COL1A2,KRAS only,3.1831374168395996
COL1A2,KRAS only,0.0
COL1A2,KRAS only,2.349647045135498
COL1A2,KRAS only,2.6349294185638428
COL1A2,KRAS only,2.605607509613037
COL1A2,KRAS only,2.1901907920837402
COL1A2,KRAS only,2.1822285652160645
COL1A2,KRAS only,2.815544605255127
COL1A2,KRAS only,2.1966705322265625
COL1A2,KRAS only,2.6116762161254883
COL1A2,KRAS only,2.423772096633911
COL1A2,KRAS only,2.3879551887512207
COL1A2,KRAS only,2.404264450073242
COL1A2,KRAS only,2.385957717895508
COL1A2,KRAS only,2.4576478004455566
COL1A2,KRAS only,2.5441536903381348
COL1A2,KRAS only,2.5977253913879395
COL1A2,KRAS only,2.4189538955688477
COL1A2,KRAS only,2.709599256515503
COL1A2,KRAS only,1.9879742860794067
COL1A2,KRAS only,2.6425130367279053
COL1A2,KRAS only,2.985963821411133
COL1A2,KRAS only,2.7559075355529785
COL1A2,KRAS only,2.383282423019409
COL1A2,KRAS only,2.2678909301757812
COL1A2,KRAS only,3.200296640396118
COL1A2,KRAS only,0.0
COL1A2,KRAS only,2.4393515586853027
COL1A2,KRAS only,2.17356014251709
COL1A2,KRAS only,0.0
COL1A2,KRAS only,1.8431123495101929
COL1A2,KRAS only,2.5365371704101562
COL1A2,KRAS only,0.0
COL1A2,KRAS only,2.512289047241211
COL1A2,KRAS only,2.1844959259033203
COL1A2,KRAS only,2.6096384525299072
COL1A2,KRAS only,0.0
COL1A2,KRAS only,2.4614412784576416
COL1A2,KRAS only,3.1306517124176025
COL1A2,KRAS only,2.602926015853882
COL1A2,KRAS only,2.410740613937378
COL1A2,KRAS only,2.4296624660491943
COL1A2,KRAS only,2.104830503463745
COL1A2,KRAS only,2.8791189193725586
COL1A2,KRAS only,2.411543130874634
COL1A2,KRAS only,1.6358602046966553
COL1A2,KRAS only,2.9283227920532227
COL1A2,KRAS only,2.6617226600646973
COL1A2,KRAS only,1.951163649559021
COL1A2,KRAS only,2.1881611347198486
COL1A2,KRAS only,2.1259281635284424
COL1A2,KRAS only,2.622530937194824
COL1A2,KRAS only,2.7400269508361816
COL1A2,KRAS only,0.0
COL1A2,KRAS only,2.669858932495117
COL1A2,KRAS only,2.509073495864868
COL1A2,KRAS only,2.415278434753418
COL1A2,KRAS only,2.1580135822296143
COL1A2,KRAS only,2.5232973098754883
COL1A2,KRAS only,2.4397497177124023
COL1A2,KRAS only,2.288038730621338
COL1A2,KRAS only,3.175156831741333
COL1A2,KRAS only,2.415804147720337
COL1A2,KRAS only,2.418097496032715
COL1A2,KRAS only,0.0
COL1A2,KRAS only,2.6046526432037354
COL1A2,KRAS only,2.5933382511138916
COL1A2,KRAS only,2.198809862136841
COL1A2,KRAS only,2.414588451385498
COL1A2,KRAS only,1.4140862226486206
COL1A2,KRAS only,2.5730056762695312
COL1A2,KRAS only,2.297943353652954
COL1A2,KRAS only,2.6366240978240967
COL1A2,KRAS only,2.415997266769409
COL1A2,KRAS only,2.4438743591308594
COL1A2,KRAS only,2.583472490310669
COL1A2,KRAS only,2.7966763973236084
COL1A2,KRAS only,2.938728094100952
COL1A2,KRAS only,1.951025128364563
COL1A2,KRAS only,2.225843906402588
COL1A2,KRAS only,1.8319180011749268
COL1A2,KRAS only,2.37056565284729
COL1A2,KRAS only,0.0
COL1A2,KRAS only,2.5939178466796875
COL1A2,KRAS only,2.350362777709961
COL1A2,KRAS only,2.399212598800659
COL1A2,KRAS only,2.5827431678771973
COL1A2,KRAS only,2.156381607055664
COL1A2,KRAS only,2.3845529556274414
COL1A2,KRAS only,2.601641893386841
COL1A2,KRAS only,3.551723003387451
COL1A2,KRAS only,2.1245388984680176
COL1A2,KRAS only,2.511247396469116
COL1A2,KRAS only,2.2705368995666504
COL1A2,KRAS only,2.6617088317871094
COL1A2,KRAS only,2.501433849334717
COL1A2,KRAS only,2.6947109699249268
COL1A2,KRAS only,2.490121603012085
COL1A2,KRAS only,1.9473321437835693
COL1A2,KRAS only,2.3387866020202637
COL1A2,KRAS only,2.337164878845215
COL1A2,KRAS only,2.0674664974212646
COL1A2,KRAS only,2.722041606903076
COL1A2,KRAS only,2.5043845176696777
COL1A2,KRAS only,2.561776876449585
COL1A2,KRAS only,2.6712234020233154
COL1A2,KRAS only,2.9719364643096924
COL1A2,KRAS only,2.5245578289031982
COL1A2,KRAS only,2.600050926208496
COL1A2,KRAS only,2.081167459487915
COL1A2,KRAS only,2.2757339477539062
COL1A2,KRAS only,2.6916615962982178
COL1A2,KRAS only,2.3983404636383057
COL1A2,KRAS only,2.1816794872283936
COL1A2,KRAS only,2.4248545169830322
COL1A2,KRAS only,2.2228598594665527
COL1A2,KRAS only,2.7029194831848145
COL1A2,KRAS only,1.8245508670806885
COL1A2,KRAS only,2.720245122909546
COL1A2,KRAS only,0.0
COL1A2,KRAS only,2.8701229095458984
COL1A2,KRAS only,0.0
COL1A2,KRAS only,2.605734348297119
COL1A2,KRAS only,0.0
COL1A2,KRAS only,2.3082854747772217
COL1A2,KRAS only,2.4826407432556152
COL1A2,KRAS only,2.729264497756958
COL1A2,KRAS only,2.456557035446167
COL1A2,KRAS only,2.4168171882629395
COL1A2,KRAS only,2.114290475845337
COL1A2,KRAS only,2.5908381938934326
COL1A2,KRAS only,2.5589146614074707
COL1A2,KRAS only,2.481011390686035
COL1A2,KRAS only,2.5860137939453125
COL1A2,KRAS only,2.6089279651641846
COL1A2,KRAS only,2.3253531455993652
COL1A2,KRAS only,1.9444390535354614
COL1A2,KRAS only,2.5635831356048584
COL1A2,KRAS only,2.5523245334625244
COL1A2,KRAS only,2.3859848976135254
COL1A2,KRAS only,0.0
COL1A2,KRAS only,2.2151386737823486
COL1A2,KRAS only,2.498088836669922
COL1A2,KRAS only,2.601580858230591
COL1A2,KRAS only,2.645481824874878
COL1A2,KRAS only,0.0
COL1A2,KRAS only,1.8160210847854614
COL1A2,KRAS only,1.9760528802871704
COL1A2,KRAS only,3.4412341117858887
COL1A2,KRAS only,2.514657974243164
COL1A2,KRAS only,2.1038918495178223
COL1A2,KRAS only,2.1426448822021484
COL1A2,KRAS only,2.632079601287842
COL1A2,KRAS only,2.5025949478149414
COL1A2,KRAS only,0.0
COL1A2,KRAS only,0.0
COL1A2,KRAS only,2.6893723011016846
COL1A2,KRAS only,2.1528491973876953
COL1A2,KRAS only,0.0
COL1A2,KRAS only,2.6558682918548584
COL1A2,KRAS only,2.69509220123291
COL1A2,KRAS only,0.0
COL1A2,KRAS only,2.4913365840911865
COL1A2,KRAS only,2.3231191635131836
COL1A2,KRAS only,2.349740982055664
COL1A2,KRAS only,2.371262788772583
COL1A2,KRAS only,1.808245062828064
COL1A2,KRAS only,2.6169273853302
COL1A2,KRAS only,2.545278310775757
COL1A2,KRAS only,3.025747299194336
COL1A2,KRAS only,2.671740770339966
COL1A2,KRAS only,2.460106372833252
COL1A2,KRAS only,2.630185604095459
COL1A2,KRAS only,2.7106008529663086
COL1A2,KRAS only,2.8853421211242676
COL1A2,KRAS only,2.8500845432281494
COL1A2,KRAS only,2.4099035263061523
COL1A2,KRAS only,2.416741132736206
COL1A2,KRAS only,0.0
COL1A2,KRAS only,2.812731981277466
COL1A2,KRAS only,2.4777932167053223
COL1A2,KRAS only,0.0
COL1A2,KRAS only,2.419668674468994
COL1A2,KRAS only,2.8285064697265625
COL1A2,KRAS only,2.6542041301727295
COL1A2,KRAS only,2.671574592590332
COL1A2,KRAS only,0.0
COL1A2,KRAS only,2.5781352519989014
COL1A2,KRAS only,2.3854470252990723
COL1A2,KRAS only,2.5977377891540527
COL1A2,KRAS only,2.412590980529785
COL1A2,KRAS only,2.404886245727539
COL1A2,KRAS only,2.725431442260742
COL1A2,KRAS only,2.438352584838867
COL1A2,KRAS only,2.971829891204834
COL1A2,KRAS only,1.5934518575668335
COL1A2,KRAS only,2.4637155532836914
COL1A2,KRAS only,2.296250343322754
COL1A2,KRAS only,1.7852269411087036
COL1A2,KRAS only,2.509646415710449
COL1A2,KRAS only,2.5099000930786133
COL1A2,KRAS only,2.460359573364258
COL1A2,KRAS only,2.6593892574310303
COL1A2,KRAS only,2.794045925140381
COL1A2,KRAS only,2.433499813079834
COL1A2,KRAS only,2.8893067836761475
COL1A2,KRAS only,2.177060127258301
COL1A2,KRAS only,2.3994545936584473
COL1A2,KRAS only,2.6379783153533936
COL1A2,KRAS only,2.28324031829834
COL1A2,KRAS only,2.08369779586792
COL1A2,KRAS only,2.622803211212158
COL1A2,KRAS only,2.0128417015075684
COL1A2,KRAS only,2.678001880645752
COL1A2,KRAS only,2.9350640773773193
COL1A2,KRAS only,2.2373204231262207
COL1A2,KRAS only,2.6616148948669434
COL1A2,KRAS only,2.3946526050567627
COL1A2,KRAS only,2.512133836746216
COL1A2,KRAS only,2.241633892059326
COL1A2,KRAS only,3.196847915649414
COL1A2,KRAS only,2.894528388977051
COL1A2,KRAS only,2.6446588039398193
COL1A2,KRAS only,2.582319498062134
COL1A2,KRAS only,2.6337649822235107
COL1A2,KRAS only,2.6035711765289307
COL1A2,KRAS only,2.1387693881988525
COL1A2,KRAS only,2.768263101577759
COL1A2,KRAS only,2.779506206512451
COL1A2,KRAS only,2.709728717803955
COL1A2,KRAS only,2.0880651473999023
COL1A2,KRAS only,2.418945550918579
COL1A2,KRAS only,1.5514051914215088
COL1A2,KRAS only,2.1864118576049805
COL1A2,KRAS only,3.086801052093506
COL1A2,KRAS only,2.1428513526916504
COL1A2,KRAS only,2.5625720024108887
COL1A2,KRAS only,0.0
COL1A2,KRAS only,2.582324266433716
COL1A2,KRAS only,2.4409821033477783
COL1A2,KRAS only,2.471738338470459
COL1A2,KRAS only,2.4717493057250977
COL1A2,KRAS only,2.680945873260498
COL1A2,KRAS only,2.583003282546997
COL1A2,KRAS only,0.0
COL1A2,KRAS only,2.7403950691223145
COL1A2,KRAS only,2.396845579147339
COL1A2,KRAS only,2.352734327316284
COL1A2,KRAS only,2.597639560699463
COL1A2,KRAS only,2.544619560241699
COL1A2,KRAS only,1.9850624799728394
COL1A2,KRAS only,2.1326346397399902
COL1A2,KRAS only,2.467803955078125
COL1A2,KRAS only,1.9232606887817383
COL1A2,KRAS only,2.1031460762023926
COL1A2,KRAS only,2.6636483669281006
COL1A2,KRAS only,2.5020620822906494
COL1A2,KRAS only,2.723820209503174
COL1A2,KRAS only,2.546297073364258
COL1A2,KRAS only,2.966874122619629
COL1A2,KRAS only,2.403553009033203
COL1A2,KRAS only,0.0
COL1A2,KRAS only,2.873990535736084
COL1A2,KRAS only,2.2538528442382812
COL1A2,KRAS only,2.6223912239074707
COL1A2,KRAS only,2.7969062328338623
COL1A2,KRAS only,2.3032619953155518
COL1A2,KRAS only,2.645358085632324
COL1A2,KRAS only,3.086988925933838
COL1A2,KRAS only,2.4858198165893555
COL1A2,KRAS only,2.7955527305603027
COL1A2,KRAS only,2.619746446609497
COL1A2,KRAS only,2.7362494468688965
COL1A2,KRAS only,2.6569716930389404
COL1A2,KRAS only,2.5624852180480957
COL1A2,KRAS only,2.7243459224700928
COL1A2,KRAS only,2.546030044555664
COL1A2,KRAS only,2.660651922225952
COL1A2,KRAS only,2.030817985534668
COL1A2,KRAS only,2.3459627628326416
COL1A2,KRAS only,2.7732977867126465
COL1A2,KRAS only,2.544884443283081
COL1A2,KRAS only,2.8006887435913086
COL1A2,KRAS only,2.868680238723755
COL1A2,KRAS only,2.7025575637817383
COL1A2,KRAS only,2.8315911293029785
COL1A2,KRAS only,2.4679043292999268
COL1A2,KRAS only,2.343132257461548
COL1A2,KRAS only,2.4974591732025146
COL1A2,KRAS only,2.7969329357147217
COL1A2,KRAS only,2.250795841217041
COL1A2,KRAS only,2.580026626586914
COL1A2,KRAS only,2.2836875915527344
COL1A2,KRAS only,2.678626298904419
COL1A2,KRAS only,1.9871379137039185
COL1A2,KRAS only,2.7952916622161865
COL1A2,KRAS only,2.7219555377960205
COL1A2,KRAS only,2.3963770866394043
COL1A2,KRAS only,2.555845022201538
COL1A2,KRAS only,2.40554141998291
COL1A2,KRAS only,2.7801051139831543
COL1A2,KRAS only,3.2213563919067383
COL1A2,KRAS only,2.4299588203430176
COL1A2,KRAS only,2.443028211593628
COL1A2,KRAS only,2.342649221420288
COL1A2,KRAS only,2.1284806728363037
COL1A2,KRAS only,2.7950711250305176
COL1A2,KRAS only,0.0
COL1A2,KRAS only,2.8067543506622314
COL1A2,KRAS only,2.4599194526672363
COL1A2,KRAS only,2.1058340072631836
COL1A2,KRAS only,2.4347212314605713
COL1A2,KRAS only,2.3528361320495605
COL1A2,KRAS only,2.6859710216522217
COL1A2,KRAS only,2.82089900970459
COL1A2,KRAS only,2.3064327239990234
COL1A2,KRAS only,2.6052041053771973
COL1A2,KRAS only,2.200533866882324
COL1A2,KRAS only,2.6246423721313477
COL1A2,KRAS only,2.7054338455200195
COL1A2,KRAS only,3.2132747173309326
COL1A2,KRAS only,2.5699572563171387
COL1A2,KRAS only,1.5197899341583252
COL1A2,KRAS only,2.2428805828094482
COL1A2,KRAS only,2.475653648376465
COL1A2,KRAS only,0.0
COL1A2,KRAS only,2.3979430198669434
COL1A2,KRAS only,2.371816635131836
COL1A2,KRAS only,1.9493932723999023
COL1A2,KRAS only,2.5272433757781982
COL1A2,KRAS only,2.573681116104126
COL1A2,KRAS only,0.0
COL1A2,KRAS only,2.2021384239196777
COL1A2,KRAS only,2.7953813076019287
COL1A2,KRAS only,2.228330373764038
COL1A2,KRAS only,1.7923555374145508
COL1A2,KRAS only,2.508336305618286
COL1A2,KRAS only,2.578206777572632
COL1A2,KRAS only,2.491042375564575
COL1A2,KRAS only,1.5046764612197876
COL1A2,KRAS only,2.3220620155334473
COL1A2,KRAS only,2.459383964538574
COL1A2,KRAS only,2.385420799255371
COL1A2,KRAS only,0.0
COL1A2,KRAS only,2.6731514930725098
COL1A2,KRAS only,2.454965591430664
COL1A2,KRAS only,2.4098291397094727
COL1A2,KRAS only,2.4835398197174072
COL1A2,KRAS only,1.7660374641418457
COL1A2,KRAS only,2.5423784255981445
COL1A2,KRAS only,1.8073359727859497
COL1A2,KRAS only,2.1119186878204346
COL1A2,KRAS only,2.50024151802063
COL1A2,KRAS only,2.442121982574463
COL1A2,KRAS only,2.3547799587249756
COL1A2,KRAS only,2.6788852214813232
COL1A2,KRAS only,2.395603895187378
COL1A2,KRAS only,2.6887364387512207
COL1A2,KRAS only,2.573143720626831
COL1A2,KRAS only,2.5974695682525635
COL1A2,KRAS only,2.2828423976898193
COL1A2,KRAS only,2.7651689052581787
COL1A2,KRAS only,2.474492073059082
COL1A2,KRAS only,2.359445333480835
COL1A2,KRAS only,1.6153706312179565
COL1A2,KRAS only,3.1384224891662598
COL1A2,KRAS only,2.3847551345825195
COL1A2,KRAS only,2.0644712448120117
COL1A2,KRAS only,2.716305732727051
COL1A2,KRAS only,2.6730785369873047
COL1A2,KRAS only,2.689836025238037
COL1A2,KRAS only,0.0
COL1A2,KRAS only,2.404477119445801
COL1A2,KRAS only,2.7935256958007812
COL1A2,KRAS only,2.625404119491577
COL1A2,KRAS only,2.8146164417266846
COL1A2,KRAS only,2.380190134048462
COL1A2,KRAS only,2.596010684967041
COL1A2,KRAS only,2.4155046939849854
COL1A2,KRAS only,2.2599215507507324
COL1A2,KRAS only,2.3736891746520996
COL1A2,KRAS only,0.0
COL1A2,KRAS only,2.590878963470459
COL1A2,KRAS only,2.4896240234375
COL1A2,KRAS only,2.026397705078125
COL1A2,KRAS only,2.483976125717163
COL1A2,KRAS only,3.0292434692382812
COL1A2,KRAS only,2.364063262939453
COL1A2,KRAS only,2.899366617202759
COL1A2,KRAS only,2.662343978881836
COL1A2,KRAS only,2.8389086723327637
COL1A2,KRAS only,0.0
COL1A2,KRAS only,2.8906733989715576
COL1A2,KRAS only,2.430637836456299
COL1A2,KRAS only,0.0
COL1A2,KRAS only,2.86826491355896
COL1A2,KRAS only,2.3654167652130127
COL1A2,KRAS only,0.0
COL1A2,KRAS only,2.626309394836426
COL1A2,KRAS only,3.037095785140991
COL1A2,KRAS only,2.404285430908203
COL1A2,KRAS only,2.2361602783203125
COL1A2,KRAS only,2.4835004806518555
COL1A2,KRAS only,3.004296064376831
COL1A2,KRAS only,2.12764573097229
COL1A2,KRAS only,2.1054160594940186
COL1A2,KRAS only,3.015383720397949
COL1A2,KRAS only,2.546715497970581
COL1A2,KRAS only,2.4749693870544434
COL1A2,KRAS only,2.0494866371154785
COL1A2,KRAS only,1.6607491970062256
COL1A2,KRAS only,2.7291667461395264
COL1A2,KRAS only,2.460258722305298
COL1A2,KRAS only,3.022587299346924
COL1A2,KRAS only,2.288255453109741
COL1A2,KRAS only,2.3126163482666016
COL1A2,KRAS only,2.410602331161499
COL1A2,KRAS only,2.2510719299316406
COL1A2,KRAS only,2.3703558444976807
COL1A2,KRAS only,2.3860249519348145
COL1A2,KRAS only,2.2902839183807373
COL1A2,KRAS only,2.6353211402893066
COL1A2,KRAS only,1.9666485786437988
COL1A2,KRAS only,2.6614420413970947
COL1A2,KRAS only,2.4809787273406982
COL1A2,KRAS only,2.8187310695648193
COL1A2,KRAS only,2.300802230834961
COL1A2,KRAS only,2.653804063796997
COL1A2,KRAS only,2.459439992904663
COL1A2,KRAS only,1.7846360206604004
COL1A2,KRAS only,2.2328226566314697
COL1A2,KRAS only,0.0
COL1A2,KRAS only,2.5317087173461914
COL1A2,KRAS only,3.0280284881591797
COL1A2,KRAS only,0.0
COL1A2,KRAS only,2.863370418548584
COL1A2,KRAS only,2.131939649581909
COL1A2,KRAS only,2.657761812210083
COL1A2,KRAS only,2.3678457736968994
COL1A2,KRAS only,2.5758936405181885
COL1A2,KRAS only,2.4221653938293457
COL1A2,KRAS only,2.6273128986358643
COL1A2,KRAS only,2.3736162185668945
COL1A2,KRAS only,2.5416488647460938
COL1A2,KRAS only,2.6236491203308105
COL1A2,KRAS only,2.962261199951172
COL1A2,KRAS only,2.560016632080078
COL1A2,KRAS only,2.4917614459991455
COL1A2,KRAS only,0.0
COL1A2,KRAS only,2.478684902191162
COL1A2,KRAS only,0.0
COL1A2,KRAS only,2.0624160766601562
COL1A2,KRAS only,2.5727970600128174
COL1A2,KRAS only,2.652315378189087
COL1A2,KRAS only,2.242204189300537
COL1A2,KRAS only,2.4305267333984375
COL1A2,KRAS only,3.265714406967163
COL1A2,KRAS only,2.4605493545532227
COL1A2,KRAS only,0.0
COL1A2,KRAS only,2.2041077613830566
COL1A2,KRAS only,2.847869873046875
COL1A2,KRAS only,2.4321672916412354
COL1A2,KRAS only,2.886707305908203
COL1A2,KRAS only,2.583178997039795
COL1A2,KRAS only,2.6849563121795654
COL1A2,KRAS only,2.253927707672119
COL1A2,KRAS only,2.2852237224578857
COL1A2,KRAS only,2.669728994369507
COL1A2,KRAS only,2.4951553344726562
COL1A2,KRAS only,2.4892303943634033
COL1A2,KRAS only,2.5468151569366455
COL1A2,KRAS only,2.3255302906036377
COL1A2,KRAS only,2.544877529144287
COL1A2,KRAS only,2.6367084980010986
COL1A2,KRAS only,2.7898058891296387
COL1A2,KRAS only,2.5382802486419678
COL1A2,KRAS only,2.4970204830169678
COL1A2,KRAS only,2.8843674659729004
COL1A2,KRAS only,2.708245277404785
COL1A2,KRAS only,2.5080013275146484
COL1A2,KRAS only,2.372119426727295
COL1A2,KRAS only,2.6614577770233154
COL1A2,KRAS only,2.068119525909424
COL1A2,KRAS only,2.851520538330078
COL1A2,KRAS only,2.732842206954956
COL1A2,KRAS only,2.4449048042297363
COL1A2,KRAS only,2.3374221324920654
COL1A2,KRAS only,2.573622465133667
COL1A2,KRAS only,2.2964022159576416
COL1A2,KRAS only,2.1472649574279785
COL1A2,KRAS only,2.2129933834075928
COL1A2,KRAS only,0.0
COL1A2,KRAS only,2.3166205883026123
COL1A2,KRAS only,1.9177571535110474
COL1A2,KRAS only,2.109835624694824
COL1A2,KRAS only,2.7036314010620117
COL1A2,KRAS only,2.2068870067596436
COL1A2,KRAS only,3.2064199447631836
COL1A2,KRAS only,1.771812915802002
COL1A2,KRAS only,0.0
COL1A2,KRAS only,2.9734864234924316
COL1A2,KRAS only,2.6143085956573486
COL1A2,KRAS only,2.557035207748413
COL1A2,KRAS only,2.6191375255584717
COL1A2,KRAS only,2.7444186210632324
COL1A2,KRAS only,2.5175976753234863
COL1A2,KRAS only,2.3871450424194336
COL1A2,KRAS only,1.5949368476867676
COL1A2,KRAS only,2.588477611541748
COL1A2,KRAS only,2.815622329711914
COL1A2,KRAS only,1.7293535470962524
COL1A2,KRAS only,2.4227864742279053
COL1A2,KRAS only,1.8097927570343018
COL1A2,KRAS only,2.4831833839416504
COL1A2,KRAS only,1.9778046607971191
COL1A2,KRAS only,2.5208637714385986
COL1A2,KRAS only,1.9972174167633057
COL1A2,KRAS only,2.640200614929199
COL1A2,KRAS only,2.8293259143829346
COL1A2,KRAS only,2.6096131801605225
COL1A2,KRAS only,2.000767230987549
COL1A2,KRAS only,0.0
COL1A2,KRAS only,2.00357723236084
COL1A2,KRAS only,2.737610340118408
COL1A2,KRAS only,2.632864475250244
COL1A2,KRAS only,2.6762495040893555
COL1A2,KRAS only,2.399088144302368
COL1A2,KRAS only,0.0
COL1A2,KRAS only,2.459242343902588
COL1A2,KRAS only,2.79364013671875
COL1A2,KRAS only,2.4627902507781982
COL1A2,KRAS only,2.385178565979004
COL1A2,KRAS only,2.282750129699707
COL1A2,KRAS only,2.2259669303894043
COL1A2,KRAS only,2.4638187885284424
COL1A2,KRAS only,0.0
COL1A2,KRAS only,2.291259527206421
COL1A2,KRAS only,2.8612864017486572
COL1A2,KRAS only,2.4040277004241943
COL1A2,KRAS only,2.7355411052703857
COL1A2,KRAS only,2.610342502593994
COL1A2,KRAS only,2.523312568664551
COL1A2,KRAS only,2.713066339492798
COL1A2,KRAS only,2.2447350025177
COL1A2,KRAS only,2.0295872688293457
COL1A2,KRAS only,2.0228700637817383
COL1A2,KRAS only,2.782331705093384
COL1A2,KRAS only,2.4549734592437744
COL1A2,KRAS only,2.746037006378174
COL1A2,KRAS only,2.5011820793151855
COL1A2,KRAS only,2.5646345615386963
COL1A2,KRAS only,2.233886480331421
COL1A2,KRAS only,2.3530054092407227
COL1A2,KRAS only,2.228752374649048
COL1A2,KRAS only,1.8636467456817627
COL1A2,KRAS only,1.412222981452942
COL1A2,KRAS only,1.7879407405853271
COL1A2,KRAS only,2.583056926727295
COL1A2,KRAS only,2.1230056285858154
COL1A2,KRAS only,2.6918249130249023
COL1A2,KRAS only,0.0
COL1A2,KRAS only,2.471285581588745
COL1A2,KRAS only,2.5664796829223633
COL1A2,KRAS only,2.447206974029541
COL1A2,KRAS only,2.5958518981933594
COL1A2,KRAS only,0.0
COL1A2,KRAS only,2.371744155883789
COL1A2,KRAS only,1.7295175790786743
COL1A2,KRAS only,2.3608405590057373
COL1A2,KRAS only,2.1618313789367676
COL1A2,KRAS only,2.5137529373168945
COL1A2,KRAS only,2.720828056335449
COL1A2,KRAS only,0.0
COL1A2,KRAS only,2.4420418739318848
COL1A2,KRAS only,2.665005683898926
COL1A2,KRAS only,2.813415050506592
COL1A2,KRAS only,0.0
COL1A2,KRAS only,0.0
COL1A2,KRAS only,2.591463804244995
COL1A2,KRAS only,2.7009756565093994
COL1A2,KRAS only,2.8404054641723633
COL1A2,KRAS only,2.5417096614837646
COL1A2,KRAS only,2.8300070762634277
COL1A2,KRAS only,2.7462263107299805
COL1A2,KRAS only,0.0
COL1A2,KRAS only,2.6533517837524414
COL1A2,KRAS only,2.2803781032562256
COL1A2,KRAS only,1.8417199850082397
COL1A2,KRAS only,1.970955729484558
COL1A2,KRAS only,2.181962251663208
COL1A2,KRAS only,2.692570209503174
COL1A2,KRAS only,2.781954765319824
COL1A2,KRAS only,2.395672082901001
COL1A2,KRAS only,0.0
COL1A2,KRAS only,1.84415864944458
COL1A2,KRAS only,3.3385770320892334
COL1A2,KRAS only,2.3012049198150635
COL1A2,KRAS only,2.6714072227478027
COL1A2,KRAS only,0.0
COL1A2,KRAS only,2.0956950187683105
COL1A2,KRAS only,2.1021833419799805
COL1A2,KRAS only,2.364713668823242
COL1A2,KRAS only,2.653580904006958
COL1A2,KRAS only,2.5330140590667725
COL1A2,KRAS only,2.0806431770324707
COL1A2,KRAS only,2.595346212387085
COL1A2,KRAS only,2.675501585006714
COL1A2,KRAS only,2.523916006088257
COL1A2,KRAS only,2.316347599029541
COL1A2,KRAS only,1.9747180938720703
COL1A2,KRAS only,2.4877028465270996
COL1A2,KRAS only,2.562666416168213
COL1A2,KRAS only,2.715212821960449
COL1A2,KRAS only,2.4249091148376465
COL1A2,KRAS only,2.2830023765563965
COL1A2,KRAS only,2.469075918197632
COL1A2,KRAS only,2.7633962631225586
COL1A2,KRAS only,2.723768472671509
COL1A2,KRAS only,2.5988378524780273
COL1A2,KRAS only,0.0
COL1A2,KRAS only,3.1495869159698486
COL1A2,KRAS only,2.463228225708008
COL1A2,KRAS only,2.7690913677215576
COL1A2,KRAS only,2.260369300842285
COL1A2,KRAS only,3.335996627807617
COL1A2,KRAS only,2.7306857109069824
COL1A2,KRAS only,2.3186371326446533
COL1A2,KRAS only,2.10306715965271
COL1A2,KRAS only,2.390228509902954
COL1A2,KRAS only,2.129188299179077
COL1A2,KRAS only,2.6214354038238525
COL1A2,KRAS only,2.623488664627075
COL1A2,KRAS only,2.64990496635437
COL1A2,KRAS only,2.278219699859619
COL1A2,KRAS only,2.9447193145751953
COL1A2,KRAS only,2.622835874557495
COL1A2,KRAS only,2.0372509956359863
COL1A2,KRAS only,2.6960439682006836
COL1A2,KRAS only,2.479905843734741
COL1A2,KRAS only,2.851137638092041
COL1A2,KRAS only,2.3068153858184814
COL1A2,KRAS only,2.5345146656036377
COL1A2,KRAS only,2.3005387783050537
COL1A2,KRAS only,2.3017282485961914
COL1A2,KRAS only,2.4847137928009033
COL1A2,KRAS only,2.3839142322540283
COL1A2,KRAS only,2.805974006652832
COL1A2,KRAS only,2.3255579471588135
COL1A2,KRAS only,3.0575995445251465
COL1A2,KRAS only,2.4057106971740723
COL1A2,KRAS only,2.4334211349487305
COL1A2,KRAS only,2.470341444015503
COL1A2,KRAS only,2.8884685039520264
COL1A2,KRAS only,2.885408639907837
COL1A2,KRAS only,3.3921008110046387
COL1A2,KRAS only,2.6410226821899414
COL1A2,KRAS only,2.4226553440093994
COL1A2,KRAS only,2.618835687637329
COL1A2,KRAS only,2.5415310859680176
COL1A2,KRAS only,2.2708792686462402
COL1A2,KRAS only,2.5723798274993896
COL1A2,KRAS only,2.7969956398010254
COL1A2,KRAS only,2.4459638595581055
COL1A2,KRAS only,2.1686058044433594
COL1A2,KRAS only,2.2079994678497314
COL1A2,KRAS only,0.0
COL1A2,KRAS only,2.9355592727661133
COL1A2,KRAS only,0.0
COL1A2,KRAS only,2.5454294681549072
COL1A2,KRAS only,2.9092414379119873
COL1A2,KRAS only,1.7348181009292603
COL1A2,KRAS only,2.050402879714966
COL1A2,KRAS only,2.3740243911743164
COL1A2,KRAS only,2.657935857772827
COL1A2,KRAS only,2.478945016860962
COL1A2,KRAS only,2.8422203063964844
COL1A2,KRAS only,2.22379469871521
COL1A2,KRAS only,2.589859962463379
COL1A2,KRAS only,2.505293130874634
COL1A2,KRAS only,2.5828709602355957
COL1A2,KRAS only,2.6104698181152344
COL1A2,KRAS only,2.622389793395996
COL1A2,KRAS only,2.1520886421203613
COL1A2,KRAS only,0.0
COL1A2,KRAS only,2.656890630722046
COL1A2,KRAS only,2.3162572383880615
COL1A2,KRAS only,0.0
COL1A2,KRAS only,2.499976396560669
COL1A2,KRAS only,2.6261279582977295
COL1A2,KRAS only,2.7444212436676025
COL1A2,KRAS only,2.4502179622650146
COL1A2,KRAS only,2.7010414600372314
COL1A2,KRAS only,1.8039315938949585
COL1A2,KRAS only,2.521369218826294
COL1A2,KRAS only,0.0
COL1A2,KRAS only,3.140009880065918
COL1A2,KRAS only,2.514145612716675
COL1A2,KRAS only,2.5663986206054688
COL1A2,KRAS only,2.6475956439971924
COL1A2,KRAS only,0.0
COL1A2,KRAS only,2.7558887004852295
COL1A2,KRAS only,2.6685593128204346
COL1A2,KRAS only,2.3898098468780518
COL1A2,KRAS only,2.8589301109313965
COL1A2,KRAS only,1.9220335483551025
COL1A2,KRAS only,2.6654677391052246
COL1A2,KRAS only,0.0
COL1A2,KRAS only,2.65701961517334
COL1A2,KRAS only,2.1242973804473877
COL1A2,KRAS only,2.520026922225952
COL1A2,KRAS only,0.0
COL1A2,KRAS only,0.0
COL1A2,KRAS only,2.6648190021514893
COL1A2,KRAS only,2.3902788162231445
COL1A2,KRAS only,2.3370859622955322
COL1A2,KRAS only,0.0
COL1A2,KRAS only,2.5823733806610107
COL1A2,KRAS only,2.585926055908203
COL1A2,KRAS only,2.8454363346099854
COL1A2,KRAS only,2.5876288414001465
COL1A2,KRAS only,2.3946681022644043
COL1A2,KRAS only,0.0
COL1A2,KRAS only,2.174607038497925
COL1A2,KRAS only,0.0
COL1A2,KRAS only,2.712714910507202
COL1A2,KRAS only,2.992873430252075
COL1A2,KRAS only,2.4320411682128906
COL1A2,KRAS only,2.2128171920776367
COL1A2,KRAS only,2.6822617053985596
COL1A2,KRAS only,2.414557695388794
COL1A2,KRAS only,2.43878173828125
COL1A2,KRAS only,2.9880313873291016
COL1A2,KRAS only,2.3772733211517334
COL1A2,KRAS only,2.0761120319366455
COL1A2,KRAS only,2.4732537269592285
COL1A2,KRAS only,2.6958000659942627
COL1A2,KRAS only,2.4374868869781494
COL1A2,KRAS only,2.680677652359009
COL1A2,KRAS only,2.6422293186187744
COL1A2,KRAS only,1.4546091556549072
COL1A2,KRAS only,2.7864320278167725
COL1A2,KRAS only,0.0
COL1A2,KRAS only,2.6209046840667725
COL1A2,KRAS only,2.6728949546813965
COL1A2,KRAS only,2.5447962284088135
COL1A2,KRAS only,0.0
COL1A2,KRAS only,2.2388951778411865
COL1A2,KRAS only,2.794842004776001
COL1A2,KRAS only,2.9890780448913574
COL1A2,KRAS only,2.968573808670044
COL1A2,KRAS only,2.7209267616271973
COL1A2,KRAS only,2.46511173248291
COL1A2,KRAS only,2.2308900356292725
COL1A2,KRAS only,2.261770009994507
COL1A2,KRAS only,2.5716753005981445
COL1A2,KRAS only,2.9232020378112793
COL1A2,KRAS only,2.814288854598999
COL1A2,KRAS only,2.756471633911133
COL1A2,KRAS only,2.2548866271972656
COL1A2,KRAS only,3.0770020484924316
COL1A2,KRAS only,2.3092477321624756
COL1A2,KRAS only,0.0
COL1A2,KRAS only,2.448286533355713
COL1A2,KRAS only,2.556412935256958
COL1A2,KRAS only,2.9593894481658936
COL1A2,KRAS only,2.2329111099243164
COL1A2,KRAS only,2.774900436401367
COL1A2,KRAS only,2.73409366607666
COL1A2,KRAS only,2.209311008453369
COL1A2,KRAS only,3.443171501159668
COL1A2,KRAS only,0.0
COL1A2,KRAS only,2.3564045429229736
COL1A2,KRAS only,2.3919901847839355
COL1A2,KRAS only,2.9951179027557373
COL1A2,KRAS only,3.2701337337493896
COL1A2,KRAS only,2.280557632446289
COL1A2,KRAS only,2.635268211364746
COL1A2,KRAS only,0.0
COL1A2,KRAS only,1.6688581705093384
COL1A2,KRAS only,2.4796319007873535
COL1A2,KRAS only,2.4686872959136963
COL1A2,KRAS only,2.6277620792388916
COL1A2,KRAS only,2.125244379043579
COL1A2,KRAS only,2.490035057067871
COL1A2,KRAS only,2.251210927963257
COL1A2,KRAS only,2.5965538024902344
COL1A2,KRAS only,2.840233087539673
COL1A2,KRAS only,0.0
COL1A2,KRAS only,2.671452760696411
COL1A2,KRAS only,0.0
COL1A2,KRAS only,2.303804636001587
COL1A2,KRAS only,2.3730342388153076
COL1A2,KRAS only,0.0
COL1A2,KRAS only,2.5333449840545654
COL1A2,KRAS only,2.474097967147827
COL1A2,KRAS only,2.6294217109680176
COL1A2,KRAS only,2.636335611343384
COL1A2,KRAS only,1.1634382009506226
COL1A2,KRAS only,1.922510027885437
COL1A2,KRAS only,0.0
COL1A2,KRAS only,2.4134230613708496
COL1A2,KRAS only,2.5192184448242188
COL1A2,KRAS only,2.419170618057251
COL1A2,KRAS only,2.5178065299987793
COL1A2,KRAS only,3.125060558319092
COL1A2,KRAS only,2.6103055477142334
COL1A2,KRAS only,2.467729330062866
COL1A2,KRAS only,2.594244956970215
COL1A2,KRAS only,2.650958299636841
COL1A2,KRAS only,2.6285505294799805
COL1A2,KRAS only,2.5922739505767822
COL1A2,KRAS only,1.7216176986694336
COL1A2,KRAS only,2.5303196907043457
COL1A2,KRAS only,2.2712209224700928
COL1A2,KRAS only,2.7122113704681396
COL1A2,KRAS only,2.5608651638031006
COL1A2,KRAS only,2.7274017333984375
COL1A2,KRAS only,0.0
COL1A2,KRAS only,2.566923141479492
COL1A2,KRAS only,2.497690200805664
COL1A2,KRAS only,2.450331211090088
COL1A2,KRAS only,2.331481456756592
COL1A2,KRAS only,2.4465956687927246
COL1A2,KRAS only,1.9802545309066772
COL1A2,KRAS only,2.4569926261901855
COL1A2,KRAS only,2.646777868270874
COL1A2,KRAS only,2.469926118850708
COL1A2,KRAS only,2.4959940910339355
COL1A2,KRAS only,2.74564790725708
COL1A2,KRAS only,2.657872438430786
COL1A2,KRAS only,2.9504783153533936
COL1A2,KRAS only,2.1780872344970703
COL1A2,KRAS only,2.784040927886963
COL1A2,KRAS only,2.2017698287963867
COL1A2,KRAS only,2.7078118324279785
COL1A2,KRAS only,3.030621290206909
COL1A2,KRAS only,2.4982001781463623
COL1A2,KRAS only,2.9599099159240723
COL1A2,KRAS only,2.519407272338867
COL1A2,KRAS only,2.83353328704834
COL1A2,KRAS only,2.6664719581604004
COL1A2,KRAS only,2.4823484420776367
COL1A2,KRAS only,2.3217155933380127
COL1A2,KRAS only,1.5051106214523315
COL1A2,KRAS only,2.664137601852417
COL1A2,KRAS only,2.4421803951263428
COL1A2,KRAS only,2.652313470840454
COL1A2,KRAS only,2.5208191871643066
COL1A2,KRAS only,2.641592264175415
COL1A2,KRAS only,2.707104444503784
COL1A2,KRAS only,3.670253038406372
COL1A2,KRAS only,2.874227285385132
COL1A2,KRAS only,2.576284408569336
COL1A2,KRAS only,2.5098836421966553
COL1A2,KRAS only,0.0
COL1A2,KRAS only,2.136202335357666
COL1A2,KRAS only,2.013169765472412
COL1A2,KRAS only,2.277527332305908
COL1A2,KRAS only,2.677591323852539
COL1A2,KRAS only,2.6989147663116455
COL1A2,KRAS only,0.0
COL1A2,KRAS only,2.366024971008301
COL1A2,KRAS only,2.6950552463531494
COL1A2,KRAS only,2.779052495956421
COL1A2,KRAS only,2.3585336208343506
COL1A2,KRAS only,1.4650447368621826
COL1A2,KRAS only,3.5902903079986572
COL1A2,KRAS only,2.6685047149658203
COL1A2,KRAS only,2.5624499320983887
COL1A2,KRAS only,2.6216704845428467
COL1A2,KRAS only,2.305889368057251
COL1A2,KRAS only,2.385207176208496
COL1A2,KRAS only,1.7487552165985107
COL1A2,KRAS only,2.609739065170288
COL1A2,KRAS only,2.0376534461975098
COL1A2,KRAS only,2.1092121601104736
COL1A2,KRAS only,1.9148898124694824
COL1A2,KRAS only,2.630638599395752
COL1A2,KRAS only,2.2197048664093018
COL1A2,KRAS only,1.6494004726409912
COL1A2,KRAS only,2.857656240463257
COL1A2,KRAS only,2.365055561065674
COL1A2,KRAS only,2.947219133377075
COL1A2,KRAS only,2.6517508029937744
COL1A2,KRAS only,2.6049134731292725
COL1A2,KRAS only,1.9461084604263306
COL1A2,KRAS only,2.112609624862671
COL1A2,KRAS only,2.4422483444213867
COL1A2,KRAS only,2.257058620452881
COL1A2,KRAS only,2.4498140811920166
COL1A2,KRAS only,2.5439200401306152
COL1A2,KRAS only,2.6767876148223877
COL1A2,KRAS only,2.8275766372680664
COL1A2,KRAS only,2.474613666534424
COL1A2,KRAS only,2.6205742359161377
COL1A2,KRAS only,2.2873830795288086
COL1A2,KRAS only,2.3051505088806152
COL1A2,KRAS only,2.620645523071289
COL1A2,KRAS only,2.534073829650879
COL1A2,KRAS only,2.5732085704803467
COL1A2,KRAS only,2.57120943069458
COL1A2,KRAS only,2.9049572944641113
COL1A2,KRAS only,0.0
COL1A2,KRAS only,2.400017023086548
COL1A2,KRAS only,2.510186195373535
COL1A2,KRAS only,2.3780839443206787
COL1A2,KRAS only,2.4999189376831055
COL1A2,KRAS only,0.0
COL1A2,KRAS only,2.219724178314209
COL1A2,KRAS only,2.2334790229797363
COL1A2,KRAS only,0.0
COL1A2,KRAS only,2.138282299041748
COL1A2,KRAS only,2.6681735515594482
COL1A2,KRAS only,2.868499517440796
COL1A2,KRAS only,2.4626975059509277
COL1A2,KRAS only,2.67637038230896
COL1A2,KRAS only,3.172866106033325
COL1A2,KRAS only,2.2645771503448486
COL1A2,KRAS only,2.397810935974121
COL1A2,KRAS only,2.4729437828063965
COL1A2,KRAS only,2.525383949279785
COL1A2,KRAS only,2.4685614109039307
COL1A2,KRAS only,2.201847553253174
COL1A2,KRAS only,2.69596004486084
COL1A2,KRAS only,2.021127462387085
COL1A2,KRAS only,3.448378801345825
COL1A2,KRAS only,2.158069372177124
COL1A2,KRAS only,2.3343214988708496
COL1A2,KRAS only,2.035346746444702
COL1A2,KRAS only,3.078035831451416
COL1A2,KRAS only,2.520397663116455
COL1A2,KRAS only,2.432058811187744
COL1A2,KRAS only,0.0
COL1A2,KRAS only,2.490966796875
COL1A2,KRAS only,2.574352979660034
COL1A2,KRAS only,2.007382392883301
COL1A2,KRAS only,2.603285312652588
COL1A2,KRAS only,2.6861472129821777
COL1A2,KRAS only,2.583808183670044
COL1A2,KRAS only,3.067892074584961
COL1A2,KRAS only,2.562988519668579
COL1A2,KRAS only,2.5949392318725586
COL1A2,KRAS only,2.5380537509918213
COL1A2,KRAS only,2.6241719722747803
COL1A2,KRAS only,2.5832197666168213
COL1A2,KRAS only,2.4019222259521484
COL1A2,KRAS only,3.086125612258911
COL1A2,KRAS only,2.394533634185791
COL1A2,KRAS only,2.751851797103882
COL1A2,KRAS only,2.169942855834961
COL1A2,KRAS only,2.619161367416382
COL1A2,KRAS only,2.208008050918579
COL1A2,KRAS only,2.403329849243164
COL1A2,KRAS only,2.701211452484131
COL1A2,KRAS only,2.2128379344940186
COL1A2,KRAS only,2.6134233474731445
COL1A2,KRAS only,2.601809024810791
COL1A2,KRAS only,2.7427122592926025
COL1A2,KRAS only,2.8225722312927246
COL1A2,KRAS only,1.801173448562622
COL1A2,KRAS only,2.697997570037842
COL1A2,KRAS only,2.795156240463257
COL1A2,KRAS only,2.242532730102539
COL1A2,KRAS only,2.4847707748413086
COL1A2,KRAS only,2.729539632797241
COL1A2,KRAS only,2.457489252090454
COL1A2,KRAS only,1.8387627601623535
COL1A2,KRAS only,2.5780646800994873
COL1A2,KRAS only,2.7222375869750977
COL1A2,KRAS only,2.509763717651367
COL1A2,KRAS only,2.395918607711792
COL1A2,KRAS only,0.0
COL1A2,KRAS only,2.624495506286621
COL1A2,KRAS only,2.0635294914245605
COL1A2,KRAS only,2.489201545715332
COL1A2,KRAS only,2.6859800815582275
COL1A2,KRAS only,2.6046338081359863
COL1A2,KRAS only,2.855776309967041
COL1A2,KRAS only,2.5928502082824707
COL1A2,KRAS only,2.699483871459961
COL1A2,KRAS only,2.5950944423675537
COL1A2,KRAS only,0.0
COL1A2,KRAS only,2.622319221496582
COL1A2,KRAS only,2.03717303276062
COL1A2,KRAS only,0.8110867738723755
COL1A2,KRAS only,0.0
COL1A2,KRAS only,2.586071252822876
COL1A2,KRAS only,2.4929771423339844
COL1A2,KRAS only,2.5292952060699463
COL1A2,KRAS only,2.641247510910034
COL1A2,KRAS only,2.376267671585083
COL1A2,KRAS only,2.4786715507507324
COL1A2,KRAS only,0.0
COL1A2,KRAS only,3.2152397632598877
COL1A2,KRAS only,3.1561203002929688
COL1A2,KRAS only,0.0
COL1A2,KRAS only,2.666923761367798
COL1A2,KRAS only,2.2171225547790527
COL1A2,KRAS only,2.696159601211548
COL1A2,KRAS only,2.658958673477173
COL1A2,KRAS only,2.4005091190338135
COL1A2,KRAS only,2.5379838943481445
COL1A2,KRAS only,2.414717674255371
COL1A2,KRAS only,2.7800707817077637
COL1A2,KRAS only,2.342062473297119
COL1A2,KRAS only,2.5805470943450928
COL1A2,KRAS only,0.0
COL1A2,KRAS only,2.6503782272338867
COL1A2,KRAS only,0.0
COL1A2,KRAS only,2.652064800262451
COL1A2,KRAS only,2.5696299076080322
COL1A2,KRAS only,2.7995364665985107
COL1A2,KRAS only,2.8377292156219482
COL1A2,KRAS only,3.3478946685791016
COL1A2,KRAS only,2.45145583152771
COL1A2,KRAS only,2.830230712890625
COL1A2,KRAS only,2.6295676231384277
COL1A2,KRAS only,3.3169054985046387
COL1A2,KRAS only,2.3785767555236816
COL1A2,KRAS only,3.380828619003296
COL1A2,KRAS only,2.8718039989471436
COL1A2,KRAS only,0.0
COL1A2,KRAS only,3.0056910514831543
COL1A2,KRAS only,2.301889181137085
COL1A2,KRAS only,1.9563482999801636
COL1A2,KRAS only,1.22637939453125
COL1A2,KRAS only,2.53926420211792
COL1A2,KRAS only,2.590636730194092
COL1A2,KRAS only,2.4316813945770264
COL1A2,KRAS only,3.4939448833465576
COL1A2,KRAS only,2.3580398559570312
COL1A2,KRAS only,1.6815874576568604
COL1A2,KRAS only,2.772465944290161
COL1A2,KRAS only,2.705972671508789
COL1A2,KRAS only,2.4680864810943604
COL1A2,KRAS only,2.6149637699127197
COL1A2,KRAS only,3.0451550483703613
COL1A2,KRAS only,2.37453031539917
COL1A2,KRAS only,2.422999382019043
COL1A2,KRAS only,2.854702949523926
COL1A2,KRAS only,1.815363883972168
COL1A2,KRAS only,2.286220073699951
COL1A2,KRAS only,2.767645835876465
COL1A2,KRAS only,2.657526969909668
COL1A2,KRAS only,2.3322134017944336
COL1A2,KRAS only,2.1856682300567627
COL1A2,KRAS only,2.5375897884368896
COL1A2,KRAS only,2.6915676593780518
COL1A2,KRAS only,2.4888429641723633
COL1A2,KRAS only,2.6992909908294678
COL1A2,KRAS only,2.1088321208953857
COL1A2,KRAS only,2.278130531311035
COL1A2,KRAS only,2.399305820465088
COL1A2,KRAS only,2.725231885910034
COL1A2,KRAS only,2.2062835693359375
COL1A2,KRAS only,1.8015168905258179
COL1A2,KRAS only,3.0705275535583496
COL1A2,KRAS only,1.9210596084594727
COL1A2,KRAS only,3.0429961681365967
COL1A2,KRAS only,1.918641209602356
COL1A2,KRAS only,2.645120620727539
COL1A2,KRAS only,2.4156508445739746
COL1A2,KRAS only,2.441542863845825
COL1A2,KRAS only,2.577565908432007
COL1A2,KRAS only,2.761122465133667
COL1A2,KRAS only,1.791640043258667
COL1A2,KRAS only,2.8854293823242188
COL1A2,KRAS only,1.9047497510910034
COL1A2,KRAS only,2.327279806137085
COL1A2,KRAS only,2.101773262023926
COL1A2,KRAS only,2.566927909851074
COL1A2,KRAS only,2.465933322906494
COL1A2,KRAS only,2.560208559036255
COL1A2,KRAS only,2.7893052101135254
COL1A2,KRAS only,2.328293800354004
COL1A2,KRAS only,2.4003403186798096
COL1A2,KRAS only,2.45847749710083
COL1A2,KRAS only,2.688084363937378
COL1A2,KRAS only,2.1847453117370605
COL1A2,KRAS only,2.713313341140747
COL1A2,KRAS only,2.4367265701293945
COL1A2,KRAS only,2.6912827491760254
COL1A2,KRAS only,2.246792793273926
COL1A2,KRAS only,2.6029911041259766
COL1A2,KRAS only,2.275374412536621
COL1A2,KRAS only,2.5567004680633545
COL1A2,KRAS only,2.6838910579681396
COL1A2,KRAS only,0.0
COL1A2,KRAS only,2.784600019454956
COL1A2,KRAS only,2.08650279045105
COL1A2,KRAS only,2.5699102878570557
COL1A2,KRAS only,2.561805248260498
COL1A2,KRAS only,0.0
COL1A2,KRAS only,2.6776156425476074
COL1A2,KRAS only,0.0
COL1A2,KRAS only,2.6471524238586426
COL1A2,KRAS only,2.8440442085266113
COL1A2,KRAS only,2.746643304824829
COL1A2,KRAS only,2.5640709400177
COL1A2,KRAS only,2.6446621417999268
COL1A2,KRAS only,2.198157548904419
COL1A2,KRAS only,1.993836522102356
COL1A2,KRAS only,2.8633108139038086
COL1A2,KRAS only,2.5545477867126465
COL1A2,KRAS only,2.5822763442993164
COL1A2,KRAS only,3.185201644897461
COL1A2,KRAS only,2.791480541229248
COL1A2,KRAS only,3.307669162750244
COL1A2,KRAS only,2.143422842025757
COL1A2,KRAS only,0.0
COL1A2,KRAS only,1.6205687522888184
COL1A2,KRAS only,2.4392619132995605
COL1A2,KRAS only,2.2098653316497803
COL1A2,KRAS only,0.0
COL1A2,KRAS only,2.195063591003418
COL1A2,KRAS only,2.4512345790863037
COL1A2,KRAS only,2.0271317958831787
COL1A2,KRAS only,2.735771894454956
COL1A2,KRAS only,2.7204277515411377
COL1A2,KRAS only,2.3821725845336914
COL1A2,KRAS only,0.0
COL1A2,KRAS only,2.3763155937194824
COL1A2,KRAS only,0.0
COL1A2,KRAS only,2.576984167098999
COL1A2,KRAS only,2.515559196472168
COL1A2,KRAS only,2.0923526287078857
COL1A2,KRAS only,2.975161552429199
COL1A2,KRAS only,2.6369547843933105
COL1A2,KRAS only,2.463099241256714
COL1A2,KRAS only,2.213374614715576
COL1A2,KRAS only,3.028522491455078
COL1A2,KRAS only,2.4217991828918457
COL1A2,KRAS only,2.2355120182037354
COL1A2,KRAS only,2.5140254497528076
COL1A2,KRAS only,2.662971258163452
COL1A2,KRAS only,0.0
COL1A2,KRAS only,2.6744067668914795
COL1A2,KRAS only,2.3961150646209717
COL1A2,KRAS only,2.785630464553833
COL1A2,KRAS only,2.63167405128479
COL1A2,KRAS only,2.501166820526123
COL1A2,KRAS only,2.37211012840271
COL1A2,KRAS only,2.334160089492798
COL1A2,KRAS only,2.8084070682525635
COL1A2,KRAS only,2.8881144523620605
COL1A2,KRAS only,3.0062448978424072
COL1A2,KRAS only,2.500227451324463
COL1A2,KRAS only,0.0
COL1A2,KRAS only,2.448328733444214
COL1A2,KRAS only,2.3956167697906494
COL1A2,KRAS only,2.51230525970459
COL1A2,KRAS only,2.4569661617279053
COL1A2,KRAS only,2.3752715587615967
COL1A2,KRAS only,2.4189109802246094
COL1A2,KRAS only,1.7206447124481201
COL1A2,KRAS only,2.6544861793518066
COL1A2,KRAS only,2.814103603363037
COL1A2,KRAS only,2.3777174949645996
COL1A2,KRAS only,0.0
COL1A2,KRAS only,2.5169057846069336
COL1A2,KRAS only,2.9116389751434326
COL1A2,KRAS only,2.0069305896759033
COL1A2,KRAS only,2.3329098224639893
COL1A2,KRAS only,2.3037829399108887
COL1A2,KRAS only,0.0
COL1A2,KRAS only,2.3228604793548584
COL1A2,KRAS only,2.8246803283691406
COL1A2,KRAS only,1.8782613277435303
COL1A2,KRAS only,2.588102340698242
COL1A2,KRAS only,2.3420047760009766
COL1A2,KRAS only,2.1867778301239014
COL1A2,KRAS only,2.694298028945923
COL1A2,KRAS only,2.5632364749908447
COL1A2,KRAS only,2.5805954933166504
COL1A2,KRAS only,2.5516231060028076
COL1A2,KRAS only,2.344555377960205
COL1A2,KRAS only,2.7588624954223633
COL1A2,KRAS only,2.2745578289031982
COL1A2,KRAS only,2.6259682178497314
COL1A2,KRAS only,2.552340269088745
COL1A2,KRAS only,2.982455015182495
COL1A2,KRAS only,2.5718212127685547
COL1A2,KRAS only,2.4125118255615234
COL1A2,KRAS only,2.9589550495147705
COL1A2,KRAS only,2.6195061206817627
COL1A2,KRAS only,2.834216356277466
COL1A2,KRAS only,2.9002633094787598
COL1A2,KRAS only,2.7827277183532715
COL1A2,KRAS only,2.1179637908935547
COL1A2,KRAS only,2.2999701499938965
COL1A2,KRAS only,2.89072322845459
COL1A2,KRAS only,2.8191075325012207
COL1A2,KRAS only,2.769752025604248
COL1A2,KRAS only,2.2190942764282227
COL1A2,KRAS only,1.978200912475586
COL1A2,KRAS only,3.0364139080047607
COL1A2,KRAS only,2.598412036895752
COL1A2,KRAS only,3.050689220428467
COL1A2,KRAS only,0.0
COL1A2,KRAS only,2.0092289447784424
COL1A2,KRAS only,2.383667230606079
COL1A2,KRAS only,2.445523738861084
COL1A2,KRAS only,2.3063478469848633
COL1A2,KRAS only,2.048157215118408
COL1A2,KRAS only,1.9179545640945435
COL1A2,KRAS only,2.458465099334717
COL1A2,KRAS only,2.1811909675598145
COL1A2,KRAS only,1.450122356414795
COL1A2,KRAS only,2.959592580795288
COL1A2,KRAS only,2.6223556995391846
COL1A2,KRAS only,2.896859884262085
COL1A2,KRAS only,1.902815580368042
COL1A2,KRAS only,2.645988941192627
COL1A2,KRAS only,0.0
COL1A2,KRAS only,0.0
COL1A2,KRAS only,2.7091710567474365
COL1A2,KRAS only,1.9312007427215576
COL1A2,KRAS only,2.2656681537628174
COL1A2,KRAS only,3.245481252670288
COL1A2,KRAS only,0.0
COL1A2,KRAS only,2.3337340354919434
COL1A2,KRAS only,2.42604923248291
COL1A2,KRAS only,2.5590999126434326
COL1A2,KRAS only,1.9675945043563843
COL1A2,KRAS only,2.8865272998809814
COL1A2,KRAS only,2.7683463096618652
COL1A2,KRAS only,3.192176342010498
COL1A2,KRAS only,2.661994218826294
COL1A2,KRAS only,2.1644389629364014
COL1A2,KRAS only,2.296605110168457
COL1A2,KRAS only,2.646188259124756
COL1A2,KRAS only,2.6965112686157227
COL1A2,KRAS only,1.9370574951171875
COL1A2,KRAS only,2.5038671493530273
COL1A2,KRAS only,2.439464807510376
COL1A2,KRAS only,2.419154405593872
COL1A2,KRAS only,2.741762399673462
COL1A2,KRAS only,2.8875763416290283
COL1A2,KRAS only,2.194288969039917
COL1A2,KRAS only,2.529432773590088
COL1A2,KRAS only,2.6659724712371826
COL1A2,KRAS only,2.0832998752593994
COL1A2,KRAS only,2.60528302192688
COL1A2,KRAS only,2.0051143169403076
COL1A2,KRAS only,2.3233540058135986
COL1A2,KRAS only,2.7261364459991455
COL1A2,KRAS only,2.330048084259033
COL1A2,KRAS only,2.5412096977233887
COL1A2,KRAS only,3.4698686599731445
COL1A2,KRAS only,2.487438201904297
COL1A2,KRAS only,0.0
COL1A2,KRAS only,0.0
COL1A2,KRAS only,2.6091880798339844
COL1A2,KRAS only,2.170118570327759
COL1A2,KRAS only,2.3460233211517334
COL1A2,KRAS only,2.4836106300354004
COL1A2,KRAS only,2.576673984527588
COL1A2,KRAS only,2.2709217071533203
COL1A2,KRAS only,1.9053008556365967
COL1A2,KRAS only,2.3968722820281982
COL1A2,KRAS only,2.8218908309936523
COL1A2,KRAS only,2.827676773071289
COL1A2,KRAS only,2.8990633487701416
COL1A2,KRAS only,2.3598711490631104
COL1A2,KRAS only,2.498380661010742
COL1A2,KRAS only,2.950737476348877
COL1A2,KRAS only,2.8159937858581543
COL1A2,KRAS only,2.757366895675659
COL1A2,KRAS only,2.4125258922576904
COL1A2,KRAS only,2.7766520977020264
COL1A2,KRAS only,2.874086380004883
COL1A2,KRAS only,0.0
COL1A2,KRAS only,2.514050006866455
COL1A2,KRAS only,2.3707926273345947
COL1A2,KRAS only,2.0892560482025146
COL1A2,KRAS only,2.67935848236084
COL1A2,KRAS only,2.768141746520996
COL1A2,KRAS only,2.487395763397217
COL1A2,KRAS only,3.068756103515625
COL1A2,KRAS only,2.428048610687256
COL1A2,KRAS only,2.4098901748657227
COL1A2,KRAS only,2.5139737129211426
COL1A2,KRAS only,2.8423099517822266
COL1A2,KRAS only,2.68542218208313
COL1A2,KRAS only,2.5574328899383545
COL1A2,KRAS only,2.076741933822632
COL1A2,KRAS only,2.5636634826660156
COL1A2,KRAS only,2.591115713119507
COL1A2,KRAS only,2.254406213760376
COL1A2,KRAS only,2.7164947986602783
COL1A2,KRAS only,1.9256634712219238
COL1A2,KRAS only,2.290010690689087
COL1A2,KRAS only,2.446524143218994
COL1A2,KRAS only,3.3030076026916504
COL1A2,KRAS only,2.4890084266662598
COL1A2,KRAS only,0.0
COL1A2,KRAS only,2.7075443267822266
COL1A2,KRAS only,1.7615190744400024
COL1A2,KRAS only,2.6094982624053955
COL1A2,KRAS only,2.3377997875213623
COL1A2,KRAS only,2.931126594543457
COL1A2,KRAS only,0.0
COL1A2,KRAS only,2.556033134460449
COL1A2,KRAS only,2.527277708053589
COL1A2,KRAS only,2.34950852394104
COL1A2,KRAS only,2.240973472595215
COL1A2,KRAS only,2.637993574142456
COL1A2,KRAS only,2.792501926422119
COL1A2,KRAS only,2.748304843902588
COL1A2,KRAS only,1.2693068981170654
COL1A2,KRAS only,2.2723560333251953
COL1A2,KRAS only,2.549497127532959
COL1A2,KRAS only,2.124253034591675
COL1A2,KRAS only,2.163691759109497
COL1A2,KRAS only,2.051967144012451
COL1A2,KRAS only,2.4472124576568604
COL1A2,KRAS only,2.5317800045013428
COL1A2,KRAS only,1.604799747467041
COL1A2,KRAS only,2.1788077354431152
COL1A2,KRAS only,0.0
COL1A2,KRAS only,2.4991331100463867
COL1A2,KRAS only,2.682227611541748
COL1A2,KRAS only,2.362558364868164
COL1A2,KRAS only,1.6247938871383667
COL1A2,KRAS only,2.5791382789611816
COL1A2,KRAS only,1.9726529121398926
COL1A2,KRAS only,2.332831859588623
COL1A2,KRAS only,2.491969347000122
COL1A2,KRAS only,2.8687469959259033
COL1A2,KRAS only,2.4971213340759277
COL1A2,KRAS only,2.720648765563965
COL1A2,KRAS only,2.870786190032959
COL1A2,KRAS only,0.0
COL1A2,KRAS only,2.3975446224212646
COL1A2,KRAS only,2.685119867324829
COL1A2,KRAS only,2.5699641704559326
COL1A2,KRAS only,2.827533006668091
COL1A2,KRAS only,1.9234737157821655
COL1A2,KRAS only,2.3075013160705566
COL1A2,KRAS only,1.811181902885437
COL1A2,KRAS only,2.734332799911499
COL1A2,KRAS only,2.6069531440734863
COL1A2,KRAS only,0.0
COL1A2,KRAS only,2.433523178100586
COL1A2,KRAS only,3.075164794921875
COL1A2,KRAS only,2.204535484313965
COL1A2,KRAS only,2.73457932472229
COL1A2,KRAS only,2.6362226009368896
COL1A2,KRAS only,3.063142776489258
COL1A2,KRAS only,2.6317665576934814
COL1A2,KRAS only,2.734456777572632
COL1A2,KRAS only,2.3689849376678467
COL1A2,KRAS only,2.7638187408447266
COL1A2,KRAS only,2.300379753112793
COL1A2,KRAS only,3.0298097133636475
COL1A2,KRAS only,2.5676281452178955
COL1A2,KRAS only,2.794795036315918
COL1A2,KRAS only,1.6463780403137207
COL1A2,KRAS only,1.4920942783355713
COL1A2,KRAS only,2.4130399227142334
COL1A2,KRAS only,2.199814796447754
COL1A2,KRAS only,0.0
COL1A2,KRAS only,2.2868871688842773
COL1A2,KRAS only,2.2300832271575928
COL1A2,KRAS only,0.0
COL1A2,KRAS only,1.8975030183792114
COL1A2,KRAS only,2.9003467559814453
COL1A2,KRAS only,2.67500638961792
COL1A2,KRAS only,2.400475263595581
COL1A2,KRAS only,1.9706655740737915
COL1A2,KRAS only,2.838531017303467
COL1A2,KRAS only,2.447061538696289
COL1A2,KRAS only,2.1160902976989746
COL1A2,KRAS only,2.449540615081787
COL1A2,KRAS only,0.0
COL1A2,KRAS only,0.0
COL1A2,KRAS only,2.2399961948394775
COL1A2,KRAS only,0.0
COL1A2,KRAS only,2.7232964038848877
COL1A2,KRAS only,0.0
COL1A2,KRAS only,2.3718037605285645
COL1A2,KRAS only,2.182652711868286
COL1A2,KRAS only,2.292963743209839
COL1A2,KRAS only,2.6299047470092773
COL1A2,KRAS only,2.475393295288086
COL1A2,KRAS only,1.9527759552001953
COL1A2,KRAS only,2.4540648460388184
COL1A2,KRAS only,3.3058605194091797
COL1A2,KRAS only,2.72927188873291
COL1A2,KRAS only,2.4950060844421387
COL1A2,KRAS only,2.393808364868164
COL1A2,KRAS only,2.6892755031585693
COL1A2,KRAS only,2.45412540435791
COL1A2,KRAS only,0.0
COL1A2,KRAS only,0.0
COL1A2,KRAS only,1.9063184261322021
COL1A2,KRAS only,2.6386165618896484
COL1A2,KRAS only,0.0
COL1A2,KRAS only,2.6852474212646484
COL1A2,KRAS only,2.832193374633789
COL1A2,KRAS only,2.244628429412842
COL1A2,KRAS only,2.5122411251068115
COL1A2,KRAS only,2.7648701667785645
COL1A2,KRAS only,1.5276416540145874
COL1A2,KRAS only,2.6248154640197754
COL1A2,KRAS only,0.0
COL1A2,KRAS only,2.872828722000122
COL1A2,KRAS only,3.05329966545105
COL1A2,KRAS only,2.433626890182495
COL1A2,KRAS only,1.9289475679397583
COL1A2,KRAS only,2.4821016788482666
COL1A2,KRAS only,2.2049691677093506
COL1A2,KRAS only,2.5050370693206787
COL1A2,KRAS only,2.5107622146606445
COL1A2,KRAS only,1.9988360404968262
COL1A2,KRAS only,2.913975238800049
COL1A2,KRAS only,1.590160608291626
COL1A2,KRAS only,3.3016419410705566
COL1A2,KRAS only,2.2976040840148926
COL1A2,KRAS only,2.1201624870300293
COL1A2,KRAS only,2.1588850021362305
COL1A2,KRAS only,2.739687919616699
COL1A2,KRAS only,2.579721450805664
COL1A2,KRAS only,2.6643483638763428
COL1A2,KRAS only,2.489889621734619
COL1A2,KRAS only,2.3508009910583496
COL1A2,KRAS only,2.4313502311706543
COL1A2,KRAS only,2.6311943531036377
COL1A2,KRAS only,2.480907678604126
COL1A2,KRAS only,2.7689528465270996
COL1A2,KRAS only,2.5031020641326904
COL1A2,KRAS only,2.468327045440674
COL1A2,KRAS only,2.9050514698028564
COL1A2,KRAS only,2.772449254989624
COL1A2,KRAS only,3.2628681659698486
COL1A2,KRAS only,3.2930099964141846
COL1A2,KRAS only,3.3973824977874756
COL1A2,KRAS only,2.8422834873199463
COL1A2,KRAS only,2.6480281352996826
COL1A2,KRAS only,0.0
COL1A2,KRAS only,0.0
COL1A2,KRAS only,2.2073936462402344
COL1A2,KRAS only,2.565340042114258
COL1A2,KRAS only,2.4529194831848145
COL1A2,KRAS only,2.9015045166015625
COL1A2,KRAS only,2.8084168434143066
COL1A2,KRAS only,3.0352883338928223
COL1A2,KRAS only,2.067931890487671
COL1A2,KRAS only,2.5682404041290283
COL1A2,KRAS only,2.7406039237976074
COL1A2,KRAS only,2.624692440032959
COL1A2,KRAS only,2.5854134559631348
COL1A2,KRAS only,2.498648166656494
COL1A2,KRAS only,0.0
COL1A2,KRAS only,2.5222373008728027
COL1A2,KRAS only,1.8674606084823608
COL1A2,KRAS only,2.6940524578094482
COL1A2,KRAS only,2.693354368209839
COL1A2,KRAS only,2.5391712188720703
COL1A2,KRAS only,2.5991687774658203
COL1A2,KRAS only,3.1943705081939697
COL1A2,KRAS only,1.5889219045639038
COL1A2,KRAS only,2.658984422683716
COL1A2,KRAS only,2.5926778316497803
COL1A2,KRAS only,2.5568156242370605
COL1A2,KRAS only,2.6373705863952637
COL1A2,KRAS only,2.2423880100250244
COL1A2,KRAS only,2.521092653274536
COL1A2,KRAS only,2.745795726776123
COL1A2,KRAS only,2.6307544708251953
COL1A2,KRAS only,2.3231518268585205
COL1A2,KRAS only,0.0
COL1A2,KRAS only,2.6273698806762695
COL1A2,KRAS only,2.32375168800354
COL1A2,KRAS only,0.0
COL1A2,KRAS only,2.4707138538360596
COL1A2,KRAS only,3.5780189037323
COL1A2,KRAS only,0.0
COL1A2,KRAS only,2.118685722351074
COL1A2,KRAS only,1.7594385147094727
COL1A2,KRAS only,2.4233038425445557
COL1A2,KRAS only,2.118342638015747
COL1A2,KRAS only,2.529069662094116
COL1A2,KRAS only,2.423151731491089
COL1A2,KRAS only,2.387275218963623
COL1A2,KRAS only,2.9074511528015137
COL1A2,KRAS only,2.48844313621521
COL1A2,KRAS only,2.565969705581665
COL1A2,KRAS only,2.823672294616699
COL1A2,KRAS only,2.517441749572754
COL1A2,KRAS only,3.071704149246216
COL1A2,KRAS only,2.4502058029174805
COL1A2,KRAS only,2.556147575378418
COL1A2,KRAS only,2.291682720184326
COL1A2,KRAS only,2.3824243545532227
COL1A2,KRAS only,2.609293222427368
COL1A2,KRAS only,2.478165864944458
COL1A2,KRAS only,2.6758875846862793
COL1A2,KRAS only,2.332235097885132
COL1A2,KRAS only,2.675107717514038
COL1A2,KRAS only,2.5125656127929688
COL1A2,KRAS only,2.489020824432373
COL1A2,KRAS only,2.717514753341675
COL1A2,KRAS only,2.444223403930664
COL1A2,KRAS only,2.7548727989196777
COL1A2,KRAS only,2.438446521759033
COL1A2,KRAS only,0.0
COL1A2,KRAS only,2.4813883304595947
COL1A2,KRAS only,2.5077311992645264
COL1A2,KRAS only,2.701294422149658
COL1A2,KRAS only,2.166779041290283
COL1A2,KRAS only,2.6527833938598633
COL1A2,KRAS only,2.5260465145111084
COL1A2,KRAS only,2.599212408065796
COL1A2,KRAS only,2.60282301902771
COL1A2,KRAS only,2.3580269813537598
COL1A2,KRAS only,2.4026670455932617
COL1A2,KRAS only,2.3542580604553223
COL1A2,KRAS only,2.5960304737091064
COL1A2,KRAS only,2.6310877799987793
COL1A2,KRAS only,2.9261560440063477
COL1A2,KRAS only,2.4401984214782715
COL1A2,KRAS only,3.3661997318267822
COL1A2,KRAS only,2.382248640060425
COL1A2,KRAS only,2.7936315536499023
COL1A2,KRAS only,3.3315980434417725
COL1A2,KRAS only,2.482334852218628
COL1A2,KRAS only,2.826990842819214
COL1A2,KRAS only,2.1648402214050293
COL1A2,KRAS only,2.253909111022949
COL1A2,KRAS only,3.1647918224334717
COL1A2,KRAS only,2.4119250774383545
COL1A2,KRAS only,0.0
COL1A2,KRAS only,2.606513023376465
COL1A2,KRAS only,2.798048257827759
COL1A2,KRAS only,0.0
COL1A2,KRAS only,2.561831474304199
COL1A2,KRAS only,2.1823883056640625
COL1A2,KRAS only,2.550687789916992
COL1A2,KRAS only,2.365713357925415
COL1A2,KRAS only,2.971022129058838
COL1A2,KRAS only,0.0
COL1A2,KRAS only,2.683278799057007
COL1A2,KRAS only,2.320028066635132
COL1A2,KRAS only,0.0
COL1A2,KRAS only,1.2333958148956299
COL1A2,KRAS only,2.0834743976593018
COL1A2,KRAS only,2.5218355655670166
COL1A2,KRAS only,2.1795613765716553
COL1A2,KRAS only,0.0
COL1A2,KRAS only,2.565742254257202
COL1A2,KRAS only,2.836946487426758
COL1A2,KRAS only,2.816821575164795
COL1A2,KRAS only,2.50100040435791
COL1A2,KRAS only,2.3336472511291504
COL1A2,KRAS only,2.9897940158843994
COL1A2,KRAS only,2.900151491165161
COL1A2,KRAS only,2.727308750152588
COL1A2,KRAS only,1.2500982284545898
COL1A2,KRAS only,0.0
COL1A2,KRAS only,2.7604103088378906
COL1A2,KRAS only,3.4383020401000977
COL1A2,KRAS only,2.107414484024048
COL1A2,KRAS only,2.9560208320617676
COL1A2,KRAS only,2.585576295852661
COL1A2,KRAS only,2.680868625640869
COL1A2,KRAS only,2.364300489425659
COL1A2,KRAS only,2.9185988903045654
COL1A2,KRAS only,0.0
COL1A2,KRAS only,2.165984630584717
COL1A2,KRAS only,0.0
COL1A2,KRAS only,2.1769487857818604
COL1A2,KRAS only,2.4040377140045166
COL1A2,KRAS only,3.0487442016601562
COL1A2,KRAS only,2.3143513202667236
COL1A2,KRAS only,2.575929641723633
COL1A2,KRAS only,2.133518695831299
COL1A2,KRAS only,0.0
COL1A2,KRAS only,0.0
COL1A2,KRAS only,2.573598623275757
COL1A2,KRAS only,2.688382148742676
COL1A2,KRAS only,0.0
COL1A2,KRAS only,2.3190665245056152
COL1A2,KRAS only,2.970709800720215
COL1A2,KRAS only,2.544553279876709
COL1A2,KRAS only,2.5372843742370605
COL1A2,KRAS only,2.2225701808929443
COL1A2,KRAS only,2.356172800064087
COL1A2,KRAS only,2.5048630237579346
COL1A2,KRAS only,2.599708318710327
COL1A2,KRAS only,2.932587146759033
COL1A2,KRAS only,2.3801567554473877
COL1A2,KRAS only,2.4845523834228516
COL1A2,KRAS only,2.4975242614746094
COL1A2,KRAS only,2.359780788421631
COL1A2,KRAS only,2.6109201908111572
COL1A2,KRAS only,2.639590263366699
COL1A2,KRAS only,2.4499030113220215
COL1A2,KRAS only,1.9056310653686523
COL1A2,KRAS only,2.4277429580688477
COL1A2,KRAS only,0.0
COL1A2,KRAS only,2.5826544761657715
COL1A2,KRAS only,2.519984483718872
COL1A2,KRAS only,2.4893534183502197
COL1A2,KRAS only,2.7081503868103027
COL1A2,KRAS only,2.8595409393310547
COL1A2,KRAS only,2.3488333225250244
COL1A2,KRAS only,2.6468231678009033
COL1A2,KRAS only,2.5482277870178223
COL1A2,KRAS only,2.622058868408203
COL1A2,KRAS only,2.3139758110046387
COL1A2,KRAS only,2.4967002868652344
COL1A2,KRAS only,2.727198600769043
COL1A2,KRAS only,0.0
COL1A2,KRAS only,2.365591049194336
COL1A2,KRAS only,2.3565807342529297
COL1A2,KRAS only,3.1940104961395264
COL1A2,KRAS only,2.016178607940674
COL1A2,KRAS only,2.6210293769836426
COL1A2,KRAS only,2.157743453979492
COL1A2,KRAS only,2.5434207916259766
COL1A2,KRAS only,2.4917068481445312
COL1A2,KRAS only,2.5190036296844482
COL1A2,KRAS only,2.4735605716705322
COL1A2,KRAS only,1.2976059913635254
COL1A2,KRAS only,2.5697755813598633
COL1A2,KRAS only,0.0
COL1A2,KRAS only,2.98371958732605
COL1A2,KRAS only,2.4332361221313477
COL1A2,KRAS only,2.046912670135498
COL1A2,KRAS only,2.552196979522705
COL1A2,KRAS only,2.1855835914611816
COL1A2,KRAS only,2.596393346786499
COL1A2,KRAS only,2.47591495513916
COL1A2,KRAS only,2.8638272285461426
COL1A2,KRAS only,2.8293838500976562
COL1A2,KRAS only,2.2031590938568115
COL1A2,KRAS only,2.26218843460083
COL1A2,KRAS only,2.358349323272705
COL1A2,KRAS only,2.802250862121582
COL1A2,KRAS only,2.522155284881592
COL1A2,KRAS only,2.3505096435546875
COL1A2,KRAS only,2.3771133422851562
COL1A2,KRAS only,2.8799338340759277
COL1A2,KRAS only,2.59161376953125
COL1A2,KRAS only,2.528754472732544
COL1A2,KRAS only,2.1749370098114014
COL1A2,KRAS only,2.478372097015381
COL1A2,KRAS only,2.676345109939575
COL1A2,KRAS only,2.2700002193450928
COL1A2,KRAS only,2.6794040203094482
COL1A2,KRAS only,2.302725315093994
COL1A2,KRAS only,2.0472054481506348
COL1A2,KRAS only,2.651007652282715
COL1A2,KRAS only,2.814159631729126
COL1A2,KRAS only,2.28070330619812
COL1A2,KRAS only,2.6928229331970215
COL1A2,KRAS only,2.4558093547821045
COL1A2,KRAS only,1.8987983465194702
COL1A2,KRAS only,2.2690725326538086
COL1A2,KRAS only,3.010512113571167
COL1A2,KRAS only,2.761643886566162
COL1A2,KRAS only,0.0
COL1A2,KRAS only,2.9807374477386475
COL1A2,KRAS only,2.499305248260498
COL1A2,KRAS only,1.8999977111816406
COL1A2,KRAS only,2.953097105026245
COL1A2,KRAS only,2.4938948154449463
COL1A2,KRAS only,2.345468044281006
COL1A2,KRAS only,2.339193820953369
COL1A2,KRAS only,0.0
COL1A2,KRAS only,2.1468536853790283
COL1A2,KRAS only,2.8103761672973633
COL1A2,KRAS only,0.0
COL1A2,KRAS only,2.5487964153289795
COL1A2,KRAS only,2.3292837142944336
COL1A2,KRAS only,2.6727027893066406
COL1A2,KRAS only,2.4152491092681885
COL1A2,KRAS only,2.365896701812744
COL1A2,KRAS only,2.856579303741455
COL1A2,KRAS only,0.0
COL1A2,KRAS only,2.7659459114074707
COL1A2,KRAS only,2.6823031902313232
COL1A2,KRAS only,2.327099084854126
COL1A2,KRAS only,2.2551076412200928
COL1A2,KRAS only,2.662491798400879
COL1A2,KRAS only,2.9994399547576904
COL1A2,KRAS only,2.893404245376587
COL1A2,KRAS only,2.4610366821289062
COL1A2,KRAS only,2.2235753536224365
COL1A2,KRAS only,2.813988447189331
COL1A2,KRAS only,2.620840072631836
COL1A2,KRAS only,2.669407606124878
COL1A2,KRAS only,0.0
COL1A2,KRAS only,0.0
COL1A2,KRAS only,2.329244375228882
COL1A2,KRAS only,2.342998743057251
COL1A2,KRAS only,2.4986164569854736
COL1A2,KRAS only,2.507138729095459
COL1A2,KRAS only,2.729152202606201
COL1A2,KRAS only,2.3996424674987793
COL1A2,KRAS only,2.5321106910705566
COL1A2,KRAS only,2.3305375576019287
COL1A2,KRAS only,2.9886069297790527
COL1A2,KRAS only,2.0199809074401855
COL1A2,KRAS only,2.805239200592041
COL1A2,KRAS only,2.443222999572754
COL1A2,KRAS only,2.4090263843536377
COL1A2,KRAS only,2.6128950119018555
COL1A2,KRAS only,2.3633744716644287
COL1A2,KRAS only,2.1046817302703857
COL1A2,KRAS only,2.1989617347717285
COL1A2,KRAS only,2.464634895324707
COL1A2,KRAS only,2.094943046569824
COL1A2,KRAS only,2.59013032913208
COL1A2,KRAS only,2.08376145362854
COL1A2,KRAS only,1.9336673021316528
COL1A2,KRAS only,2.4826080799102783
COL1A2,KRAS only,2.8698630332946777
COL1A2,KRAS only,2.6637930870056152
COL1A2,KRAS only,2.8166322708129883
COL1A2,KRAS only,2.728766441345215
COL1A2,KRAS only,2.691680431365967
COL1A2,KRAS only,3.2990403175354004
COL1A2,KRAS only,2.6207056045532227
COL1A2,KRAS only,2.5211291313171387
COL1A2,KRAS only,2.5274384021759033
COL1A2,KRAS only,2.2130048274993896
COL1A2,KRAS only,0.0
COL1A2,KRAS only,2.0706593990325928
COL1A2,KRAS only,0.0
COL1A2,KRAS only,2.5293068885803223
COL1A2,KRAS only,2.470796585083008
COL1A2,KRAS only,0.0
COL1A2,KRAS only,1.4999032020568848
COL1A2,KRAS only,2.5657143592834473
COL1A2,KRAS only,1.7671951055526733
COL1A2,KRAS only,0.0
COL1A2,KRAS only,1.6801373958587646
COL1A2,KRAS only,2.4499711990356445
COL1A2,KRAS only,2.5707345008850098
COL1A2,KRAS only,2.7867624759674072
COL1A2,KRAS only,2.6572155952453613
COL1A2,KRAS only,2.2455966472625732
COL1A2,KRAS only,0.0
COL1A2,KRAS only,2.0999221801757812
COL1A2,KRAS only,0.0
COL1A2,KRAS only,2.4074761867523193
COL1A2,KRAS only,2.3338544368743896
COL1A2,KRAS only,0.0
COL1A2,KRAS only,2.8330838680267334
COL1A2,KRAS only,2.480473518371582
COL1A2,KRAS only,2.8285508155822754
COL1A2,KRAS only,2.475102663040161
COL1A2,KRAS only,2.2887957096099854
COL1A2,KRAS only,1.5586086511611938
COL1A2,KRAS only,2.6752872467041016
COL1A2,KRAS only,2.510983467102051
COL1A2,KRAS only,2.37951397895813
COL1A2,KRAS only,2.9080986976623535
COL1A2,KRAS only,2.9085681438446045
COL1A2,KRAS only,2.2369210720062256
COL1A2,KRAS only,2.1873881816864014
COL1A2,KRAS only,2.319410800933838
COL1A2,KRAS only,2.1295719146728516
COL1A2,KRAS only,2.3451337814331055
COL1A2,KRAS only,2.839906930923462
COL1A2,KRAS only,0.0
COL1A2,KRAS only,2.965545177459717
COL1A2,KRAS only,2.465496301651001
COL1A2,KRAS only,2.668370485305786
COL1A2,KRAS only,2.2281250953674316
COL1A2,KRAS only,2.6720130443573
COL1A2,KRAS only,2.8498764038085938
COL1A2,KRAS only,0.0
COL1A2,KRAS only,3.2454943656921387
COL1A2,KRAS only,2.663722515106201
COL1A2,KRAS only,2.922720432281494
COL1A2,KRAS only,2.060182571411133
COL1A2,KRAS only,3.0554661750793457
COL1A2,KRAS only,2.470668315887451
COL1A2,KRAS only,2.7149252891540527
COL1A2,KRAS only,2.51941180229187
COL1A2,KRAS only,2.512338876724243
COL1A2,KRAS only,2.39013671875
COL1A2,KRAS only,2.446157217025757
COL1A2,KRAS only,2.278512954711914
COL1A2,KRAS only,2.445047378540039
COL1A2,KRAS only,2.667846918106079
COL1A2,KRAS only,2.4495961666107178
COL1A2,KRAS only,2.7125778198242188
COL1A2,KRAS only,2.423041343688965
COL1A2,KRAS only,2.2567877769470215
COL1A2,KRAS only,2.404022216796875
COL1A2,KRAS only,2.9348907470703125
COL1A2,KRAS only,2.2178173065185547
COL1A2,KRAS only,2.62972092628479
COL1A2,KRAS only,2.473905086517334
COL1A2,KRAS only,2.323993682861328
COL1A2,KRAS only,2.563105821609497
COL1A2,KRAS only,0.0
COL1A2,KRAS only,2.656111717224121
COL1A2,KRAS only,2.6929421424865723
COL1A2,KRAS only,2.316579580307007
COL1A2,KRAS only,2.4942219257354736
COL1A2,KRAS only,2.855221748352051
COL1A2,KRAS only,2.598726749420166
COL1A2,KRAS only,0.0
COL1A2,KRAS only,2.4166407585144043
COL1A2,KRAS only,2.7914044857025146
COL1A2,KRAS only,2.334965229034424
COL1A2,KRAS only,2.6884877681732178
COL1A2,KRAS only,2.3641669750213623
COL1A2,KRAS only,2.514658212661743
COL1A2,KRAS only,1.9466559886932373
COL1A2,KRAS only,2.4181928634643555
COL1A2,KRAS only,2.8957407474517822
COL1A2,KRAS only,2.191403388977051
COL1A2,KRAS only,1.9720968008041382
COL1A2,KRAS only,2.330216407775879
COL1A2,KRAS only,2.2697837352752686
COL1A2,KRAS only,3.1500613689422607
COL1A2,KRAS only,2.5239005088806152
COL1A2,KRAS only,2.79754900932312
COL1A2,KRAS only,2.6518311500549316
COL1A2,KRAS only,0.0
COL1A2,KRAS only,2.9138171672821045
COL1A2,KRAS only,2.632944345474243
COL1A2,KRAS only,2.465549945831299
COL1A2,KRAS only,2.1050710678100586
COL1A2,KRAS only,2.3996376991271973
COL1A2,KRAS only,2.640052080154419
COL1A2,KRAS only,2.704057455062866
COL1A2,KRAS only,2.633091449737549
COL1A2,KRAS only,2.9335601329803467
COL1A2,KRAS only,3.061487913131714
COL1A2,KRAS only,0.0
COL1A2,KRAS only,2.3627772331237793
COL1A2,KRAS only,2.64133882522583
COL1A2,KRAS only,2.537601947784424
COL1A2,KRAS only,2.385054111480713
COL1A2,KRAS only,2.579411029815674
COL1A2,KRAS only,0.0
COL1A2,KRAS only,2.4094955921173096
COL1A2,KRAS only,2.5426135063171387
COL1A2,KRAS only,3.1265175342559814
COL1A2,KRAS only,2.6580605506896973
COL1A2,KRAS only,2.5201964378356934
COL1A2,KRAS only,2.441272258758545
COL1A2,KRAS only,2.6130871772766113
COL1A2,KRAS only,2.42594051361084
COL1A2,KRAS only,2.375319719314575
COL1A2,KRAS only,0.0
COL1A2,KRAS only,2.9636545181274414
COL1A2,KRAS only,2.423187494277954
COL1A2,KRAS only,2.166741371154785
COL1A2,KRAS only,2.232828140258789
COL1A2,KRAS only,2.4306116104125977
COL1A2,KRAS only,2.493478298187256
COL1A2,KRAS only,2.308762788772583
COL1A2,KRAS only,2.6058578491210938
COL1A2,KRAS only,3.070796012878418
COL1A2,KRAS only,1.532726526260376
COL1A2,KRAS only,2.51202392578125
COL1A2,KRAS only,3.5720455646514893
COL1A2,KRAS only,2.243671178817749
COL1A2,KRAS only,2.4968063831329346
COL1A2,KRAS only,2.8189361095428467
COL1A2,KRAS only,3.161482572555542
COL1A2,KRAS only,3.041508674621582
COL1A2,KRAS only,2.5595717430114746
COL1A2,KRAS only,2.2881624698638916
COL1A2,KRAS only,2.532912254333496
COL1A2,KRAS only,0.8472691774368286
COL1A2,KRAS only,2.391810417175293
COL1A2,KRAS only,2.625586986541748
COL1A2,KRAS only,2.8599178791046143
COL1A2,KRAS only,2.219397783279419
COL1A2,KRAS only,2.630077838897705
COL1A2,KRAS only,2.604511022567749
COL1A2,KRAS only,2.624756097793579
COL1A2,KRAS only,2.295725107192993
COL1A2,KRAS only,2.608168125152588
COL1A2,KRAS only,1.9809831380844116
COL1A2,KRAS only,2.5880744457244873
COL1A2,KRAS only,0.0
COL1A2,KRAS only,2.5746078491210938
COL1A2,KRAS only,2.0037126541137695
COL1A2,KRAS only,2.3052453994750977
COL1A2,KRAS only,2.2860913276672363
COL1A2,KRAS only,2.2669103145599365
COL1A2,KRAS only,1.9057191610336304
COL1A2,KRAS only,2.410728693008423
COL1A2,KRAS only,2.543142318725586
COL1A2,KRAS only,2.4397099018096924
COL1A2,KRAS only,2.9214248657226562
COL1A2,KRAS only,2.504221200942993
COL1A2,KRAS only,2.2175581455230713
COL1A2,KRAS only,2.242439031600952
COL1A2,KRAS only,2.615382671356201
COL1A2,KRAS only,2.7532958984375
COL1A2,KRAS only,2.3629655838012695
COL1A2,KRAS only,2.626103162765503
COL1A2,KRAS only,2.21030592918396
COL1A2,KRAS only,2.232370138168335
COL1A2,KRAS only,2.2648282051086426
COL1A2,KRAS only,2.7901134490966797
COL1A2,KRAS only,0.0
COL1A2,KRAS only,0.0
COL1A2,KRAS only,2.7138478755950928
COL1A2,KRAS only,2.6367366313934326
COL1A2,KRAS only,2.901268243789673
COL1A2,KRAS only,2.392956495285034
COL1A2,KRAS only,2.073765993118286
COL1A2,KRAS only,2.342677354812622
COL1A2,KRAS only,2.7005362510681152
COL1A2,KRAS only,2.6444506645202637
COL1A2,KRAS only,2.4044859409332275
COL1A2,KRAS only,2.6822867393493652
COL1A2,KRAS only,0.0
COL1A2,KRAS only,2.6071155071258545
COL1A2,KRAS only,2.06489896774292
COL1A2,KRAS only,2.8436663150787354
COL1A2,KRAS only,2.866020679473877
COL1A2,KRAS only,2.4618284702301025
COL1A2,KRAS only,2.4563004970550537
COL1A2,KRAS only,2.259470224380493
COL1A2,KRAS only,2.686164379119873
COL1A2,KRAS only,1.762150764465332
COL1A2,KRAS only,2.5584940910339355
COL1A2,KRAS only,2.8821523189544678
COL1A2,KRAS only,2.8338844776153564
COL1A2,KRAS only,2.348099946975708
COL1A2,KRAS only,2.3860654830932617
COL1A2,KRAS only,2.4463438987731934
COL1A2,KRAS only,2.3839592933654785
COL1A2,KRAS only,0.0
COL1A2,KRAS only,2.266146183013916
COL1A2,KRAS only,0.0
COL1A2,KRAS only,2.1885106563568115
COL1A2,KRAS only,1.8266392946243286
COL1A2,KRAS only,2.558150291442871
COL1A2,KRAS only,2.3611812591552734
COL1A2,KRAS only,2.9541738033294678
COL1A2,KRAS only,2.7579665184020996
COL1A2,KRAS only,1.8037185668945312
COL1A2,KRAS only,0.0
COL1A2,KRAS only,2.3214776515960693
COL1A2,KRAS only,3.040614366531372
COL1A2,KRAS only,0.0
COL1A2,KRAS only,2.5290653705596924
COL1A2,KRAS only,1.6946449279785156
COL1A2,KRAS only,2.5088086128234863
COL1A2,KRAS only,2.9120044708251953
COL1A2,KRAS only,2.5594091415405273
COL1A2,KRAS only,2.5707859992980957
COL1A2,KRAS only,2.495152473449707
COL1A2,KRAS only,2.105839252471924
COL1A2,KRAS only,2.5737178325653076
COL1A2,KRAS only,3.165006637573242
COL1A2,KRAS only,2.07065486907959
COL1A2,KRAS only,2.7979397773742676
COL1A2,KRAS only,2.5374374389648438
COL1A2,KRAS only,2.8143625259399414
COL1A2,KRAS only,2.386061668395996
COL1A2,KRAS only,2.2184829711914062
COL1A2,KRAS only,0.0
COL1A2,KRAS only,2.208130121231079
COL1A2,KRAS only,3.130835771560669
COL1A2,KRAS only,2.2357378005981445
COL1A2,KRAS only,2.5821239948272705
COL1A2,KRAS only,3.0155324935913086
COL1A2,KRAS only,2.659907102584839
COL1A2,KRAS only,2.447309970855713
COL1A2,KRAS only,2.3317277431488037
COL1A2,KRAS only,2.2950096130371094
COL1A2,KRAS only,2.37494158744812
COL1A2,KRAS only,2.2885186672210693
COL1A2,KRAS only,2.662797212600708
COL1A2,KRAS only,3.027947187423706
COL1A2,KRAS only,2.3656258583068848
COL1A2,KRAS only,2.3214738368988037
COL1A2,KRAS only,2.517084836959839
COL1A2,KRAS only,2.6956162452697754
COL1A2,KRAS only,2.401746988296509
COL1A2,KRAS only,2.73406720161438
COL1A2,KRAS only,0.0
COL1A2,KRAS only,2.760241746902466
COL1A2,KRAS only,2.7527084350585938
COL1A2,KRAS only,2.671844720840454
COL1A2,KRAS only,2.9058384895324707
COL1A2,KRAS only,2.3017470836639404
COL1A2,KRAS only,2.6369245052337646
COL1A2,KRAS only,3.077545166015625
COL1A2,KRAS only,0.0
COL1A2,KRAS only,2.287733554840088
COL1A2,KRAS only,2.7431511878967285
COL1A2,KRAS only,2.650022506713867
COL1A2,KRAS only,2.443211078643799
COL1A2,KRAS only,2.3373990058898926
COL1A2,KRAS only,2.3834104537963867
COL1A2,KRAS only,2.4061338901519775
COL1A2,KRAS only,2.2594244480133057
COL1A2,KRAS only,2.742163896560669
COL1A2,KRAS only,2.7120025157928467
COL1A2,KRAS only,0.0
COL1A2,KRAS only,2.261035442352295
COL1A2,KRAS only,2.8656373023986816
COL1A2,KRAS only,1.8922483921051025
COL1A2,KRAS only,2.5220139026641846
COL1A2,KRAS only,1.4535088539123535
COL1A2,KRAS only,2.42645263671875
COL1A2,KRAS only,2.2626914978027344
COL1A2,KRAS only,2.644911527633667
COL1A2,KRAS only,0.0
COL1A2,KRAS only,2.7386982440948486
COL1A2,KRAS only,2.726853847503662
COL1A2,KRAS only,2.349841594696045
COL1A2,KRAS only,1.3741481304168701
COL1A2,KRAS only,2.411640167236328
COL1A2,KRAS only,2.400190830230713
COL1A2,KRAS only,2.6745781898498535
COL1A2,KRAS only,2.71451735496521
COL1A2,KRAS only,2.78991436958313
COL1A2,KRAS only,2.087979793548584
COL1A2,KRAS only,2.5904972553253174
COL1A2,KRAS only,2.5670511722564697
COL1A2,KRAS only,3.0392119884490967
COL1A2,KRAS only,2.7575981616973877
COL1A2,KRAS only,2.1541943550109863
COL1A2,KRAS only,2.643273115158081
COL1A2,KRAS only,3.125311851501465
COL1A2,KRAS only,2.2990217208862305
COL1A2,KRAS only,2.3543994426727295
COL1A2,KRAS only,2.553075075149536
COL1A2,KRAS only,2.558326005935669
COL1A2,KRAS only,2.1829636096954346
COL1A2,KRAS only,0.0
COL1A2,KRAS only,2.52406644821167
COL1A2,KRAS only,2.2569825649261475
COL1A2,KRAS only,2.5808026790618896
COL1A2,KRAS only,2.5989878177642822
COL1A2,KRAS only,2.4375228881835938
COL1A2,KRAS only,2.1563377380371094
COL1A2,KRAS only,2.609114646911621
COL1A2,KRAS only,2.672743082046509
COL1A2,KRAS only,2.4235754013061523
COL1A2,KRAS only,2.27996563911438
COL1A2,KRAS only,3.105851173400879
COL1A2,KRAS only,2.7996668815612793
COL1A2,KRAS only,2.6284615993499756
COL1A2,KRAS only,2.6611428260803223
COL1A2,KRAS only,0.0
COL1A2,KRAS only,2.653235673904419
COL1A2,KRAS only,2.736685276031494
COL1A2,KRAS only,2.2214548587799072
COL1A2,KRAS only,0.0
COL1A2,KRAS only,3.0225298404693604
COL1A2,KRAS only,2.1779582500457764
COL1A2,KRAS only,2.282830238342285
COL1A2,KRAS only,2.722705125808716
COL1A2,KRAS only,2.4342756271362305
COL1A2,KRAS only,2.2324750423431396
COL1A2,KRAS only,2.722238302230835
COL1A2,KRAS only,2.516998291015625
COL1A2,KRAS only,2.479469060897827
COL1A2,KRAS only,2.1906344890594482
COL1A2,KRAS only,2.8673150539398193
COL1A2,KRAS only,2.3376734256744385
COL1A2,KRAS only,2.139918327331543
COL1A2,KRAS only,2.515007972717285
COL1A2,KRAS only,2.133087635040283
COL1A2,KRAS only,2.5356245040893555
COL1A2,KRAS only,2.5874648094177246
COL1A2,KRAS only,2.4186878204345703
COL1A2,KRAS only,1.5462250709533691
COL1A2,KRAS only,2.670625925064087
COL1A2,KRAS only,2.660517454147339
COL1A2,KRAS only,2.4886817932128906
COL1A2,KRAS only,2.5969135761260986
COL1A2,KRAS only,2.732698440551758
COL1A2,KRAS only,0.0
COL1A2,KRAS only,2.480389356613159
COL1A2,KRAS only,2.3050265312194824
COL1A2,KRAS only,2.2170772552490234
COL1A2,KRAS only,2.2190823554992676
COL1A2,KRAS only,2.398977279663086
COL1A2,KRAS only,2.1705434322357178
COL1A2,KRAS only,2.8019351959228516
COL1A2,KRAS only,3.0413122177124023
COL1A2,KRAS only,1.9385960102081299
COL1A2,KRAS only,2.723374128341675
COL1A2,KRAS only,2.5403969287872314
COL1A2,KRAS only,2.275876045227051
COL1A2,KRAS only,2.3809709548950195
COL1A2,KRAS only,2.522641181945801
COL1A2,KRAS only,2.3498382568359375
COL1A2,KRAS only,2.720912218093872
COL1A2,KRAS only,2.303860664367676
COL1A2,KRAS only,2.751504421234131
COL1A2,KRAS only,2.525334358215332
COL1A2,KRAS only,2.1270601749420166
COL1A2,KRAS only,2.306924819946289
COL1A2,KRAS only,2.716498851776123
COL1A2,KRAS only,1.178315281867981
COL1A2,KRAS only,2.5004537105560303
COL1A2,KRAS only,0.0
COL1A2,KRAS only,2.312225818634033
COL1A2,KRAS only,2.5651371479034424
COL1A2,KRAS only,2.2037551403045654
COL1A2,KRAS only,2.104799270629883
COL1A2,KRAS only,1.8681766986846924
COL1A2,KRAS only,2.7067086696624756
COL1A2,KRAS only,2.0922939777374268
COL1A2,KRAS only,2.3976826667785645
COL1A2,KRAS only,2.9577391147613525
COL1A2,KRAS only,2.6371564865112305
COL1A2,KRAS only,2.380253314971924
COL1A2,KRAS only,2.8472914695739746
COL1A2,KRAS only,2.5396761894226074
COL1A2,KRAS only,2.1344380378723145
COL1A2,KRAS only,2.8290717601776123
COL1A2,KRAS only,2.2396678924560547
COL1A2,KRAS only,2.9439544677734375
COL1A2,KRAS only,2.6235783100128174
COL1A2,KRAS only,1.7710286378860474
COL1A2,KRAS only,0.0
COL1A2,KRAS only,2.499667167663574
COL1A2,KRAS only,2.650367021560669
COL1A2,KRAS only,2.1308043003082275
COL1A2,KRAS only,2.4391562938690186
COL1A2,KRAS only,2.1608028411865234
COL1A2,KRAS only,2.447671890258789
COL1A2,KRAS only,2.4898924827575684
COL1A2,KRAS only,2.3469526767730713
COL1A2,KRAS only,2.584099292755127
COL1A2,KRAS only,2.67504620552063
COL1A2,KRAS only,2.7379894256591797
COL1A2,KRAS only,2.9337961673736572
COL1A2,KRAS only,2.1323423385620117
COL1A2,KRAS only,2.191089391708374
COL1A2,KRAS only,2.759092092514038
COL1A2,KRAS only,2.6974422931671143
COL1A2,KRAS only,2.1710519790649414
COL1A2,KRAS only,2.591001033782959
COL1A2,KRAS only,2.819502115249634
COL1A2,KRAS only,2.8634941577911377
COL1A2,KRAS only,2.9113516807556152
COL1A2,KRAS only,2.264808177947998
COL1A2,KRAS only,2.208130359649658
COL1A2,KRAS only,2.108938694000244
COL1A2,KRAS only,2.3330821990966797
COL1A2,KRAS only,0.0
COL1A2,KRAS only,2.4380674362182617
COL1A2,KRAS only,2.2436604499816895
COL1A2,KRAS only,3.032435417175293
COL1A2,KRAS only,3.044581174850464
COL1A2,KRAS only,1.9442113637924194
COL1A2,KRAS only,2.3741984367370605
COL1A2,KRAS only,2.6928787231445312
COL1A2,KRAS only,2.8148200511932373
COL1A2,KRAS only,2.5868682861328125
COL1A2,KRAS only,2.795907735824585
COL1A2,KRAS only,2.6410980224609375
COL1A2,KRAS only,2.0846712589263916
COL1A2,KRAS only,2.4983654022216797
COL1A2,KRAS only,2.4131414890289307
COL1A2,KRAS only,1.8827760219573975
COL1A2,KRAS only,2.544504165649414
COL1A2,KRAS only,2.8130862712860107
COL1A2,KRAS only,2.3677191734313965
COL1A2,KRAS only,2.506685256958008
COL1A2,KRAS only,2.4620354175567627
COL1A2,KRAS only,3.153958797454834
COL1A2,KRAS only,2.2097511291503906
COL1A2,KRAS only,2.752511501312256
COL1A2,KRAS only,2.2689027786254883
COL1A2,KRAS only,2.691267728805542
COL1A2,KRAS only,2.37453293800354
COL1A2,KRAS only,2.7328648567199707
COL1A2,KRAS only,2.360865831375122
COL1A2,KRAS only,2.683852195739746
COL1A2,KRAS only,2.615947961807251
COL1A2,KRAS only,3.080770969390869
COL1A2,KRAS only,1.7905765771865845
COL1A2,KRAS only,2.4222583770751953
COL1A2,KRAS only,2.5168986320495605
COL1A2,KRAS only,2.6926677227020264
COL1A2,KRAS only,2.1880335807800293
COL1A2,KRAS only,2.2943451404571533
COL1A2,KRAS only,2.5071170330047607
COL1A2,KRAS only,2.3468236923217773
COL1A2,KRAS only,2.674511671066284
COL1A2,KRAS only,2.6071927547454834
COL1A2,KRAS only,1.9030990600585938
COL1A2,KRAS only,2.8071420192718506
COL1A2,KRAS only,2.5773279666900635
COL1A2,KRAS only,2.654506206512451
COL1A2,KRAS only,3.3901758193969727
COL1A2,KRAS only,2.159939765930176
COL1A2,KRAS only,2.6306748390197754
COL1A2,KRAS only,1.9973210096359253
COL1A2,KRAS only,2.6782073974609375
COL1A2,KRAS only,2.771639585494995
COL1A2,KRAS only,2.3792028427124023
COL1A2,KRAS only,2.331071376800537
COL1A2,KRAS only,2.452620029449463
COL1A2,KRAS only,2.834482192993164
COL1A2,KRAS only,2.764289140701294
COL1A2,KRAS only,2.845287799835205
COL1A2,KRAS only,1.8794357776641846
COL1A2,KRAS only,2.56923246383667
COL1A2,KRAS only,2.7552266120910645
COL1A2,KRAS only,0.0
COL1A2,KRAS only,2.3275938034057617
COL1A2,KRAS only,2.1011548042297363
COL1A2,KRAS only,2.6403439044952393
COL1A2,KRAS only,2.3974814414978027
COL1A2,KRAS only,2.7961502075195312
COL1A2,KRAS only,2.6776020526885986
COL1A2,KRAS only,2.73421311378479
COL1A2,KRAS only,2.140399932861328
COL1A2,KRAS only,2.503634452819824
COL1A2,KRAS only,2.229825496673584
COL1A2,KRAS only,0.0
COL1A2,KRAS only,1.40712571144104
COL1A2,KRAS only,2.555093765258789
COL1A2,KRAS only,2.3910884857177734
COL1A2,KRAS only,2.3154847621917725
COL1A2,KRAS only,3.0391616821289062
COL1A2,KRAS only,2.6527791023254395
COL1A2,KRAS only,2.5908467769622803
COL1A2,KRAS only,2.4721245765686035
COL1A2,KRAS only,2.3442251682281494
COL1A2,KRAS only,2.620806932449341
COL1A2,KRAS only,2.753868341445923
COL1A2,KRAS only,2.147040605545044
COL1A2,KRAS only,2.4382214546203613
COL1A2,KRAS only,2.7072935104370117
COL1A2,KRAS only,2.7694337368011475
COL1A2,KRAS only,2.3264617919921875
COL1A2,KRAS only,2.6359102725982666
COL1A2,KRAS only,1.7526283264160156
COL1A2,KRAS only,2.4057159423828125
COL1A2,KRAS only,0.0
COL1A2,KRAS only,2.627852439880371
COL1A2,KRAS only,2.5287890434265137
COL1A2,KRAS only,2.381791830062866
COL1A2,KRAS only,0.0
COL1A2,KRAS only,3.0329957008361816
COL1A2,KRAS only,2.6215293407440186
COL1A2,KRAS only,2.114049196243286
COL1A2,KRAS only,2.8231117725372314
COL1A2,KRAS only,2.323573350906372
COL1A2,KRAS only,2.2848196029663086
COL1A2,KRAS only,0.0
COL1A2,KRAS only,2.6830286979675293
COL1A2,KRAS only,2.218200206756592
COL1A2,KRAS only,2.4852113723754883
COL1A2,KRAS only,2.3356411457061768
COL1A2,KRAS only,2.7675390243530273
COL1A2,KRAS only,2.057570457458496
COL1A2,KRAS only,2.9415650367736816
COL1A2,KRAS only,3.2740068435668945
COL1A2,KRAS only,2.1699821949005127
COL1A2,KRAS only,1.999764323234558
COL1A2,KRAS only,2.908388376235962
COL1A2,KRAS only,2.4019057750701904
COL1A2,KRAS only,2.3642423152923584
COL1A2,KRAS only,2.4865071773529053
COL1A2,KRAS only,2.40102481842041
COL1A2,KRAS only,2.3617663383483887
COL1A2,KRAS only,2.501185417175293
COL1A2,KRAS only,2.366401195526123
COL1A2,KRAS only,3.419973134994507
COL1A2,KRAS only,2.8368074893951416
COL1A2,KRAS only,2.2172129154205322
COL1A2,KRAS only,1.7050955295562744
COL1A2,KRAS only,2.362802267074585
COL1A2,KRAS only,2.1186797618865967
COL1A2,KRAS only,2.4804317951202393
COL1A2,KRAS only,2.9334421157836914
COL1A2,KRAS only,1.8837218284606934
COL1A2,KRAS only,2.4072718620300293
COL1A2,KRAS only,2.84912109375
COL1A2,KRAS only,2.884021043777466
COL1A2,KRAS only,2.7170019149780273
COL1A2,KRAS only,2.1306684017181396
COL1A2,KRAS only,2.57969069480896
COL1A2,KRAS only,2.598466396331787
COL1A2,KRAS only,2.6325111389160156
COL1A2,KRAS only,2.2653002738952637
COL1A2,KRAS only,2.2720446586608887
COL1A2,KRAS only,1.995611310005188
COL1A2,KRAS only,2.546053886413574
COL1A2,KRAS only,2.1155614852905273
COL1A2,KRAS only,2.4244022369384766
COL1A2,KRAS only,2.130004405975342
COL1A2,KRAS only,2.5949974060058594
COL1A2,KRAS only,2.5631940364837646
COL1A2,KRAS only,2.705045461654663
COL1A2,KRAS only,2.603588581085205
COL1A2,KRAS only,3.1038501262664795
COL1A2,KRAS only,2.289375066757202
COL1A2,KRAS only,2.483370780944824
COL1A2,KRAS only,2.7122950553894043
COL1A2,KRAS only,0.0
COL1A2,KRAS only,2.5241312980651855
COL1A2,KRAS only,2.865539789199829
COL1A2,KRAS only,2.5728511810302734
COL1A2,KRAS only,3.006295919418335
COL1A2,KRAS only,2.380627155303955
COL1A2,KRAS only,2.5001516342163086
COL1A2,KRAS only,2.822293519973755
COL1A2,KRAS only,2.375326156616211
COL1A2,KRAS only,2.698455810546875
COL1A2,KRAS only,1.1472887992858887
COL1A2,KRAS only,2.223036289215088
COL1A2,KRAS only,2.7725141048431396
COL1A2,KRAS only,2.473160982131958
COL1A2,KRAS only,2.003347396850586
COL1A2,KRAS only,1.9095548391342163
COL1A2,KRAS only,0.0
COL1A2,KRAS only,2.8481009006500244
COL1A2,KRAS only,2.4113597869873047
COL1A2,KRAS only,2.166982412338257
COL1A2,KRAS only,2.569650173187256
COL1A2,KRAS only,2.5803112983703613
COL1A2,KRAS only,2.781917095184326
COL1A2,KRAS only,2.2918701171875
COL1A2,KRAS only,2.578394889831543
COL1A2,KRAS only,2.2115445137023926
COL1A2,KRAS only,2.6750097274780273
COL1A2,KRAS only,2.5672426223754883
COL1A2,KRAS only,2.5553231239318848
COL1A2,KRAS only,2.78159236907959
COL1A2,KRAS only,2.05964994430542
COL1A2,KRAS only,2.6431472301483154
COL1A2,KRAS only,2.0262062549591064
COL1A2,KRAS only,2.7541162967681885
COL1A2,KRAS only,2.2761847972869873
COL1A2,KRAS only,2.7356374263763428
COL1A2,KRAS only,2.950848340988159
COL1A2,KRAS only,0.0
COL1A2,KRAS only,2.199047327041626
COL1A2,KRAS only,2.3973991870880127
COL1A2,KRAS only,2.791914463043213
COL1A2,KRAS only,2.5675594806671143
COL1A2,KRAS only,2.409464120864868
COL1A2,KRAS only,2.1983628273010254
COL1A2,KRAS only,2.6127357482910156
COL1A2,KRAS only,2.548389196395874
COL1A2,KRAS only,2.4976601600646973
COL1A2,KRAS only,1.9930769205093384
COL1A2,KRAS only,0.0
COL1A2,KRAS only,0.0
COL1A2,KRAS only,0.0
COL1A2,KRAS only,2.5545923709869385
COL1A2,KRAS only,2.4631896018981934
COL1A2,KRAS only,2.893817901611328
COL1A2,KRAS only,2.66225266456604
COL1A2,KRAS only,2.61775541305542
COL1A2,KRAS only,2.450826644897461
COL1A2,KRAS only,0.0
COL1A2,KRAS only,2.739346981048584
COL1A2,KRAS only,2.5966784954071045
COL1A2,KRAS only,2.603323221206665
COL1A2,KRAS only,0.0
COL1A2,KRAS only,2.423140287399292
COL1A2,KRAS only,2.342355728149414
COL1A2,KRAS only,2.634824514389038
COL1A2,KRAS only,2.587043285369873
COL1A2,KRAS only,2.7192139625549316
COL1A2,KRAS only,0.0
COL1A2,KRAS only,2.4605727195739746
COL1A2,KRAS only,0.0
COL1A2,KRAS only,2.6767613887786865
COL1A2,KRAS only,2.5297369956970215
COL1A2,KRAS only,2.5339741706848145
COL1A2,KRAS only,2.6621084213256836
COL1A2,KRAS only,2.372493028640747
COL1A2,KRAS only,2.8628787994384766
COL1A2,KRAS only,2.7767343521118164
COL1A2,KRAS only,2.5741403102874756
COL1A2,KRAS only,3.3482367992401123
COL1A2,KRAS only,2.8564743995666504
COL1A2,KRAS only,2.414228677749634
COL1A2,KRAS only,2.9617364406585693
COL1A2,KRAS only,2.2288336753845215
COL1A2,KRAS only,2.4762580394744873
COL1A2,KRAS only,2.6483006477355957
COL1A2,KRAS only,2.5289556980133057
COL1A2,KRAS only,3.0617618560791016
COL1A2,KRAS only,2.68183970451355
COL1A2,KRAS only,3.3777663707733154
COL1A2,KRAS only,2.4240236282348633
COL1A2,KRAS only,2.551900625228882
COL1A2,KRAS only,1.8120977878570557
COL1A2,KRAS only,1.705718755722046
COL1A2,KRAS only,2.4353771209716797
COL1A2,KRAS only,2.550791025161743
COL1A2,KRAS only,2.599583387374878
COL1A2,KRAS only,2.0277538299560547
COL1A2,KRAS only,2.91151762008667
COL1A2,KRAS only,1.7739659547805786
COL1A2,KRAS only,2.5865883827209473
COL1A2,KRAS only,1.5763580799102783
COL1A2,KRAS only,1.684199571609497
COL1A2,KRAS only,2.182785749435425
COL1A2,KRAS only,2.477905750274658
COL1A2,KRAS only,1.8032864332199097
COL1A2,KRAS only,2.682202100753784
COL1A2,KRAS only,2.7196052074432373
COL1A2,KRAS only,2.381525993347168
COL1A2,KRAS only,2.5103919506073
COL1A2,KRAS only,2.455183506011963
COL1A2,KRAS only,0.0
COL1A2,KRAS only,2.585406541824341
COL1A2,KRAS only,2.636199712753296
COL1A2,KRAS only,2.1573851108551025
COL1A2,KRAS only,2.8358078002929688
COL1A2,KRAS only,2.4538207054138184
COL1A2,KRAS only,1.7102773189544678
COL1A2,KRAS only,3.2333734035491943
COL1A2,KRAS only,2.415447235107422
COL1A2,KRAS only,1.899214506149292
COL1A2,KRAS only,2.2451364994049072
COL1A2,KRAS only,2.4997708797454834
COL1A2,KRAS only,2.324310302734375
COL1A2,KRAS only,2.412989616394043
COL1A2,KRAS only,2.6832997798919678
COL1A2,KRAS only,2.4995040893554688
COL1A2,KRAS only,2.7066545486450195
COL1A2,KRAS only,2.7110674381256104
COL1A2,KRAS only,2.736156463623047
COL1A2,KRAS only,2.04518723487854
COL1A2,KRAS only,2.6318814754486084
COL1A2,KRAS only,2.6555612087249756
COL1A2,KRAS only,2.3340678215026855
COL1A2,KRAS only,2.303548812866211
COL1A2,KRAS only,2.509873151779175
COL1A2,KRAS only,2.3535690307617188
COL1A2,KRAS only,2.627476453781128
COL1A2,KRAS only,3.070868492126465
COL1A2,KRAS only,2.7498247623443604
COL1A2,KRAS only,2.8100290298461914
COL1A2,KRAS only,2.2129554748535156
COL1A2,KRAS only,2.361297369003296
COL1A2,KRAS only,2.6519064903259277
COL1A2,KRAS only,2.030473232269287
COL1A2,KRAS only,2.8578524589538574
COL1A2,KRAS only,2.755664587020874
COL1A2,KRAS only,0.0
COL1A2,KRAS only,2.7362923622131348
COL1A2,KRAS only,2.528003692626953
COL1A2,KRAS only,2.718101739883423
COL1A2,KRAS only,2.4005470275878906
COL1A2,KRAS only,1.587918758392334
COL1A2,KRAS only,1.818101406097412
COL1A2,KRAS only,2.5591394901275635
COL1A2,KRAS only,2.5338239669799805
COL1A2,KRAS only,2.5354018211364746
COL1A2,KRAS only,0.0
COL1A2,KRAS only,2.586230993270874
COL1A2,KRAS only,2.8487231731414795
COL1A2,KRAS only,0.0
COL1A2,KRAS only,2.2251856327056885
COL1A2,KRAS only,1.8505167961120605
COL1A2,KRAS only,2.473377227783203
COL1A2,KRAS only,2.935678005218506
COL1A2,KRAS only,2.713099241256714
COL1A2,KRAS only,2.186647653579712
COL1A2,KRAS only,2.595266342163086
COL1A2,KRAS only,2.4798014163970947
COL1A2,KRAS only,2.6123762130737305
COL1A2,KRAS only,2.2346479892730713
COL1A2,KRAS only,2.336547374725342
COL1A2,KRAS only,2.167375087738037
COL1A2,KRAS only,2.445209503173828
COL1A2,KRAS only,2.492058277130127
COL1A2,KRAS only,2.421403646469116
COL1A2,KRAS only,3.2581570148468018
COL1A2,KRAS only,2.543281316757202
COL1A2,KRAS only,2.357638359069824
COL1A2,KRAS only,2.3672239780426025
COL1A2,KRAS only,0.0
COL1A2,KRAS only,0.0
COL1A2,KRAS only,0.0
COL1A2,KRAS only,2.71897554397583
COL1A2,KRAS only,2.7494165897369385
COL1A2,KRAS only,2.433116912841797
COL1A2,KRAS only,2.122371196746826
COL1A2,KRAS only,3.0971057415008545
COL1A2,KRAS only,2.7109203338623047
COL1A2,KRAS only,2.519916296005249
COL1A2,KRAS only,2.8192882537841797
COL1A2,KRAS only,2.74277925491333
COL1A2,KRAS only,2.562446117401123
COL1A2,KRAS only,1.466567873954773
COL1A2,KRAS only,2.2876415252685547
COL1A2,KRAS only,2.422792673110962
COL1A2,KRAS only,2.328343152999878
COL1A2,KRAS only,2.728675127029419
COL1A2,KRAS only,2.055155038833618
COL1A2,KRAS only,2.0962140560150146
COL1A2,KRAS only,2.137601852416992
COL1A2,KRAS only,2.381458044052124
COL1A2,KRAS only,2.568688154220581
COL1A2,KRAS only,2.3994343280792236
COL1A2,KRAS only,2.438253402709961
COL1A2,KRAS only,2.4682116508483887
COL1A2,KRAS only,3.025622606277466
COL1A2,KRAS only,2.652249813079834
COL1A2,KRAS only,3.0054101943969727
COL1A2,KRAS only,2.6208362579345703
COL1A2,KRAS only,2.0977468490600586
COL1A2,KRAS only,2.7629544734954834
COL1A2,KRAS only,2.641848564147949
COL1A2,KRAS only,0.0
COL1A2,KRAS only,2.5930166244506836
COL1A2,KRAS only,0.0
COL1A2,KRAS only,2.7028629779815674
COL1A2,KRAS only,0.0
COL1A2,KRAS only,2.521899700164795
COL1A2,KRAS only,2.4988372325897217
COL1A2,KRAS only,1.9230481386184692
COL1A2,KRAS only,2.3886804580688477
COL1A2,KRAS only,2.4233975410461426
COL1A2,KRAS only,2.5474681854248047
COL1A2,KRAS only,2.82853102684021
COL1A2,KRAS only,3.006169557571411
COL1A2,KRAS only,2.624603033065796
COL1A2,KRAS only,2.628995656967163
COL1A2,KRAS only,2.411195993423462
COL1A2,KRAS only,2.7650504112243652
COL1A2,KRAS only,2.0134196281433105
COL1A2,KRAS only,2.6410622596740723
COL1A2,KRAS only,2.950997829437256
COL1A2,KRAS only,2.469135046005249
COL1A2,KRAS only,2.5310420989990234
COL1A2,KRAS only,2.980754852294922
COL1A2,KRAS only,2.903554677963257
COL1A2,KRAS only,2.6260297298431396
COL1A2,KRAS only,2.716718912124634
COL1A2,KRAS only,2.529374837875366
COL1A2,KRAS only,2.5513484477996826
COL1A2,KRAS only,2.356121778488159
COL1A2,KRAS only,0.0
COL1A2,KRAS only,2.6117947101593018
COL1A2,KRAS only,2.657721519470215
COL1A2,KRAS only,2.086819887161255
COL1A2,KRAS only,2.446984052658081
COL1A2,KRAS only,2.275714874267578
COL1A2,KRAS only,2.9638030529022217
COL1A2,KRAS only,2.6381499767303467
COL1A2,KRAS only,2.59146785736084
COL1A2,KRAS only,1.7525005340576172
COL1A2,KRAS only,2.34077787399292
COL1A2,KRAS only,2.152320384979248
COL1A2,KRAS only,2.5015132427215576
COL1A2,KRAS only,2.115614414215088
COL1A2,KRAS only,2.6888508796691895
COL1A2,KRAS only,0.0
COL1A2,KRAS only,2.444045066833496
COL1A2,KRAS only,2.8431315422058105
COL1A2,KRAS only,2.4489855766296387
COL1A2,KRAS only,2.4700865745544434
COL1A2,KRAS only,0.0
COL1A2,KRAS only,2.3973276615142822
COL1A2,KRAS only,0.0
COL1A2,KRAS only,2.476090431213379
COL1A2,KRAS only,2.388134479522705
COL1A2,KRAS only,2.5819778442382812
COL1A2,KRAS only,0.0
COL1A2,KRAS only,2.321917772293091
COL1A2,KRAS only,2.789567232131958
COL1A2,KRAS only,2.703364133834839
COL1A2,KRAS only,2.6053249835968018
COL1A2,KRAS only,2.6273224353790283
COL1A2,KRAS only,0.0
COL1A2,KRAS only,2.6162314414978027
COL1A2,KRAS only,2.614685297012329
COL1A2,KRAS only,2.8171041011810303
COL1A2,KRAS only,2.761692762374878
COL1A2,KRAS only,2.6259148120880127
COL1A2,KRAS only,2.299696922302246
COL1A2,KRAS only,2.730964183807373
COL1A2,KRAS only,2.3877251148223877
COL1A2,KRAS only,2.8423569202423096
COL1A2,KRAS only,2.8075292110443115
COL1A2,KRAS only,2.6364660263061523
COL1A2,KRAS only,2.7861976623535156
COL1A2,KRAS only,2.370330333709717
COL1A2,KRAS only,2.8056955337524414
COL1A2,KRAS only,2.544569253921509
COL1A2,KRAS only,2.0641298294067383
COL1A2,KRAS only,0.0
COL1A2,KRAS only,2.240089178085327
COL1A2,KRAS only,2.942626476287842
COL1A2,KRAS only,2.9628145694732666
COL1A2,KRAS only,2.5713186264038086
COL1A2,KRAS only,2.1872479915618896
COL1A2,KRAS only,2.5873019695281982
COL1A2,KRAS only,2.8637142181396484
COL1A2,KRAS only,2.47761869430542
COL1A2,KRAS only,2.664245843887329
COL1A2,KRAS only,1.990297555923462
COL1A2,KRAS only,2.5730397701263428
COL1A2,KRAS only,2.638636589050293
COL1A2,KRAS only,3.151296854019165
COL1A2,KRAS only,2.622871160507202
COL1A2,KRAS only,2.7676074504852295
COL1A2,KRAS only,0.0
COL1A2,KRAS only,2.5528783798217773
COL1A2,KRAS only,2.503641128540039
COL1A2,KRAS only,2.649629831314087
COL1A2,KRAS only,2.1580586433410645
COL1A2,KRAS only,2.1735031604766846
COL1A2,KRAS only,2.618420124053955
COL1A2,KRAS only,2.536752462387085
COL1A2,KRAS only,2.584413766860962
COL1A2,KRAS only,0.0
COL1A2,KRAS only,2.7747347354888916
COL1A2,KRAS only,2.333005428314209
COL1A2,KRAS only,2.088005542755127
COL1A2,KRAS only,2.674595355987549
COL1A2,KRAS only,2.1395323276519775
COL1A2,KRAS only,2.6802544593811035
COL1A2,KRAS only,2.325949192047119
COL1A2,KRAS only,2.3686652183532715
COL1A2,KRAS only,2.8307955265045166
COL1A2,KRAS only,3.2272775173187256
COL1A2,KRAS only,2.8873050212860107
COL1A2,KRAS only,2.7336952686309814
COL1A2,KRAS only,2.478034496307373
COL1A2,KRAS only,2.278996229171753
COL1A2,KRAS only,2.857046604156494
COL1A2,KRAS only,2.5481841564178467
COL1A2,KRAS only,2.4942069053649902
COL1A2,KRAS only,2.4630579948425293
COL1A2,KRAS only,2.236337661743164
COL1A2,KRAS only,2.520275592803955
COL1A2,KRAS only,2.739377498626709
COL1A2,KRAS only,3.0239803791046143
COL1A2,KRAS only,2.761612892150879
COL1A2,KRAS only,3.0394909381866455
COL1A2,KRAS only,2.5444867610931396
COL1A2,KRAS only,0.0
COL1A2,KRAS only,2.629655122756958
COL1A2,KRAS only,2.3796026706695557
COL1A2,KRAS only,2.348717212677002
COL1A2,KRAS only,2.572843313217163
COL1A2,KRAS only,1.2530354261398315
COL1A2,KRAS only,2.636402130126953
COL1A2,KRAS only,2.4930036067962646
COL1A2,KRAS only,2.4323747158050537
COL1A2,KRAS only,2.5258448123931885
COL1A2,KRAS only,2.591296434402466
COL1A2,KRAS only,1.733720064163208
COL1A2,KRAS only,2.5238404273986816
COL1A2,KRAS only,2.8080954551696777
COL1A2,KRAS only,2.630802869796753
COL1A2,KRAS only,2.6739346981048584
COL1A2,KRAS only,3.2437145709991455
COL1A2,KRAS only,2.8534438610076904
COL1A2,KRAS only,2.918592929840088
COL1A2,KRAS only,1.981499195098877
COL1A2,KRAS only,2.445646047592163
COL1A2,KRAS only,2.6769092082977295
COL1A2,KRAS only,1.7891623973846436
COL1A2,KRAS only,0.0
COL1A2,KRAS only,2.6130545139312744
COL1A2,KRAS only,2.5813024044036865
COL1A2,KRAS only,2.7942616939544678
COL1A2,KRAS only,0.0
COL1A2,KRAS only,2.4652979373931885
COL1A2,KRAS only,0.0
COL1A2,KRAS only,2.50862979888916
COL1A2,KRAS only,2.7229244709014893
COL1A2,KRAS only,1.5909688472747803
COL1A2,KRAS only,3.1623706817626953
COL1A2,KRAS only,2.607267379760742
COL1A2,KRAS only,2.759054660797119
COL1A2,KRAS only,2.5872340202331543
COL1A2,KRAS only,2.2165541648864746
COL1A2,KRAS only,2.1604487895965576
COL1A2,KRAS only,2.607792377471924
COL1A2,KRAS only,2.445683479309082
COL1A2,KRAS only,2.3027448654174805
COL1A2,KRAS only,2.556877374649048
COL1A2,KRAS only,2.626392126083374
COL1A2,KRAS only,2.455134153366089
COL1A2,KRAS only,2.469705104827881
COL1A2,KRAS only,2.6153666973114014
COL1A2,KRAS only,2.5289478302001953
COL1A2,KRAS only,2.3851380348205566
COL1A2,KRAS only,2.253545045852661
COL1A2,KRAS only,2.449023962020874
COL1A2,KRAS only,2.7583751678466797
COL1A2,KRAS only,2.462089776992798
COL1A2,KRAS only,2.591155767440796
COL1A2,KRAS only,2.6404192447662354
COL1A2,KRAS only,2.2990572452545166
COL1A2,KRAS only,2.325726270675659
COL1A2,KRAS only,3.0597212314605713
COL1A2,KRAS only,2.2559609413146973
COL1A2,KRAS only,2.4934275150299072
COL1A2,KRAS only,2.2574148178100586
COL1A2,KRAS only,1.8070391416549683
COL1A2,KRAS only,2.9743165969848633
COL1A2,KRAS only,2.5027451515197754
COL1A2,KRAS only,2.7366108894348145
COL1A2,KRAS only,2.225815773010254
COL1A2,KRAS only,2.597973585128784
COL1A2,KRAS only,0.0
COL1A2,KRAS only,2.5228431224823
COL1A2,KRAS only,2.2622406482696533
COL1A2,KRAS only,2.386282444000244
COL1A2,KRAS only,2.442678213119507
COL1A2,KRAS only,2.0477163791656494
COL1A2,KRAS only,2.24478816986084
COL1A2,KRAS only,2.6949143409729004
COL1A2,KRAS only,2.7780816555023193
COL1A2,KRAS only,2.567607879638672
COL1A2,KRAS only,2.654491662979126
COL1A2,KRAS only,1.9232072830200195
COL1A2,KRAS only,2.433917999267578
COL1A2,KRAS only,1.7856194972991943
COL1A2,KRAS only,3.0210506916046143
COL1A2,KRAS only,2.4572196006774902
COL1A2,KRAS only,2.5540904998779297
COL1A2,KRAS only,2.6419670581817627
COL1A2,KRAS only,2.3197531700134277
COL1A2,KRAS only,2.5465784072875977
COL1A2,KRAS only,2.581738233566284
COL1A2,KRAS only,3.063897132873535
COL1A2,KRAS only,2.054441213607788
COL1A2,KRAS only,2.466688632965088
COL1A2,KRAS only,2.4973747730255127
COL1A2,KRAS only,3.1163556575775146
COL1A2,KRAS only,2.5593111515045166
COL1A2,KRAS only,2.411745309829712
COL1A2,KRAS only,2.4995510578155518
COL1A2,KRAS only,3.0079352855682373
COL1A2,KRAS only,2.364229202270508
COL1A2,KRAS only,2.447474479675293
COL1A2,KRAS only,2.5848734378814697
COL1A2,KRAS only,2.050652265548706
COL1A2,KRAS only,1.4217885732650757
COL1A2,KRAS only,2.2166714668273926
COL1A2,KRAS only,2.8635354042053223
COL1A2,KRAS only,1.8179570436477661
COL1A2,KRAS only,2.5067145824432373
COL1A2,KRAS only,0.0
COL1A2,KRAS only,2.5567896366119385
COL1A2,KRAS only,0.0
COL1A2,KRAS only,2.4521656036376953
COL1A2,KRAS only,0.0
COL1A2,KRAS only,2.50284481048584
COL1A2,KRAS only,2.498507499694824
COL1A2,KRAS only,2.3133370876312256
COL1A2,KRAS only,3.1272666454315186
COL1A2,KRAS only,1.8019839525222778
COL1A2,KRAS only,2.737481117248535
COL1A2,KRAS only,2.556408166885376
COL1A2,KRAS only,2.2584266662597656
COL1A2,KRAS only,2.532388210296631
COL1A2,KRAS only,2.3942387104034424
COL1A2,KRAS only,2.4013519287109375
COL1A2,KRAS only,2.48787522315979
COL1A2,KRAS only,2.3600025177001953
COL1A2,KRAS only,3.0630569458007812
COL1A2,KRAS only,2.7984659671783447
COL1A2,KRAS only,2.2449593544006348
COL1A2,KRAS only,1.839975118637085
COL1A2,KRAS only,2.984224319458008
COL1A2,KRAS only,1.9960346221923828
COL1A2,KRAS only,2.6652474403381348
COL1A2,KRAS only,2.2167646884918213
COL1A2,KRAS only,2.4697020053863525
COL1A2,KRAS only,0.0
COL1A2,KRAS only,0.0
COL1A2,KRAS only,2.6384329795837402
COL1A2,KRAS only,2.6067419052124023
COL1A2,KRAS only,0.0
COL1A2,KRAS only,3.016951084136963
COL1A2,KRAS only,2.6948912143707275
COL1A2,KRAS only,1.9686375856399536
COL1A2,KRAS only,1.904572606086731
COL1A2,KRAS only,3.3048057556152344
COL1A2,KRAS only,2.4310483932495117
COL1A2,KRAS only,2.4716084003448486
COL1A2,KRAS only,2.9086146354675293
COL1A2,KRAS only,2.578362226486206
COL1A2,KRAS only,2.4699532985687256
COL1A2,KRAS only,2.882659673690796
COL1A2,KRAS only,2.390483856201172
COL1A2,KRAS only,3.2983152866363525
COL1A2,KRAS only,2.7259631156921387
COL1A2,KRAS only,2.5336217880249023
COL1A2,KRAS only,2.0480778217315674
COL1A2,KRAS only,2.7716500759124756
COL1A2,KRAS only,2.777556896209717
COL1A2,KRAS only,0.0
COL1A2,KRAS only,2.612642288208008
COL1A2,KRAS only,1.9815471172332764
COL1A2,KRAS only,2.3090949058532715
COL1A2,KRAS only,2.7768566608428955
COL1A2,KRAS only,0.0
COL1A2,KRAS only,0.0
COL1A2,KRAS only,1.9192599058151245
COL1A2,KRAS only,0.0
COL1A2,KRAS only,2.8290228843688965
COL1A2,KRAS only,2.118892192840576
COL1A2,KRAS only,2.97293758392334
COL1A2,KRAS only,2.535778522491455
COL1A2,KRAS only,2.431303024291992
COL1A2,KRAS only,2.2292721271514893
COL1A2,KRAS only,2.45568585395813
COL1A2,KRAS only,2.6376209259033203
COL1A2,KRAS only,1.8205335140228271
COL1A2,KRAS only,2.341531753540039
COL1A2,KRAS only,2.1671104431152344
COL1A2,KRAS only,1.9328540563583374
COL1A2,KRAS only,2.5561628341674805
COL1A2,KRAS only,2.2785513401031494
COL1A2,KRAS only,2.5037448406219482
COL1A2,KRAS only,2.559044599533081
COL1A2,KRAS only,3.396334409713745
COL1A2,KRAS only,2.4628820419311523
COL1A2,KRAS only,2.16174578666687
COL1A2,KRAS only,2.411332845687866
COL1A2,KRAS only,3.464726448059082
COL1A2,KRAS only,2.6477198600769043
COL1A2,KRAS only,2.6121599674224854
COL1A2,KRAS only,2.431684732437134
COL1A2,KRAS only,2.937575101852417
COL1A2,KRAS only,2.2356996536254883
COL1A2,KRAS only,3.3309407234191895
COL1A2,KRAS only,0.0
COL1A2,KRAS only,2.563297748565674
COL1A2,KRAS only,2.5212416648864746
COL1A2,KRAS only,2.4847452640533447
COL1A2,KRAS only,3.069176435470581
COL1A2,KRAS only,2.393554449081421
COL1A2,KRAS only,2.3711161613464355
COL1A2,KRAS only,2.3031787872314453
COL1A2,KRAS only,2.3837947845458984
COL1A2,KRAS only,2.6785576343536377
COL1A2,KRAS only,0.0
COL1A2,KRAS only,2.2274458408355713
COL1A2,KRAS only,2.538743257522583
COL1A2,KRAS only,2.6764321327209473
COL1A2,KRAS only,2.465952157974243
COL1A2,KRAS only,0.0
COL1A2,KRAS only,2.6627113819122314
COL1A2,KRAS only,2.145864963531494
COL1A2,KRAS only,2.3659965991973877
COL1A2,KRAS only,2.4013752937316895
COL1A2,KRAS only,2.027780532836914
COL1A2,KRAS only,2.6820249557495117
COL1A2,KRAS only,2.5478947162628174
COL1A2,KRAS only,2.557126998901367
COL1A2,KRAS only,2.428619861602783
COL1A2,KRAS only,1.7152700424194336
COL1A2,KRAS only,2.670502185821533
COL1A2,KRAS only,1.870825171470642
COL1A2,KRAS only,2.736131429672241
COL1A2,KRAS only,2.4589037895202637
COL1A2,KRAS only,2.9788074493408203
COL1A2,KRAS only,2.432605743408203
COL1A2,KRAS only,3.273083209991455
COL1A2,KRAS only,0.0
COL1A2,KRAS only,2.332253932952881
COL1A2,KRAS only,3.321413993835449
COL1A2,KRAS only,2.3964197635650635
COL1A2,KRAS only,2.891639232635498
COL1A2,KRAS only,2.7156386375427246
COL1A2,KRAS only,2.5441317558288574
COL1A2,KRAS only,0.0
COL1A2,KRAS only,2.2595903873443604
COL1A2,KRAS only,2.6659936904907227
COL1A2,KRAS only,2.7015836238861084
COL1A2,KRAS only,2.3180527687072754
COL1A2,KRAS only,2.0850799083709717
COL1A2,KRAS only,2.234544038772583
COL1A2,KRAS only,2.868218421936035
COL1A2,KRAS only,2.9223437309265137
COL1A2,KRAS only,2.6484529972076416
COL1A2,KRAS only,2.507718801498413
COL1A2,KRAS only,2.30429744720459
COL1A2,KRAS only,2.310009717941284
COL1A2,KRAS only,0.0
COL1A2,KRAS only,3.4732754230499268
COL1A2,KRAS only,2.079155206680298
COL1A2,KRAS only,2.6981558799743652
COL1A2,KRAS only,2.767524003982544
COL1A2,KRAS only,2.1223304271698
COL1A2,KRAS only,2.8283774852752686
COL1A2,KRAS only,2.6955690383911133
COL1A2,KRAS only,2.6960346698760986
COL1A2,KRAS only,2.4946138858795166
COL1A2,KRAS only,0.0
COL1A2,KRAS only,2.0536904335021973
COL1A2,KRAS only,2.2680160999298096
COL1A2,KRAS only,2.34444522857666
COL1A2,KRAS only,2.501439094543457
COL1A2,KRAS only,0.0
COL1A2,KRAS only,2.3664157390594482
COL1A2,KRAS only,2.3945627212524414
COL1A2,KRAS only,2.4655044078826904
COL1A2,KRAS only,2.4196364879608154
COL1A2,KRAS only,2.3441672325134277
COL1A2,KRAS only,2.424116373062134
COL1A2,KRAS only,2.2045764923095703
COL1A2,KRAS only,2.5788331031799316
COL1A2,KRAS only,2.8365819454193115
COL1A2,KRAS only,2.2237019538879395
COL1A2,KRAS only,2.6797189712524414
COL1A2,KRAS only,2.4347681999206543
COL1A2,KRAS only,2.5612759590148926
COL1A2,KRAS only,2.302018880844116
COL1A2,KRAS only,1.8085553646087646
COL1A2,KRAS only,2.806431770324707
COL1A2,KRAS only,2.392145872116089
COL1A2,KRAS only,2.2463314533233643
COL1A2,KRAS only,2.363513231277466
COL1A2,KRAS only,2.224458694458008
COL1A2,KRAS only,1.8500484228134155
COL1A2,KRAS only,2.3216023445129395
COL1A2,KRAS only,2.855502128601074
COL1A2,KRAS only,2.8049495220184326
COL1A2,KRAS only,2.5640337467193604
COL1A2,KRAS only,1.9963737726211548
COL1A2,KRAS only,2.6416921615600586
COL1A2,KRAS only,2.657092571258545
COL1A2,KRAS only,2.5268971920013428
COL1A2,KRAS only,2.4248087406158447
COL1A2,KRAS only,2.407682180404663
COL1A2,KRAS only,2.6367228031158447
COL1A2,KRAS only,2.595335006713867
COL1A2,KRAS only,2.2856993675231934
COL1A2,KRAS only,2.325411796569824
COL1A2,KRAS only,2.2376763820648193
COL1A2,KRAS only,2.7772393226623535
COL1A2,KRAS only,0.0
COL1A2,KRAS only,2.550811290740967
COL1A2,KRAS only,2.267251968383789
COL1A2,KRAS only,2.634570837020874
COL1A2,KRAS only,2.4556338787078857
COL1A2,KRAS only,3.050286293029785
COL1A2,KRAS only,2.4472663402557373
COL1A2,KRAS only,2.580575942993164
COL1A2,KRAS only,2.456547260284424
COL1A2,KRAS only,2.8267877101898193
COL1A2,KRAS only,2.683638334274292
COL1A2,KRAS only,2.8425536155700684
COL1A2,KRAS only,2.471444845199585
COL1A2,KRAS only,2.7757601737976074
COL1A2,KRAS only,2.692488670349121
COL1A2,KRAS only,1.9184297323226929
COL1A2,KRAS only,2.0747361183166504
COL1A2,KRAS only,0.0
COL1A2,KRAS only,2.7408525943756104
COL1A2,KRAS only,2.6858110427856445
COL1A2,KRAS only,2.5915327072143555
COL1A2,KRAS only,2.324789047241211
COL1A2,KRAS only,2.3889822959899902
COL1A2,KRAS only,2.216231346130371
COL1A2,KRAS only,2.316396951675415
COL1A2,KRAS only,2.0169596672058105
COL1A2,KRAS only,3.3398277759552
COL1A2,KRAS only,2.76117205619812
COL1A2,KRAS only,2.153517007827759
COL1A2,KRAS only,2.5192437171936035
COL1A2,KRAS only,1.7687982320785522
COL1A2,KRAS only,2.1755030155181885
COL1A2,KRAS only,2.6874818801879883
COL1A2,KRAS only,2.4765219688415527
COL1A2,KRAS only,2.559018611907959
COL1A2,KRAS only,2.5034613609313965
COL1A2,KRAS only,2.524524211883545
COL1A2,KRAS only,2.707648515701294
COL1A2,KRAS only,2.478797674179077
COL1A2,KRAS only,2.540309190750122
COL1A2,KRAS only,2.520092487335205
COL1A2,KRAS only,2.645292282104492
COL1A2,KRAS only,2.5045013427734375
COL1A2,KRAS only,2.7626078128814697
COL1A2,KRAS only,2.2700064182281494
COL1A2,KRAS only,2.907024621963501
COL1A2,KRAS only,2.298971652984619
COL1A2,KRAS only,2.2080886363983154
COL1A2,KRAS only,2.5958428382873535
COL1A2,KRAS only,2.410661220550537
COL1A2,KRAS only,2.6010541915893555
COL1A2,KRAS only,2.5843300819396973
COL1A2,KRAS only,2.971966028213501
COL1A2,KRAS only,2.4511830806732178
COL1A2,KRAS only,2.409379720687866
COL1A2,KRAS only,2.4847030639648438
COL1A2,KRAS only,2.89801025390625
COL1A2,KRAS only,2.534330368041992
COL1A2,KRAS only,2.6525673866271973
COL1A2,KRAS only,2.7120611667633057
COL1A2,KRAS only,0.0
COL1A2,KRAS only,2.5242435932159424
COL1A2,KRAS only,1.703623652458191
COL1A2,KRAS only,2.5562026500701904
COL1A2,KRAS only,2.7310636043548584
COL1A2,KRAS only,0.0
COL1A2,KRAS only,2.1039538383483887
COL1A2,KRAS only,2.5166189670562744
COL1A2,KRAS only,2.655489206314087
COL1A2,KRAS only,2.2334601879119873
COL1A2,KRAS only,1.7762081623077393
COL1A2,KRAS only,2.5325863361358643
COL1A2,KRAS only,0.0
COL1A2,KRAS only,2.5362589359283447
COL1A2,KRAS only,1.9064924716949463
COL1A2,KRAS only,2.3575379848480225
COL1A2,KRAS only,3.3476827144622803
COL1A2,KRAS only,2.3787426948547363
COL1A2,KRAS only,2.4171483516693115
COL1A2,KRAS only,0.0
COL1A2,KRAS only,0.0
COL1A2,KRAS only,2.0955581665039062
COL1A2,KRAS only,2.584479808807373
COL1A2,KRAS only,2.5858232975006104
COL1A2,KRAS only,2.399583339691162
COL1A2,KRAS only,2.568638801574707
COL1A2,KRAS only,1.7368748188018799
COL1A2,KRAS only,2.7815723419189453
COL1A2,KRAS only,2.675018310546875
COL1A2,KRAS only,2.01055908203125
COL1A2,KRAS only,2.562121629714966
COL1A2,KRAS only,2.498731851577759
COL1A2,KRAS only,2.5224478244781494
COL1A2,KRAS only,2.7017619609832764
COL1A2,KRAS only,2.482931613922119
COL1A2,KRAS only,2.096998453140259
COL1A2,KRAS only,2.6435892581939697
COL1A2,KRAS only,2.8664302825927734
COL1A2,KRAS only,2.46779203414917
COL1A2,KRAS only,2.7266037464141846
COL1A2,KRAS only,2.7751545906066895
COL1A2,KRAS only,2.2877254486083984
COL1A2,KRAS only,0.0
COL1A2,KRAS only,2.636336326599121
COL1A2,KRAS only,3.3604629039764404
COL1A2,KRAS only,2.3632500171661377
COL1A2,KRAS only,2.4514858722686768
COL1A2,KRAS only,2.426162004470825
COL1A2,KRAS only,2.837803602218628
COL1A2,KRAS only,1.928759217262268
COL1A2,KRAS only,2.2265217304229736
COL1A2,KRAS only,2.641446590423584
COL1A2,KRAS only,2.651766538619995
COL1A2,KRAS only,2.2938289642333984
COL1A2,KRAS only,2.438694953918457
COL1A2,KRAS only,2.363206386566162
COL1A2,KRAS only,2.235297203063965
COL1A2,KRAS only,2.9723410606384277
COL1A2,KRAS only,2.5591602325439453
COL1A2,KRAS only,2.6554529666900635
COL1A2,KRAS only,2.4591574668884277
COL1A2,KRAS only,2.3127281665802
COL1A2,KRAS only,2.4123871326446533
COL1A2,KRAS only,2.735975503921509
COL1A2,KRAS only,1.9874945878982544
COL1A2,KRAS only,2.377631187438965
COL1A2,KRAS only,2.240936279296875
COL1A2,KRAS only,2.716926097869873
COL1A2,KRAS only,2.864657402038574
COL1A2,KRAS only,0.0
COL1A2,KRAS only,2.044119358062744
COL1A2,KRAS only,2.5536112785339355
COL1A2,KRAS only,2.7108917236328125
COL1A2,KRAS only,2.5775818824768066
COL1A2,KRAS only,2.9052066802978516
COL1A2,KRAS only,2.351233720779419
COL1A2,KRAS only,2.455138921737671
COL1A2,KRAS only,3.178262710571289
COL1A2,KRAS only,2.52449631690979
COL1A2,KRAS only,2.926332712173462
COL1A2,KRAS only,2.6462862491607666
COL1A2,KRAS only,2.351428747177124
COL1A2,KRAS only,2.7271602153778076
COL1A2,KRAS only,2.4562413692474365
COL1A2,KRAS only,2.6170437335968018
COL1A2,KRAS only,1.9698578119277954
COL1A2,KRAS only,1.7685420513153076
COL1A2,KRAS only,2.2976019382476807
COL1A2,KRAS only,2.4589056968688965
COL1A2,KRAS only,2.5126779079437256
COL1A2,KRAS only,2.2168095111846924
COL1A2,KRAS only,2.392730474472046
COL1A2,KRAS only,2.1088075637817383
COL1A2,KRAS only,2.288158655166626
COL1A2,KRAS only,2.2530834674835205
COL1A2,KRAS only,2.4584622383117676
COL1A2,KRAS only,3.136367082595825
COL1A2,KRAS only,2.708986282348633
COL1A2,KRAS only,2.397014617919922
COL1A2,KRAS only,2.4173882007598877
COL1A2,KRAS only,2.749704360961914
COL1A2,KRAS only,2.940601348876953
COL1A2,KRAS only,0.0
COL1A2,KRAS only,2.5795390605926514
COL1A2,KRAS only,2.466930627822876
COL1A2,KRAS only,2.288487672805786
COL1A2,KRAS only,3.560272455215454
COL1A2,KRAS only,2.661815881729126
COL1A2,KRAS only,2.5343198776245117
COL1A2,KRAS only,2.2481155395507812
COL1A2,KRAS only,2.8195583820343018
COL1A2,KRAS only,2.720679759979248
COL1A2,KRAS only,2.780151605606079
COL1A2,KRAS only,3.088834285736084
COL1A2,KRAS only,2.1547892093658447
COL1A2,KRAS only,2.4484124183654785
COL1A2,KRAS only,2.2166364192962646
COL1A2,KRAS only,2.5454816818237305
COL1A2,KRAS only,2.5425188541412354
COL1A2,KRAS only,0.0
COL1A2,KRAS only,1.9998891353607178
COL1A2,KRAS only,2.7437925338745117
COL1A2,KRAS only,2.443971872329712
COL1A2,KRAS only,2.1288585662841797
COL1A2,KRAS only,2.2754709720611572
COL1A2,KRAS only,2.6020314693450928
COL1A2,KRAS only,2.3900086879730225
COL1A2,KRAS only,0.0
COL1A2,KRAS only,2.1545257568359375
COL1A2,KRAS only,2.201955795288086
COL1A2,KRAS only,2.142489433288574
COL1A2,KRAS only,2.9178385734558105
COL1A2,KRAS only,2.6228342056274414
COL1A2,KRAS only,2.6808793544769287
COL1A2,KRAS only,2.805509090423584
COL1A2,KRAS only,0.0
COL1A2,KRAS only,2.537999153137207
COL1A2,KRAS only,2.2180211544036865
COL1A2,KRAS only,2.889474630355835
COL1A2,KRAS only,2.4866623878479004
COL1A2,KRAS only,2.8858749866485596
COL1A2,KRAS only,2.6998329162597656
COL1A2,KRAS only,2.433201313018799
COL1A2,KRAS only,2.766472339630127
COL1A2,KRAS only,2.5311851501464844
COL1A2,KRAS only,2.6058602333068848
COL1A2,KRAS only,2.3797497749328613
COL1A2,KRAS only,2.4927897453308105
COL1A2,KRAS only,2.5516176223754883
COL1A2,KRAS only,2.579188346862793
COL1A2,KRAS only,2.6313600540161133
COL1A2,KRAS only,2.323643207550049
COL1A2,KRAS only,2.636620283126831
COL1A2,KRAS only,2.6132919788360596
COL1A2,KRAS only,2.2191860675811768
COL1A2,KRAS only,2.3725109100341797
COL1A2,KRAS only,2.772108554840088
COL1A2,KRAS only,2.5125508308410645
COL1A2,KRAS only,2.356818675994873
COL1A2,KRAS only,2.783677816390991
COL1A2,KRAS only,2.8857312202453613
COL1A2,KRAS only,2.283447027206421
COL1A2,KRAS only,3.501410961151123
COL1A2,KRAS only,1.894139051437378
COL1A2,KRAS only,2.780728816986084
COL1A2,KRAS only,2.936182975769043
COL1A2,KRAS only,2.512284517288208
COL1A2,KRAS only,2.6139519214630127
COL1A2,KRAS only,2.8397908210754395
COL1A2,KRAS only,2.8383543491363525
COL1A2,KRAS only,2.8207056522369385
COL1A2,KRAS only,2.7472283840179443
COL1A2,KRAS only,2.8865201473236084
COL1A2,KRAS only,2.560438632965088
COL1A2,KRAS only,2.8340365886688232
COL1A2,KRAS only,2.9799375534057617
COL1A2,KRAS only,2.707991361618042
COL1A2,KRAS only,2.164821147918701
COL1A2,KRAS only,2.525588035583496
COL1A2,KRAS only,0.0
COL1A2,KRAS only,0.0
COL1A2,KRAS only,3.0382063388824463
COL1A2,KRAS only,2.0875487327575684
COL1A2,KRAS only,2.4778783321380615
COL1A2,KRAS only,2.2766671180725098
COL1A2,KRAS only,2.2811405658721924
COL1A2,KRAS only,2.822748899459839
COL1A2,KRAS only,2.6053035259246826
COL1A2,KRAS only,0.0
COL1A2,KRAS only,2.6196162700653076
COL1A2,KRAS only,2.0195083618164062
COL1A2,KRAS only,2.7195425033569336
COL1A2,KRAS only,2.678292989730835
COL1A2,KRAS only,1.704246163368225
COL1A2,KRAS only,3.1331303119659424
COL1A2,KRAS only,2.5775623321533203
COL1A2,KRAS only,2.471301555633545
COL1A2,KRAS only,2.698744058609009
COL1A2,KRAS only,2.66701078414917
COL1A2,KRAS only,2.5198562145233154
COL1A2,KRAS only,2.623551845550537
COL1A2,KRAS only,2.6913561820983887
COL1A2,KRAS only,2.285039186477661
COL1A2,KRAS only,2.657731056213379
COL1A2,KRAS only,2.7516543865203857
COL1A2,KRAS only,2.9641714096069336
COL1A2,KRAS only,2.4060206413269043
COL1A2,KRAS only,2.717010021209717
COL1A2,KRAS only,2.6070330142974854
COL1A2,KRAS only,1.8572791814804077
COL1A2,KRAS only,2.684763193130493
COL1A2,KRAS only,2.451760768890381
COL1A2,KRAS only,1.9198925495147705
COL1A2,KRAS only,0.0
COL1A2,KRAS only,2.446488380432129
COL1A2,KRAS only,1.5531792640686035
COL1A2,KRAS only,2.6907036304473877
COL1A2,KRAS only,2.5567078590393066
COL1A2,KRAS only,0.0
COL1A2,KRAS only,3.1068408489227295
COL1A2,KRAS only,0.0
COL1A2,KRAS only,0.0
COL1A2,KRAS only,2.249582290649414
COL1A2,KRAS only,2.22634220123291
COL1A2,KRAS only,2.592170238494873
COL1A2,KRAS only,2.9072065353393555
COL1A2,KRAS only,2.157947301864624
COL1A2,KRAS only,2.9272336959838867
COL1A2,KRAS only,2.343276023864746
COL1A2,KRAS only,2.2449445724487305
COL1A2,KRAS only,2.681358814239502
COL1A2,KRAS only,0.0
COL1A2,KRAS only,2.3524694442749023
COL1A2,KRAS only,2.0956549644470215
COL1A2,KRAS only,3.4884867668151855
COL1A2,KRAS only,2.5132927894592285
COL1A2,KRAS only,2.4526660442352295
COL1A2,KRAS only,2.850778579711914
COL1A2,KRAS only,2.695479393005371
COL1A2,KRAS only,2.332364082336426
COL1A2,KRAS only,2.6474857330322266
COL1A2,KRAS only,2.1920390129089355
COL1A2,KRAS only,3.076509714126587
COL1A2,KRAS only,2.078909397125244
COL1A2,KRAS only,0.0
COL1A2,KRAS only,2.360806941986084
COL1A2,KRAS only,2.9806344509124756
COL1A2,KRAS only,2.1084628105163574
COL1A2,KRAS only,2.672006607055664
COL1A2,KRAS only,2.448610782623291
COL1A2,KRAS only,2.314649820327759
COL1A2,KRAS only,2.792635202407837
COL1A2,KRAS only,2.7119085788726807
COL1A2,KRAS only,2.6488704681396484
COL1A2,KRAS only,0.0
COL1A2,KRAS only,0.0
COL1A2,KRAS only,3.009232997894287
COL1A2,KRAS only,2.4756994247436523
COL1A2,KRAS only,1.9325366020202637
COL1A2,KRAS only,2.2569661140441895
COL1A2,KRAS only,2.12601637840271
COL1A2,KRAS only,2.5154547691345215
COL1A2,KRAS only,2.447187900543213
COL1A2,KRAS only,2.1472489833831787
COL1A2,KRAS only,1.533664584159851
COL1A2,KRAS only,2.7627668380737305
COL1A2,KRAS only,2.4471664428710938
COL1A2,KRAS only,3.2935256958007812
COL1A2,KRAS only,0.0
COL1A2,KRAS only,0.0
COL1A2,KRAS only,2.405815601348877
COL1A2,KRAS only,2.0651400089263916
COL1A2,KRAS only,2.919637441635132
COL1A2,KRAS only,2.2506518363952637
COL1A2,KRAS only,2.7382471561431885
COL1A2,KRAS only,1.7698289155960083
COL1A2,KRAS only,2.8228704929351807
COL1A2,KRAS only,0.0
COL1A2,KRAS only,2.4593381881713867
COL1A2,KRAS only,1.5486934185028076
COL1A2,KRAS only,2.127959966659546
COL1A2,KRAS only,2.847412109375
COL1A2,KRAS only,2.4095053672790527
COL1A2,KRAS only,3.0726280212402344
COL1A2,KRAS only,2.289468288421631
COL1A2,KRAS only,2.130821943283081
COL1A2,KRAS only,2.951749086380005
COL1A2,KRAS only,2.4255480766296387
COL1A2,KRAS only,2.637934446334839
COL1A2,KRAS only,2.4018945693969727
COL1A2,KRAS only,2.50915265083313
COL1A2,KRAS only,2.830143928527832
COL1A2,KRAS only,2.5335333347320557
COL1A2,KRAS only,2.3101446628570557
COL1A2,KRAS only,2.673051357269287
COL1A2,KRAS only,3.0541176795959473
COL1A2,KRAS only,2.3340137004852295
COL1A2,KRAS only,2.6173720359802246
COL1A2,KRAS only,3.0124568939208984
COL1A2,KRAS only,2.3235085010528564
COL1A2,KRAS only,2.351044178009033
COL1A2,KRAS only,3.040663719177246
COL1A2,KRAS only,2.630305051803589
COL1A2,KRAS only,2.446676254272461
COL1A2,KRAS only,2.643737316131592
COL1A2,KRAS only,2.564664602279663
COL1A2,KRAS only,2.5285325050354004
COL1A2,KRAS only,2.5562217235565186
COL1A2,KRAS only,2.3446521759033203
COL1A2,KRAS only,2.399056911468506
COL1A2,KRAS only,2.4311511516571045
COL1A2,KRAS only,2.6781258583068848
COL1A2,KRAS only,2.2006733417510986
COL1A2,KRAS only,2.5833349227905273
COL1A2,KRAS only,2.3381564617156982
COL1A2,KRAS only,2.45609712600708
COL1A2,KRAS only,2.1577486991882324
COL1A2,KRAS only,2.5681965351104736
COL1A2,KRAS only,2.7924630641937256
COL1A2,KRAS only,2.526329517364502
COL1A2,KRAS only,2.2868740558624268
COL1A2,KRAS only,2.4201622009277344
COL1A2,KRAS only,2.224687337875366
COL1A2,KRAS only,2.3304128646850586
COL1A2,KRAS only,2.3880252838134766
COL1A2,KRAS only,2.6627964973449707
COL1A2,KRAS only,2.2773663997650146
COL1A2,KRAS only,2.2428016662597656
COL1A2,KRAS only,2.408020496368408
COL1A2,KRAS only,2.5272955894470215
COL1A2,KRAS only,2.4285695552825928
COL1A2,KRAS only,2.634549856185913
COL1A2,KRAS only,2.657258987426758
COL1A2,KRAS only,0.0
COL1A2,KRAS only,2.4255611896514893
COL1A2,KRAS only,2.3867087364196777
COL1A2,KRAS only,2.2071168422698975
COL1A2,KRAS only,2.6596884727478027
COL1A2,KRAS only,1.9829734563827515
COL1A2,KRAS only,2.562260627746582
COL1A2,KRAS only,2.71093487739563
COL1A2,KRAS only,2.949617862701416
COL1A2,KRAS only,2.316228151321411
COL1A2,KRAS only,2.6074697971343994
COL1A2,KRAS only,2.3480615615844727
COL1A2,KRAS only,2.372284173965454
COL1A2,KRAS only,1.969768762588501
COL1A2,KRAS only,2.6794915199279785
COL1A2,KRAS only,1.9064868688583374
COL1A2,KRAS only,2.551682949066162
COL1A2,KRAS only,2.528168201446533
COL1A2,KRAS only,2.3059887886047363
COL1A2,KRAS only,2.55159854888916
COL1A2,KRAS only,2.632349729537964
COL1A2,KRAS only,2.4908642768859863
COL1A2,KRAS only,2.1515047550201416
COL1A2,KRAS only,2.5648839473724365
COL1A2,KRAS only,2.7932679653167725
COL1A2,KRAS only,2.502370595932007
COL1A2,KRAS only,2.5759992599487305
COL1A2,KRAS only,2.7747509479522705
COL1A2,KRAS only,2.6630759239196777
COL1A2,KRAS only,2.7625646591186523
COL1A2,KRAS only,0.0
COL1A2,KRAS only,2.6467370986938477
COL1A2,KRAS only,2.7957699298858643
COL1A2,KRAS only,2.7634599208831787
COL1A2,KRAS only,2.215747594833374
COL1A2,KRAS only,3.308833122253418
COL1A2,KRAS only,2.608642339706421
COL1A2,KRAS only,2.6273834705352783
COL1A2,KRAS only,2.3739140033721924
COL1A2,KRAS only,2.504265785217285
COL1A2,KRAS only,2.336124897003174
COL1A2,KRAS only,2.199364185333252
COL1A2,KRAS only,2.0846216678619385
COL1A2,KRAS only,0.0
COL1A2,KRAS only,2.6830055713653564
COL1A2,KRAS only,2.4334709644317627
COL1A2,KRAS only,2.9490115642547607
COL1A2,KRAS only,2.725022554397583
COL1A2,KRAS only,2.4178307056427
COL1A2,KRAS only,2.555922508239746
COL1A2,KRAS only,3.399109363555908
COL1A2,KRAS only,2.70161771774292
COL1A2,KRAS only,2.2423737049102783
COL1A2,KRAS only,2.579447031021118
COL1A2,KRAS only,2.4123599529266357
COL1A2,KRAS only,2.5296521186828613
COL1A2,KRAS only,2.396747350692749
COL1A2,KRAS only,2.51560378074646
COL1A2,KRAS only,2.1858465671539307
COL1A2,KRAS only,2.7404370307922363
COL1A2,KRAS only,2.805917501449585
COL1A2,KRAS only,2.6163344383239746
COL1A2,KRAS only,2.712203025817871
COL1A2,KRAS only,2.5673904418945312
COL1A2,KRAS only,2.6024277210235596
COL1A2,KRAS only,2.59040904045105
COL1A2,KRAS only,2.6583070755004883
COL1A2,KRAS only,2.672883987426758
COL1A2,KRAS only,2.476205587387085
COL1A2,KRAS only,2.3733625411987305
COL1A2,KRAS only,2.4999959468841553
COL1A2,KRAS only,2.580576181411743
COL1A2,KRAS only,2.552682638168335
COL1A2,KRAS only,2.593416213989258
COL1A2,KRAS only,2.6738874912261963
COL1A2,KRAS only,2.4345672130584717
COL1A2,KRAS only,2.844409704208374
COL1A2,KRAS only,2.5986404418945312
COL1A2,KRAS only,2.924661636352539
COL1A2,KRAS only,0.0
COL1A2,KRAS only,2.5850887298583984
COL1A2,KRAS only,0.0
COL1A2,KRAS only,1.9620063304901123
COL1A2,KRAS only,2.1653571128845215
COL1A2,KRAS only,2.611755132675171
COL1A2,KRAS only,2.5881667137145996
COL1A2,KRAS only,2.3758962154388428
COL1A2,KRAS only,1.7562892436981201
COL1A2,KRAS only,2.506547212600708
COL1A2,KRAS only,2.6593945026397705
COL1A2,KRAS only,2.452739715576172
COL1A2,KRAS only,2.3430838584899902
COL1A2,KRAS only,2.657895565032959
COL1A2,KRAS only,0.0
COL1A2,KRAS only,2.701596260070801
COL1A2,KRAS only,1.8378374576568604
COL1A2,KRAS only,3.1223130226135254
COL1A2,KRAS only,2.3557822704315186
COL1A2,KRAS only,2.4232611656188965
COL1A2,KRAS only,3.3071489334106445
COL1A2,KRAS only,2.820265531539917
COL1A2,KRAS only,2.3369903564453125
COL1A2,KRAS only,2.8846211433410645
COL1A2,KRAS only,0.0
COL1A2,KRAS only,2.484285831451416
COL1A2,KRAS only,2.1328306198120117
COL1A2,KRAS only,2.354159355163574
COL1A2,KRAS only,0.0
COL1A2,KRAS only,0.0
COL1A2,KRAS only,2.663224220275879
COL1A2,KRAS only,2.6348698139190674
COL1A2,KRAS only,1.7218434810638428
COL1A2,KRAS only,2.042477607727051
COL1A2,KRAS only,2.753159761428833
COL1A2,KRAS only,2.759326457977295
COL1A2,KRAS only,2.670011043548584
COL1A2,KRAS only,2.0548954010009766
COL1A2,KRAS only,2.448415756225586
COL1A2,KRAS only,2.9670627117156982
COL1A2,KRAS only,1.8976261615753174
COL1A2,KRAS only,2.4509634971618652
COL1A2,KRAS only,2.6604220867156982
COL1A2,KRAS only,2.5773489475250244
COL1A2,KRAS only,2.348296880722046
COL1A2,KRAS only,2.905579090118408
COL1A2,KRAS only,2.7886953353881836
COL1A2,KRAS only,2.5094947814941406
COL1A2,KRAS only,2.645575761795044
COL1A2,KRAS only,2.8457207679748535
COL1A2,KRAS only,2.4928996562957764
COL1A2,KRAS only,1.9564934968948364
COL1A2,KRAS only,2.386453866958618
COL1A2,KRAS only,0.0
COL1A2,KRAS only,1.9552103281021118
COL1A2,KRAS only,0.0
COL1A2,KRAS only,2.0220110416412354
COL1A2,KRAS only,2.669354200363159
COL1A2,KRAS only,1.9198157787322998
COL1A2,KRAS only,0.0
COL1A2,KRAS only,2.941985845565796
COL1A2,KRAS only,2.3990912437438965
COL1A2,KRAS only,1.8280740976333618
COL1A2,KRAS only,2.966801643371582
COL1A2,KRAS only,2.309828042984009
COL1A2,KRAS only,1.916452407836914
COL1A2,KRAS only,2.4802823066711426
COL1A2,KRAS only,1.6772363185882568
COL1A2,KRAS only,2.1789393424987793
COL1A2,KRAS only,3.2820703983306885
COL1A2,KRAS only,2.259352445602417
COL1A2,KRAS only,2.578702688217163
COL1A2,KRAS only,2.6366329193115234
COL1A2,KRAS only,2.646254301071167
COL1A2,KRAS only,2.165970802307129
COL1A2,KRAS only,2.7000350952148438
COL1A2,KRAS only,2.745410680770874
COL1A2,KRAS only,0.0
COL1A2,KRAS only,2.5429928302764893
COL1A2,KRAS only,2.1473169326782227
COL1A2,KRAS only,2.316850423812866
COL1A2,KRAS only,1.9010556936264038
COL1A2,KRAS only,2.222113609313965
COL1A2,KRAS only,2.470970869064331
COL1A2,KRAS only,2.5051093101501465
COL1A2,KRAS only,2.092228651046753
COL1A2,KRAS only,2.63751482963562
COL1A2,KRAS only,2.456141471862793
COL1A2,KRAS only,2.314289093017578
COL1A2,KRAS only,2.3901376724243164
COL1A2,KRAS only,2.5518622398376465
COL1A2,KRAS only,2.6151058673858643
COL1A2,KRAS only,1.6372160911560059
COL1A2,KRAS only,2.2001595497131348
COL1A2,KRAS only,2.323744535446167
COL1A2,KRAS only,2.7791714668273926
COL1A2,KRAS only,0.0
COL1A2,KRAS only,2.0919461250305176
COL1A2,KRAS only,2.671604633331299
COL1A2,KRAS only,2.41603684425354
COL1A2,KRAS only,2.4750211238861084
COL1A2,KRAS only,2.172614574432373
COL1A2,KRAS only,2.8024728298187256
COL1A2,KRAS only,2.448237419128418
COL1A2,KRAS only,2.030946731567383
COL1A2,KRAS only,2.618990182876587
COL1A2,KRAS only,2.2939984798431396
COL1A2,KRAS only,2.1072895526885986
COL1A2,KRAS only,2.5245957374572754
COL1A2,KRAS only,2.5326168537139893
COL1A2,KRAS only,2.6573805809020996
COL1A2,KRAS only,2.900473117828369
COL1A2,KRAS only,2.636995553970337
COL1A2,KRAS only,2.9535105228424072
COL1A2,KRAS only,2.572434663772583
COL1A2,KRAS only,0.0
COL1A2,KRAS only,2.5931384563446045
COL1A2,KRAS only,0.0
COL1A2,KRAS only,2.51912260055542
COL1A2,KRAS only,1.70449960231781
COL1A2,KRAS only,2.168052911758423
COL1A2,KRAS only,2.3184778690338135
COL1A2,KRAS only,2.2665820121765137
COL1A2,KRAS only,2.645308494567871
COL1A2,KRAS only,2.806030750274658
COL1A2,KRAS only,2.7448623180389404
COL1A2,KRAS only,2.7980189323425293
COL1A2,KRAS only,2.3373372554779053
COL1A2,KRAS only,2.231208562850952
COL1A2,KRAS only,2.430562973022461
COL1A2,KRAS only,2.0181915760040283
COL1A2,KRAS only,2.5142340660095215
COL1A2,KRAS only,2.533545970916748
COL1A2,KRAS only,2.7434730529785156
COL1A2,KRAS only,2.6568238735198975
COL1A2,KRAS only,2.500779628753662
COL1A2,KRAS only,3.001901626586914
COL1A2,KRAS only,2.9302961826324463
COL1A2,KRAS only,2.5997397899627686
COL1A2,KRAS only,2.758920669555664
COL1A2,KRAS only,0.0
COL1A2,KRAS only,0.0
COL1A2,KRAS only,2.9189674854278564
COL1A2,KRAS only,1.877136468887329
COL1A2,KRAS only,2.5232112407684326
COL1A2,KRAS only,1.89604914188385
COL1A2,KRAS only,2.2704668045043945
COL1A2,KRAS only,2.3543128967285156
COL1A2,KRAS only,2.6289021968841553
COL1A2,KRAS only,2.5245273113250732
COL1A2,KRAS only,2.5707404613494873
COL1A2,KRAS only,2.5060739517211914
COL1A2,KRAS only,2.6590566635131836
COL1A2,KRAS only,2.3257977962493896
COL1A2,KRAS only,2.1543900966644287
COL1A2,KRAS only,2.508965492248535
COL1A2,KRAS only,2.439939498901367
COL1A2,KRAS only,1.5790398120880127
COL1A2,KRAS only,2.371839761734009
COL1A2,KRAS only,2.337683916091919
COL1A2,KRAS only,2.27590012550354
COL1A2,KRAS only,2.406838893890381
COL1A2,KRAS only,2.4450807571411133
COL1A2,KRAS only,2.976177930831909
COL1A2,KRAS only,2.359091281890869
COL1A2,KRAS only,2.433342456817627
COL1A2,KRAS only,1.0037915706634521
COL1A2,KRAS only,1.9736522436141968
COL1A2,KRAS only,2.5445027351379395
COL1A2,KRAS only,2.7134885787963867
COL1A2,KRAS only,2.5786638259887695
COL1A2,KRAS only,0.0
COL1A2,KRAS only,2.28727126121521
COL1A2,KRAS only,2.536522388458252
COL1A2,KRAS only,2.752352714538574
COL1A2,KRAS only,2.8757073879241943
COL1A2,KRAS only,2.416364908218384
COL1A2,KRAS only,3.6847357749938965
COL1A2,KRAS only,2.4173572063446045
COL1A2,KRAS only,2.5741918087005615
COL1A2,KRAS only,2.455265522003174
COL1A2,KRAS only,2.7338056564331055
COL1A2,KRAS only,2.5038082599639893
COL1A2,KRAS only,2.6987602710723877
COL1A2,KRAS only,2.568096876144409
COL1A2,KRAS only,2.5957224369049072
COL1A2,KRAS only,0.0
COL1A2,KRAS only,1.84537935256958
COL1A2,KRAS only,2.9713757038116455
COL1A2,KRAS only,2.5891525745391846
COL1A2,KRAS only,2.662052869796753
COL1A2,KRAS only,2.448765516281128
COL1A2,KRAS only,1.91106379032135
COL1A2,KRAS only,2.8869659900665283
COL1A2,KRAS only,2.4077513217926025
COL1A2,KRAS only,1.9571287631988525
COL1A2,KRAS only,2.3032281398773193
COL1A2,KRAS only,2.3974554538726807
COL1A2,KRAS only,2.6576263904571533
COL1A2,KRAS only,2.720853805541992
COL1A2,KRAS only,2.523627758026123
COL1A2,KRAS only,2.383671283721924
COL1A2,KRAS only,2.3976728916168213
COL1A2,KRAS only,2.4307658672332764
COL1A2,KRAS only,1.6783318519592285
COL1A2,KRAS only,2.8877925872802734
COL1A2,KRAS only,2.6802923679351807
COL1A2,KRAS only,3.2943320274353027
COL1A2,KRAS only,2.6336398124694824
COL1A2,KRAS only,2.573756694793701
COL1A2,KRAS only,2.7328972816467285
COL1A2,KRAS only,1.9472851753234863
COL1A2,KRAS only,2.2894442081451416
COL1A2,KRAS only,2.512789249420166
COL1A2,KRAS only,2.621687650680542
COL1A2,KRAS only,2.7928457260131836
COL1A2,KRAS only,0.0
COL1A2,KRAS only,2.4095683097839355
COL1A2,KRAS only,0.0
COL1A2,KRAS only,0.0
COL1A2,KRAS only,2.367036819458008
COL1A2,KRAS only,2.143983840942383
COL1A2,KRAS only,2.3282594680786133
COL1A2,KRAS only,2.503535270690918
COL1A2,KRAS only,2.245741367340088
COL1A2,KRAS only,2.730722427368164
COL1A2,KRAS only,2.185983896255493
COL1A2,KRAS only,0.0
COL1A2,KRAS only,2.5430519580841064
COL1A2,KRAS only,2.4548299312591553
COL1A2,KRAS only,2.515016555786133
COL1A2,KRAS only,2.6666650772094727
COL1A2,KRAS only,2.4633641242980957
COL1A2,KRAS only,2.9075746536254883
COL1A2,KRAS only,3.2856876850128174
COL1A2,KRAS only,2.040487766265869
COL1A2,KRAS only,2.660266876220703
COL1A2,KRAS only,1.929240345954895
COL1A2,KRAS only,2.7562973499298096
COL1A2,KRAS only,2.4049859046936035
COL1A2,KRAS only,2.459423780441284
COL1A2,KRAS only,2.2477893829345703
COL1A2,KRAS only,3.4564361572265625
COL1A2,KRAS only,2.232112169265747
COL1A2,KRAS only,2.112631320953369
COL1A2,KRAS only,2.856667995452881
COL1A2,KRAS only,2.049114942550659
COL1A2,KRAS only,0.0
COL1A2,KRAS only,2.393878221511841
COL1A2,KRAS only,3.2301900386810303
COL1A2,KRAS only,2.7538163661956787
COL1A2,KRAS only,2.656114339828491
COL1A2,KRAS only,1.8093256950378418
COL1A2,KRAS only,1.7528162002563477
COL1A2,KRAS only,2.528712511062622
COL1A2,KRAS only,2.9758760929107666
COL1A2,KRAS only,2.2112324237823486
COL1A2,KRAS only,0.0
COL1A2,KRAS only,0.0
COL1A2,KRAS only,2.4692318439483643
COL1A2,KRAS only,2.5199270248413086
COL1A2,KRAS only,2.495248317718506
COL1A2,KRAS only,2.470000982284546
COL1A2,KRAS only,2.8369364738464355
COL1A2,KRAS only,2.557751417160034
COL1A2,KRAS only,2.4858851432800293
COL1A2,KRAS only,2.061504364013672
COL1A2,KRAS only,2.429229974746704
COL1A2,KRAS only,2.3333938121795654
COL1A2,KRAS only,2.342360734939575
COL1A2,KRAS only,2.1722490787506104
COL1A2,KRAS only,2.9111530780792236
COL1A2,KRAS only,2.56097149848938
COL1A2,KRAS only,1.9194368124008179
COL1A2,KRAS only,2.280521869659424
COL1A2,KRAS only,0.9235832691192627
COL1A2,KRAS only,1.9401686191558838
COL1A2,KRAS only,2.3826420307159424
COL1A2,KRAS only,2.139430284500122
COL1A2,KRAS only,2.5187458992004395
COL1A2,KRAS only,1.8244162797927856
COL1A2,KRAS only,2.2584245204925537
COL1A2,KRAS only,2.149885892868042
COL1A2,KRAS only,2.27500581741333
COL1A2,KRAS only,2.6143670082092285
COL1A2,KRAS only,2.724349021911621
COL1A2,KRAS only,3.0575225353240967
COL1A2,KRAS only,2.3595633506774902
COL1A2,KRAS only,2.258190631866455
COL1A2,KRAS only,1.4044784307479858
COL1A2,KRAS only,2.430070400238037
COL1A2,KRAS only,2.7028121948242188
COL1A2,KRAS only,2.574321985244751
COL1A2,KRAS only,2.2858197689056396
COL1A2,KRAS only,1.9808804988861084
COL1A2,KRAS only,2.18647837638855
COL1A2,KRAS only,2.090855836868286
COL1A2,KRAS only,2.478565216064453
COL1A2,KRAS only,2.180516481399536
COL1A2,KRAS only,1.7269607782363892
COL1A2,KRAS only,1.5497181415557861
COL1A2,KRAS only,2.735600233078003
COL1A2,KRAS only,2.8422369956970215
COL1A2,KRAS only,2.043797492980957
COL1A2,KRAS only,1.6455504894256592
COL1A2,KRAS only,2.348480463027954
COL1A2,KRAS only,2.534118413925171
COL1A2,KRAS only,2.9060513973236084
COL1A2,KRAS only,2.437089204788208
COL1A2,KRAS only,2.4522790908813477
COL1A2,KRAS only,2.3100662231445312
COL1A2,KRAS only,1.8521932363510132
COL1A2,KRAS only,2.8260838985443115
COL1A2,KRAS only,1.7521122694015503
COL1A2,KRAS only,2.5061097145080566
COL1A2,KRAS only,2.0646581649780273
COL1A2,KRAS only,1.537352204322815
COL1A2,KRAS only,2.2914369106292725
COL1A2,KRAS only,1.1089249849319458
COL1A2,KRAS only,2.3613622188568115
COL1A2,KRAS only,2.547772169113159
COL1A2,KRAS only,1.6951642036437988
COL1A2,KRAS only,2.8326058387756348
COL1A2,KRAS only,2.3974039554595947
COL1A2,KRAS only,2.7542531490325928
COL1A2,KRAS only,2.3780250549316406
COL1A2,KRAS only,2.9920506477355957
COL1A2,KRAS only,2.950092315673828
COL1A2,KRAS only,2.194441318511963
COL1A2,KRAS only,2.8291969299316406
COL1A2,KRAS only,1.8696149587631226
COL1A2,KRAS only,2.61196231842041
COL1A2,KRAS only,2.5243163108825684
COL1A2,KRAS only,2.4805262088775635
COL1A2,KRAS only,2.540682554244995
COL1A2,KRAS only,2.014291286468506
COL1A2,KRAS only,2.368788480758667
COL1A2,KRAS only,2.6296463012695312
COL1A2,KRAS only,2.7137868404388428
COL1A2,KRAS only,2.38835072517395
COL1A2,KRAS only,2.2541494369506836
COL1A2,KRAS only,1.4215383529663086
COL1A2,KRAS only,2.0201809406280518
COL1A2,KRAS only,1.9068470001220703
COL1A2,KRAS only,0.0
COL1A2,KRAS only,1.9657737016677856
COL1A2,KRAS only,2.16513991355896
COL1A2,KRAS only,2.5560789108276367
COL1A2,KRAS only,2.088002920150757
COL1A2,KRAS only,2.3505303859710693
COL1A2,KRAS only,1.9752260446548462
COL1A2,KRAS only,2.046121835708618
COL1A2,KRAS only,2.2989158630371094
COL1A2,KRAS only,2.289936065673828
COL1A2,KRAS only,0.0
COL1A2,KRAS only,2.322502851486206
COL1A2,KRAS only,2.567478656768799
COL1A2,KRAS only,1.153395652770996
COL1A2,KRAS only,2.3110389709472656
COL1A2,KRAS only,1.701104998588562
COL1A2,KRAS only,0.9510090351104736
COL1A2,KRAS only,1.551164984703064
COL1A2,KRAS only,2.3091514110565186
COL1A2,KRAS only,2.1994357109069824
COL1A2,KRAS only,2.527005672454834
COL1A2,KRAS only,1.876879334449768
COL1A2,KRAS only,2.4704666137695312
COL1A2,KRAS only,2.3001043796539307
COL1A2,KRAS only,2.1034481525421143
COL1A2,KRAS only,1.293023943901062
COL1A2,KRAS only,2.7034645080566406
COL1A2,KRAS only,2.3882081508636475
COL1A2,KRAS only,2.6902546882629395
COL1A2,KRAS only,2.582859516143799
COL1A2,KRAS only,2.495929718017578
COL1A2,KRAS only,2.2106778621673584
COL1A2,KRAS only,2.5815787315368652
COL1A2,KRAS only,1.6307138204574585
COL1A2,KRAS only,2.2641043663024902
COL1A2,KRAS only,2.577327013015747
COL1A2,KRAS only,2.5471298694610596
COL1A2,KRAS only,2.4399495124816895
COL1A2,KRAS only,2.312908887863159
COL1A2,KRAS only,2.3578834533691406
COL1A2,KRAS only,1.899200201034546
COL1A2,KRAS only,0.982532799243927
COL1A2,KRAS only,2.4422338008880615
COL1A2,KRAS only,0.9509340524673462
COL1A2,KRAS only,1.6230329275131226
COL1A2,KRAS only,3.10013484954834
COL1A2,KRAS only,2.892446994781494
COL1A2,KRAS only,1.4176485538482666
COL1A2,KRAS only,2.8075613975524902
COL1A2,KRAS only,2.2936508655548096
COL1A2,KRAS only,3.311307191848755
COL1A2,KRAS only,1.9622681140899658
COL1A2,KRAS only,1.2730339765548706
COL1A2,KRAS only,2.5176851749420166
COL1A2,KRAS only,1.936680555343628
COL1A2,KRAS only,1.529839038848877
COL1A2,KRAS only,1.9593390226364136
COL1A2,KRAS only,1.7843042612075806
COL1A2,KRAS only,0.0
COL1A2,KRAS only,2.702322006225586
COL1A2,KRAS only,1.288267731666565
COL1A2,KRAS only,1.2311298847198486
COL1A2,KRAS only,1.9800053834915161
COL1A2,KRAS only,0.0
COL1A2,KRAS only,1.4530298709869385
COL1A2,KRAS only,0.0
COL1A2,KRAS only,1.931222677230835
COL1A2,KRAS only,1.6126052141189575
COL1A2,KRAS only,2.6281445026397705
COL1A2,KRAS only,1.897527813911438
COL1A2,KRAS only,2.1297240257263184
COL1A2,KRAS only,1.9820884466171265
COL1A2,KRAS only,0.9142042398452759
COL1A2,KRAS only,1.8470041751861572
COL1A2,KRAS only,1.605959177017212
COL1A2,KRAS only,2.137190341949463
COL1A2,KRAS only,2.5664169788360596
COL1A2,KRAS only,0.0
COL1A2,KRAS only,1.0493963956832886
COL1A2,KRAS only,2.653625965118408
COL1A2,KRAS only,2.6095259189605713
COL1A2,KRAS only,2.2478694915771484
COL1A2,KRAS only,2.4950687885284424
COL1A2,KRAS only,0.0
COL1A2,KRAS only,0.0
COL1A2,KRAS only,2.4131174087524414
COL1A2,KRAS only,2.6848554611206055
COL1A2,KRAS only,2.393768310546875
COL1A2,KRAS only,0.0
COL1A2,KRAS only,2.409848928451538
COL1A2,KRAS only,2.3949108123779297
COL1A2,KRAS only,2.679654836654663
COL1A2,KRAS only,2.3212034702301025
COL1A2,KRAS only,3.071331024169922
COL1A2,KRAS only,2.903869390487671
COL1A2,KRAS only,2.8259613513946533
COL1A2,KRAS only,2.9436895847320557
COL1A2,KRAS only,3.1196844577789307
COL1A2,KRAS only,2.943157434463501
COL1A2,KRAS only,2.7032642364501953
COL1A2,KRAS only,3.2346880435943604
COL1A2,KRAS only,3.552502155303955
COL1A2,KRAS only,3.3227105140686035
COL1A2,KRAS only,3.4325499534606934
COL1A2,KRAS only,3.128617525100708
COL1A2,KRAS only,2.893512725830078
COL1A2,KRAS only,2.6844003200531006
COL1A2,KRAS only,2.8842403888702393
COL1A2,KRAS only,2.58870530128479
COL1A2,KRAS only,2.6410396099090576
COL1A2,KRAS only,3.26937198638916
COL1A2,KRAS only,2.5568840503692627
COL1A2,KRAS only,3.0314712524414062
COL1A2,KRAS only,1.9132330417633057
COL1A2,KRAS only,2.3786163330078125
COL1A2,KRAS only,3.7645833492279053
COL1A2,KRAS only,2.436959981918335
COL1A2,KRAS only,1.9064019918441772
COL1A2,KRAS only,2.7351536750793457
COL1A2,KRAS only,3.302060127258301
COL1A2,KRAS only,2.6586244106292725
COL1A2,KRAS only,2.3370590209960938
COL1A2,KRAS only,2.369178533554077
COL1A2,KRAS only,2.432249069213867
COL1A2,KRAS only,2.653982400894165
COL1A2,KRAS only,3.1665520668029785
COL1A2,KRAS only,2.4471826553344727
COL1A2,KRAS only,2.2586653232574463
COL1A2,KRAS only,2.489439010620117
COL1A2,KRAS only,2.5601229667663574
COL1A2,KRAS only,2.7041127681732178
COL1A2,KRAS only,2.7626023292541504
COL1A2,KRAS only,2.4643962383270264
COL1A2,KRAS only,2.594132423400879
COL1A2,KRAS only,2.5987889766693115
COL1A2,KRAS only,1.900622010231018
COL1A2,KRAS only,1.5642995834350586
COL1A2,KRAS only,2.3328397274017334
COL1A2,KRAS only,2.501406669616699
COL1A2,KRAS only,3.3518640995025635
COL1A2,KRAS only,2.6869888305664062
COL1A2,KRAS only,3.4008657932281494
COL1A2,KRAS only,2.625149726867676
COL1A2,KRAS only,3.3571200370788574
COL1A2,KRAS only,2.516021251678467
COL1A2,KRAS only,2.8034918308258057
COL1A2,KRAS only,2.972367763519287
COL1A2,KRAS only,2.9098711013793945
COL1A2,KRAS only,2.2702670097351074
COL1A2,KRAS only,2.1337368488311768
COL1A2,KRAS only,3.0033488273620605
COL1A2,KRAS only,2.3518402576446533
COL1A2,KRAS only,2.502061605453491
COL1A2,KRAS only,3.2404563426971436
COL1A2,KRAS only,3.1939918994903564
COL1A2,KRAS only,2.485596179962158
COL1A2,KRAS only,3.141324996948242
COL1A2,KRAS only,3.0620033740997314
COL1A2,KRAS only,2.6493918895721436
COL1A2,KRAS only,2.9010872840881348
COL1A2,KRAS only,2.898844003677368
COL1A2,KRAS only,1.5458647012710571
COL1A2,KRAS only,2.6332473754882812
COL1A2,KRAS only,3.059694528579712
COL1A2,KRAS only,3.113738536834717
COL1A2,KRAS only,2.8365230560302734
COL1A2,KRAS only,2.880056142807007
COL1A2,KRAS only,2.631669044494629
COL1A2,KRAS only,2.4303464889526367
COL1A2,KRAS only,2.764491558074951
COL1A2,KRAS only,2.948735237121582
COL1A2,KRAS only,2.8778698444366455
COL1A2,KRAS only,2.9846444129943848
COL1A2,KRAS only,2.569916009902954
COL1A2,KRAS only,3.055403709411621
COL1A2,KRAS only,2.502117872238159
COL1A2,KRAS only,2.3005034923553467
COL1A2,KRAS only,1.7551789283752441
COL1A2,KRAS only,2.7938456535339355
COL1A2,KRAS only,3.25911545753479
COL1A2,KRAS only,2.594533681869507
COL1A2,KRAS only,2.561440944671631
COL1A2,KRAS only,3.005333423614502
COL1A2,KRAS only,2.5017178058624268
COL1A2,KRAS only,2.990319013595581
COL1A2,KRAS only,2.0389058589935303
COL1A2,KRAS only,3.1926403045654297
COL1A2,KRAS only,3.2047359943389893
COL1A2,KRAS only,2.4528374671936035
COL1A2,KRAS only,2.762916088104248
COL1A2,KRAS only,2.4397165775299072
COL1A2,KRAS only,2.985297203063965
COL1A2,KRAS only,3.212045669555664
COL1A2,KRAS only,3.075918674468994
COL1A2,KRAS only,0.0
COL1A2,KRAS only,2.868802547454834
COL1A2,KRAS only,2.8442840576171875
COL1A2,KRAS only,2.733721971511841
COL1A2,KRAS only,2.9050416946411133
COL1A2,KRAS only,2.65346097946167
COL1A2,KRAS only,3.0992584228515625
COL1A2,KRAS only,2.596564769744873
COL1A2,KRAS only,2.8865468502044678
COL1A2,KRAS only,2.5265309810638428
COL1A2,KRAS only,3.3424577713012695
COL1A2,KRAS only,3.033745050430298
COL1A2,KRAS only,2.827052593231201
COL1A2,KRAS only,2.976076364517212
COL1A2,KRAS only,2.6723241806030273
COL1A2,KRAS only,0.0
COL1A2,KRAS only,2.475903272628784
COL1A2,KRAS only,2.6060688495635986
COL1A2,KRAS only,0.0
COL1A2,KRAS only,2.495568037033081
COL1A2,KRAS only,2.6699018478393555
COL1A2,KRAS only,1.4445682764053345
COL1A2,KRAS only,2.878218412399292
COL1A2,KRAS only,2.956740140914917
COL1A2,KRAS only,2.755232095718384
COL1A2,KRAS only,0.0
COL1A2,KRAS only,2.3191423416137695
COL1A2,KRAS only,3.145270347595215
COL1A2,KRAS only,0.0
COL1A2,KRAS only,2.949068784713745
COL1A2,KRAS only,2.8651773929595947
COL1A2,KRAS only,3.0990195274353027
COL1A2,KRAS only,2.328010082244873
COL1A2,KRAS only,2.1359119415283203
COL1A2,KRAS only,3.0148909091949463
COL1A2,KRAS only,2.3803887367248535
COL1A2,KRAS only,2.9238452911376953
COL1A2,KRAS only,2.587977409362793
COL1A2,KRAS only,2.5113775730133057
COL1A2,KRAS only,2.8983025550842285
COL1A2,KRAS only,3.1175105571746826
COL1A2,KRAS only,3.0973215103149414
COL1A2,KRAS only,2.1325910091400146
COL1A2,KRAS only,2.7389986515045166
COL1A2,KRAS only,2.507073402404785
COL1A2,KRAS only,0.0
COL1A2,KRAS only,2.731041669845581
COL1A2,KRAS only,0.0
COL1A2,KRAS only,2.281489610671997
COL1A2,KRAS only,1.5005464553833008
COL1A2,KRAS only,2.696453332901001
COL1A2,KRAS only,2.4710257053375244
COL1A2,KRAS only,1.6767632961273193
COL1A2,KRAS only,2.448326349258423
COL1A2,KRAS only,2.692826509475708
COL1A2,KRAS only,3.3784444332122803
COL1A2,KRAS only,0.0
COL1A2,KRAS only,2.6907098293304443
COL1A2,KRAS only,2.9952800273895264
COL1A2,KRAS only,2.421095132827759
COL1A2,KRAS only,2.052189588546753
COL1A2,KRAS only,1.8949382305145264
COL1A2,KRAS only,2.196596622467041
COL1A2,KRAS only,2.080547571182251
COL1A2,KRAS only,2.886587619781494
COL1A2,KRAS only,2.7089321613311768
COL1A2,KRAS only,2.810832977294922
COL1A2,KRAS only,2.1930267810821533
COL1A2,KRAS only,2.587958335876465
COL1A2,KRAS only,2.9114789962768555
COL1A2,KRAS only,2.4917705059051514
COL1A2,KRAS only,2.806990623474121
COL1A2,KRAS only,2.6437599658966064
COL1A2,KRAS only,1.9178048372268677
COL1A2,KRAS only,2.7539479732513428
COL1A2,KRAS only,2.2754929065704346
COL1A2,KRAS only,2.4988837242126465
COL1A2,KRAS only,2.6154239177703857
COL1A2,KRAS only,2.69024920463562
COL1A2,KRAS only,1.8867948055267334
COL1A2,KRAS only,3.0303425788879395
COL1A2,KRAS only,2.6728336811065674
COL1A2,KRAS only,2.399895191192627
COL1A2,KRAS only,2.2972235679626465
COL1A2,KRAS only,2.046706199645996
COL1A2,KRAS only,2.627427816390991
COL1A2,KRAS only,2.850482940673828
COL1A2,KRAS only,2.0469553470611572
COL1A2,KRAS only,3.2833759784698486
COL1A2,KRAS only,2.7419426441192627
COL1A2,KRAS only,2.3751790523529053
COL1A2,KRAS only,3.0850932598114014
COL1A2,KRAS only,3.0657577514648438
COL1A2,KRAS only,3.4063682556152344
COL1A2,KRAS only,1.6169286966323853
COL1A2,KRAS only,2.6739916801452637
COL1A2,KRAS only,2.709500551223755
COL1A2,KRAS only,2.728985548019409
COL1A2,KRAS only,2.976393699645996
COL1A2,KRAS only,2.6691417694091797
COL1A2,KRAS only,3.115069627761841
COL1A2,KRAS only,3.0609383583068848
COL1A2,KRAS only,3.2365121841430664
COL1A2,KRAS only,3.1411237716674805
COL1A2,KRAS only,3.152465343475342
COL1A2,KRAS only,2.7039859294891357
COL1A2,KRAS only,2.1483383178710938
COL1A2,KRAS only,2.902873992919922
COL1A2,KRAS only,2.5922462940216064
COL1A2,KRAS only,2.8679425716400146
COL1A2,KRAS only,2.57025146484375
COL1A2,KRAS only,2.6362509727478027
COL1A2,KRAS only,2.9654998779296875
COL1A2,KRAS only,3.0887863636016846
COL1A2,KRAS only,2.7706356048583984
COL1A2,KRAS only,2.970493793487549
COL1A2,KRAS only,2.940302848815918
COL1A2,KRAS only,2.3884317874908447
COL1A2,KRAS only,2.365553140640259
COL1A2,KRAS only,1.8611952066421509
COL1A2,KRAS only,2.9742789268493652
COL1A2,KRAS only,2.8104095458984375
COL1A2,KRAS only,0.0
COL1A2,KRAS only,3.0394973754882812
COL1A2,KRAS only,2.6987082958221436
COL1A2,KRAS only,2.6805832386016846
COL1A2,KRAS only,2.319254159927368
COL1A2,KRAS only,3.01971697807312
COL1A2,KRAS only,2.759746789932251
COL1A2,KRAS only,2.5562496185302734
COL1A2,KRAS only,3.2751989364624023
COL1A2,KRAS only,3.1251585483551025
COL1A2,KRAS only,3.1851446628570557
COL1A2,KRAS only,3.0097718238830566
COL1A2,KRAS only,2.7373366355895996
COL1A2,KRAS only,2.0873470306396484
COL1A2,KRAS only,2.7665984630584717
COL1A2,KRAS only,2.5431301593780518
COL1A2,KRAS only,3.5506532192230225
COL1A2,KRAS only,2.624013900756836
COL1A2,KRAS only,3.2809770107269287
COL1A2,KRAS only,2.1488687992095947
COL1A2,KRAS only,3.088146448135376
COL1A2,KRAS only,3.085348606109619
COL1A2,KRAS only,2.612290143966675
COL1A2,KRAS only,2.2628469467163086
COL1A2,KRAS only,2.7046525478363037
COL1A2,KRAS only,3.032376527786255
COL1A2,KRAS only,3.0917184352874756
COL1A2,KRAS only,2.7725706100463867
COL1A2,KRAS only,2.583075523376465
COL1A2,KRAS only,2.8565945625305176
COL1A2,KRAS only,2.0832419395446777
COL1A2,KRAS only,2.244673252105713
COL1A2,KRAS only,3.357097864151001
COL1A2,KRAS only,2.6038057804107666
COL1A2,KRAS only,2.9361183643341064
COL1A2,KRAS only,2.338015079498291
COL1A2,KRAS only,2.9154176712036133
COL1A2,KRAS only,3.169219493865967
COL1A2,KRAS only,2.865262746810913
COL1A2,KRAS only,2.542248249053955
COL1A2,KRAS only,3.1343958377838135
COL1A2,KRAS only,2.605102777481079
COL1A2,KRAS only,2.598832368850708
COL1A2,KRAS only,2.912510395050049
COL1A2,KRAS only,3.1206555366516113
COL1A2,KRAS only,2.832951307296753
COL1A2,KRAS only,2.875487804412842
COL1A2,KRAS only,1.9874858856201172
COL1A2,KRAS only,3.253136396408081
COL1A2,KRAS only,2.2990164756774902
COL1A2,KRAS only,3.0475621223449707
COL1A2,KRAS only,2.6299796104431152
COL1A2,KRAS only,2.433269500732422
COL1A2,KRAS only,3.101210832595825
COL1A2,KRAS only,2.7661306858062744
COL1A2,KRAS only,2.33378267288208
COL1A2,KRAS only,2.8479156494140625
COL1A2,KRAS only,2.305940866470337
COL1A2,KRAS only,3.0172338485717773
COL1A2,KRAS only,2.9750099182128906
COL1A2,KRAS only,2.4398586750030518
COL1A2,KRAS only,3.330726146697998
COL1A2,KRAS only,2.7942051887512207
COL1A2,KRAS only,2.8183140754699707
COL1A2,KRAS only,2.7054147720336914
COL1A2,KRAS only,2.6168127059936523
COL1A2,KRAS only,3.2970783710479736
COL1A2,KRAS only,2.9568660259246826
COL1A2,KRAS only,3.027587652206421
COL1A2,KRAS only,2.900454044342041
COL1A2,KRAS only,2.244688034057617
COL1A2,KRAS only,3.4941043853759766
COL1A2,KRAS only,3.232717990875244
COL1A2,KRAS only,2.2604668140411377
COL1A2,KRAS only,3.0261518955230713
COL1A2,KRAS only,3.0463485717773438
COL1A2,KRAS only,2.636193037033081
COL1A2,KRAS only,2.8152315616607666
COL1A2,KRAS only,2.853466749191284
COL1A2,KRAS only,2.358875274658203
COL1A2,KRAS only,2.1039786338806152
COL1A2,KRAS only,3.3527145385742188
COL1A2,KRAS only,2.2029833793640137
COL1A2,KRAS only,3.0413930416107178
COL1A2,KRAS only,2.9103870391845703
COL1A2,KRAS only,2.9947221279144287
COL1A2,KRAS only,3.3903560638427734
COL1A2,KRAS only,2.1746723651885986
COL1A2,KRAS only,2.4408535957336426
COL1A2,KRAS only,3.0960168838500977
COL1A2,KRAS only,2.026230573654175
COL1A2,KRAS only,3.112537145614624
COL1A2,KRAS only,2.73333477973938
COL1A2,KRAS only,2.7386279106140137
COL1A2,KRAS only,2.819505453109741
COL1A2,KRAS only,2.8351542949676514
COL1A2,KRAS only,2.887620210647583
COL1A2,KRAS only,2.503295421600342
COL1A2,KRAS only,2.8759098052978516
COL1A2,KRAS only,2.9108686447143555
COL1A2,KRAS only,2.8531816005706787
COL1A2,KRAS only,3.0025103092193604
COL1A2,KRAS only,3.451991558074951
COL1A2,KRAS only,2.7924082279205322
COL1A2,KRAS only,3.4073739051818848
COL1A2,KRAS only,3.0415303707122803
COL1A2,KRAS only,3.1899619102478027
COL1A2,KRAS only,2.9008846282958984
COL1A2,KRAS only,3.0706984996795654
COL1A2,KRAS only,2.4219939708709717
COL1A2,KRAS only,2.848310708999634
COL1A2,KRAS only,2.662874698638916
COL1A2,KRAS only,3.2171127796173096
COL1A2,KRAS only,3.157771587371826
COL1A2,KRAS only,2.6532483100891113
COL1A2,KRAS only,2.5088601112365723
COL1A2,KRAS only,3.086677312850952
COL1A2,KRAS only,1.3858445882797241
COL1A2,KRAS only,2.951111316680908
COL1A2,KRAS only,2.407611846923828
COL1A2,KRAS only,3.1735246181488037
COL1A2,KRAS only,2.642153024673462
COL1A2,KRAS only,2.5913403034210205
COL1A2,KRAS only,3.054851770401001
COL1A2,KRAS only,1.3766050338745117
COL1A2,KRAS only,2.6827449798583984
COL1A2,KRAS only,2.124415159225464
COL1A2,KRAS only,3.1794512271881104
COL1A2,KRAS only,2.4644358158111572
COL1A2,KRAS only,2.885939121246338
COL1A2,KRAS only,2.8093786239624023
COL1A2,KRAS only,2.5851523876190186
COL1A2,KRAS only,2.850541591644287
COL1A2,KRAS only,2.817767858505249
COL1A2,KRAS only,2.7407751083374023
COL1A2,KRAS only,2.6677260398864746
COL1A2,KRAS only,2.760362148284912
COL1A2,KRAS only,2.5928680896759033
COL1A2,KRAS only,3.161738872528076
COL1A2,KRAS only,3.3801894187927246
COL1A2,KRAS only,2.987663507461548
COL1A2,KRAS only,3.014218330383301
COL1A2,KRAS only,2.8106493949890137
COL1A2,KRAS only,2.7677018642425537
COL1A2,KRAS only,2.6318695545196533
COL1A2,KRAS only,2.815995693206787
COL1A2,KRAS only,2.611750841140747
COL1A2,KRAS only,2.76174259185791
COL1A2,KRAS only,2.4745075702667236
COL1A2,KRAS only,3.1557528972625732
COL1A2,KRAS only,3.342761993408203
COL1A2,KRAS only,3.1185617446899414
COL1A2,KRAS only,3.0141124725341797
COL1A2,KRAS only,2.9449691772460938
COL1A2,KRAS only,2.0969510078430176
COL1A2,KRAS only,2.1702768802642822
COL1A2,KRAS only,2.5578501224517822
COL1A2,KRAS only,2.0247347354888916
COL1A2,KRAS only,2.9673516750335693
COL1A2,KRAS only,2.5051538944244385
COL1A2,KRAS only,2.858093500137329
COL1A2,KRAS only,1.484917163848877
COL1A2,KRAS only,2.7967514991760254
COL1A2,KRAS only,2.996396541595459
COL1A2,KRAS only,0.0
COL1A2,KRAS only,3.14253830909729
COL1A2,KRAS only,3.1398606300354004
COL1A2,KRAS only,2.726900339126587
COL1A2,KRAS only,3.1119446754455566
COL1A2,KRAS only,3.214960813522339
COL1A2,KRAS only,2.50093936920166
COL1A2,KRAS only,3.8076348304748535
COL1A2,KRAS only,2.818385124206543
COL1A2,KRAS only,0.0
COL1A2,KRAS only,2.8340725898742676
COL1A2,KRAS only,2.4017691612243652
COL1A2,KRAS only,2.399775505065918
COL1A2,KRAS only,2.9052846431732178
COL1A2,KRAS only,2.882005214691162
COL1A2,KRAS only,2.4663524627685547
COL1A2,KRAS only,1.9527872800827026
COL1A2,KRAS only,2.6457056999206543
COL1A2,KRAS only,2.975667715072632
COL1A2,KRAS only,2.581615686416626
COL1A2,KRAS only,3.037660837173462
COL1A2,KRAS only,3.3773391246795654
COL1A2,KRAS only,2.9419822692871094
COL1A2,KRAS only,2.738757848739624
COL1A2,KRAS only,2.529958486557007
COL1A2,KRAS only,3.055286169052124
COL1A2,KRAS only,2.5199623107910156
COL1A2,KRAS only,2.66037654876709
COL1A2,KRAS only,3.0523509979248047
COL1A2,KRAS only,3.2239866256713867
COL1A2,KRAS only,2.7284321784973145
COL1A2,KRAS only,1.4666804075241089
COL1A2,KRAS only,2.9618000984191895
COL1A2,KRAS only,2.833024263381958
COL1A2,KRAS only,2.997265577316284
COL1A2,KRAS only,2.9435088634490967
COL1A2,KRAS only,2.330338954925537
COL1A2,KRAS only,3.1081552505493164
COL1A2,KRAS only,2.825688123703003
COL1A2,KRAS only,2.906360149383545
COL1A2,KRAS only,2.350910186767578
COL1A2,KRAS only,2.8694138526916504
COL1A2,KRAS only,3.009427070617676
COL1A2,KRAS only,2.68487548828125
COL1A2,KRAS only,2.667661190032959
COL1A2,KRAS only,2.216702699661255
COL1A2,KRAS only,1.9028596878051758
COL1A2,KRAS only,2.9855103492736816
COL1A2,KRAS only,2.7487399578094482
COL1A2,KRAS only,0.0
COL1A2,KRAS only,2.7738518714904785
COL1A2,KRAS only,2.760010004043579
COL1A2,KRAS only,2.954359531402588
COL1A2,KRAS only,2.3843092918395996
COL1A2,KRAS only,2.39864182472229
COL1A2,KRAS only,3.1104793548583984
COL1A2,KRAS only,2.5766210556030273
COL1A2,KRAS only,1.9270110130310059
COL1A2,KRAS only,2.855956792831421
COL1A2,KRAS only,3.0359578132629395
COL1A2,KRAS only,2.962193250656128
COL1A2,KRAS only,2.9127557277679443
COL1A2,KRAS only,2.9569759368896484
COL1A2,KRAS only,3.3733880519866943
COL1A2,KRAS only,2.7967026233673096
COL1A2,KRAS only,2.969841241836548
COL1A2,KRAS only,2.9863107204437256
COL1A2,KRAS only,2.485654354095459
COL1A2,KRAS only,2.327069044113159
COL1A2,KRAS only,3.1580970287323
COL1A2,KRAS only,2.690232753753662
COL1A2,KRAS only,2.831270933151245
COL1A2,KRAS only,2.6463842391967773
COL1A2,KRAS only,2.9622886180877686
COL1A2,KRAS only,2.920360803604126
COL1A2,KRAS only,2.2376112937927246
COL1A2,KRAS only,2.6801857948303223
COL1A2,KRAS only,2.998509407043457
COL1A2,KRAS only,2.5504956245422363
COL1A2,KRAS only,3.003927707672119
COL1A2,KRAS only,2.603886127471924
COL1A2,KRAS only,2.7222464084625244
COL1A2,KRAS only,2.8322134017944336
COL1A2,KRAS only,2.7756569385528564
COL1A2,KRAS only,2.8012211322784424
COL1A2,KRAS only,2.5181100368499756
COL1A2,KRAS only,2.099475622177124
COL1A2,KRAS only,3.07639741897583
COL1A2,KRAS only,2.7925047874450684
COL1A2,KRAS only,1.4334487915039062
COL1A2,KRAS only,2.5272209644317627
COL1A2,KRAS only,2.1861138343811035
COL1A2,KRAS only,1.8757961988449097
COL1A2,KRAS only,2.6143691539764404
COL1A2,KRAS only,2.9227700233459473
COL1A2,KRAS only,2.342433452606201
COL1A2,KRAS only,0.0
COL1A2,KRAS only,1.6211574077606201
COL1A2,KRAS only,2.732184886932373
COL1A2,KRAS only,3.1128926277160645
COL1A2,KRAS only,0.0
COL1A2,KRAS only,2.6118035316467285
COL1A2,KRAS only,2.8754189014434814
COL1A2,KRAS only,2.96304988861084
COL1A2,KRAS only,2.698033094406128
COL1A2,KRAS only,3.2667202949523926
COL1A2,KRAS only,3.0896780490875244
COL1A2,KRAS only,3.139934539794922
COL1A2,KRAS only,2.910632610321045
COL1A2,KRAS only,2.6250081062316895
COL1A2,KRAS only,2.4886116981506348
COL1A2,KRAS only,3.6820433139801025
COL1A2,KRAS only,2.6689774990081787
COL1A2,KRAS only,2.4967167377471924
COL1A2,KRAS only,2.8483798503875732
COL1A2,KRAS only,1.8142611980438232
COL1A2,KRAS only,2.7493185997009277
COL1A2,KRAS only,2.913301944732666
COL1A2,KRAS only,1.893679141998291
COL1A2,KRAS only,2.969123125076294
COL1A2,KRAS only,2.7850310802459717
COL1A2,KRAS only,2.8353383541107178
COL1A2,KRAS only,2.954796552658081
COL1A2,KRAS only,3.2977023124694824
COL1A2,KRAS only,2.2246031761169434
COL1A2,KRAS only,0.0
COL1A2,KRAS only,2.742713212966919
COL1A2,KRAS only,2.3563108444213867
COL1A2,KRAS only,1.236923098564148
COL1A2,KRAS only,3.0055229663848877
COL1A2,KRAS only,2.230933666229248
COL1A2,KRAS only,2.566206693649292
COL1A2,KRAS only,3.067430019378662
COL1A2,KRAS only,2.686964273452759
COL1A2,KRAS only,2.993713617324829
COL1A2,KRAS only,2.5259451866149902
COL1A2,KRAS only,3.083488941192627
COL1A2,KRAS only,2.4511702060699463
COL1A2,KRAS only,3.244337320327759
COL1A2,KRAS only,2.660257339477539
COL1A2,KRAS only,2.8434770107269287
COL1A2,KRAS only,2.7307190895080566
COL1A2,KRAS only,3.1179776191711426
COL1A2,KRAS only,3.293776750564575
COL1A2,KRAS only,3.1088948249816895
COL1A2,KRAS only,2.9167280197143555
COL1A2,KRAS only,3.1109323501586914
COL1A2,KRAS only,2.501274585723877
COL1A2,KRAS only,2.0375356674194336
COL1A2,KRAS only,2.456817388534546
COL1A2,KRAS only,3.388979434967041
COL1A2,KRAS only,2.4239108562469482
COL1A2,KRAS only,3.0394845008850098
COL1A2,KRAS only,2.722003698348999
COL1A2,KRAS only,3.0358948707580566
COL1A2,KRAS only,2.953489303588867
COL1A2,KRAS only,2.1273794174194336
COL1A2,KRAS only,3.0040667057037354
COL1A2,KRAS only,0.0
COL1A2,KRAS only,2.5249369144439697
COL1A2,KRAS only,2.856498956680298
COL1A2,KRAS only,3.1678619384765625
COL1A2,KRAS only,2.9492359161376953
COL1A2,KRAS only,2.8119566440582275
COL1A2,KRAS only,3.1287336349487305
COL1A2,KRAS only,2.8131091594696045
COL1A2,KRAS only,3.002620220184326
COL1A2,KRAS only,3.1038546562194824
COL1A2,KRAS only,2.405592679977417
COL1A2,KRAS only,2.540919542312622
COL1A2,KRAS only,2.9815003871917725
COL1A2,KRAS only,2.7616419792175293
COL1A2,KRAS only,3.269110679626465
COL1A2,KRAS only,2.9478321075439453
COL1A2,KRAS only,3.067741632461548
COL1A2,KRAS only,2.927931785583496
COL1A2,KRAS only,3.2262513637542725
COL1A2,KRAS only,3.314788818359375
COL1A2,KRAS only,2.150210380554199
COL1A2,KRAS only,2.260892152786255
COL1A2,KRAS only,1.8493256568908691
COL1A2,KRAS only,2.5864477157592773
COL1A2,KRAS only,0.0
COL1A2,KRAS only,2.3171350955963135
COL1A2,KRAS only,2.952075719833374
COL1A2,KRAS only,2.4037680625915527
COL1A2,KRAS only,2.9373650550842285
COL1A2,KRAS only,3.0765113830566406
COL1A2,KRAS only,2.549915313720703
COL1A2,KRAS only,3.1562604904174805
COL1A2,KRAS only,3.059328317642212
COL1A2,KRAS only,2.4645278453826904
COL1A2,KRAS only,2.9111368656158447
COL1A2,KRAS only,3.1314053535461426
COL1A2,KRAS only,3.0152335166931152
COL1A2,KRAS only,3.3522934913635254
COL1A2,KRAS only,3.038226842880249
COL1A2,KRAS only,2.6143319606781006
COL1A2,KRAS only,2.0066819190979004
COL1A2,KRAS only,2.9637532234191895
COL1A2,KRAS only,2.9258031845092773
COL1A2,KRAS only,2.165644407272339
COL1A2,KRAS only,2.3505005836486816
COL1A2,KRAS only,1.6631842851638794
COL1A2,KRAS only,2.7260055541992188
COL1A2,KRAS only,3.07468581199646
COL1A2,KRAS only,2.445537805557251
COL1A2,KRAS only,2.6850836277008057
COL1A2,KRAS only,2.4051010608673096
COL1A2,KRAS only,2.499940872192383
COL1A2,KRAS only,3.385500431060791
COL1A2,KRAS only,3.0547802448272705
COL1A2,KRAS only,2.1913323402404785
COL1A2,KRAS only,2.029802083969116
COL1A2,KRAS only,2.8840551376342773
COL1A2,KRAS only,2.402444362640381
COL1A2,KRAS only,3.168834924697876
COL1A2,KRAS only,2.8860080242156982
COL1A2,KRAS only,3.1480395793914795
COL1A2,KRAS only,2.3525400161743164
COL1A2,KRAS only,1.941300392150879
COL1A2,KRAS only,2.904834508895874
COL1A2,KRAS only,2.8435752391815186
COL1A2,KRAS only,3.193861961364746
COL1A2,KRAS only,2.812772512435913
COL1A2,KRAS only,3.0854644775390625
COL1A2,KRAS only,3.1416783332824707
COL1A2,KRAS only,1.9195042848587036
COL1A2,KRAS only,2.9128739833831787
COL1A2,KRAS only,3.0307512283325195
COL1A2,KRAS only,2.5242276191711426
COL1A2,KRAS only,3.1873703002929688
COL1A2,KRAS only,1.8509325981140137
COL1A2,KRAS only,3.358607292175293
COL1A2,KRAS only,2.6490228176116943
COL1A2,KRAS only,2.8938965797424316
COL1A2,KRAS only,2.8925530910491943
COL1A2,KRAS only,2.6595585346221924
COL1A2,KRAS only,2.8150556087493896
COL1A2,KRAS only,2.9619576930999756
COL1A2,KRAS only,2.8938798904418945
COL1A2,KRAS only,3.215566635131836
COL1A2,KRAS only,2.735252857208252
COL1A2,KRAS only,2.59397029876709
COL1A2,KRAS only,3.2690272331237793
COL1A2,KRAS only,2.5261166095733643
COL1A2,KRAS only,2.695943593978882
COL1A2,KRAS only,2.8548550605773926
COL1A2,KRAS only,2.849914789199829
COL1A2,KRAS only,1.714944839477539
COL1A2,KRAS only,3.132526159286499
COL1A2,KRAS only,3.210294246673584
COL1A2,KRAS only,2.832928419113159
COL1A2,KRAS only,2.938032865524292
COL1A2,KRAS only,2.6892430782318115
COL1A2,KRAS only,0.0
COL1A2,KRAS only,0.0
COL1A2,KRAS only,2.0040125846862793
COL1A2,KRAS only,3.0580615997314453
COL1A2,KRAS only,2.4818243980407715
COL1A2,KRAS only,3.4598238468170166
COL1A2,KRAS only,3.0558090209960938
COL1A2,KRAS only,2.129979133605957
COL1A2,KRAS only,3.231661081314087
COL1A2,KRAS only,2.63034725189209
COL1A2,KRAS only,2.7744901180267334
COL1A2,KRAS only,2.558933973312378
COL1A2,KRAS only,3.112278699874878
COL1A2,KRAS only,3.1439032554626465
COL1A2,KRAS only,2.6434507369995117
COL1A2,KRAS only,2.430934429168701
COL1A2,KRAS only,2.0402634143829346
COL1A2,KRAS only,3.012193441390991
COL1A2,KRAS only,3.1856939792633057
COL1A2,KRAS only,2.0404775142669678
COL1A2,KRAS only,3.2310335636138916
COL1A2,KRAS only,2.0845015048980713
COL1A2,KRAS only,3.1716465950012207
COL1A2,KRAS only,2.5267577171325684
COL1A2,KRAS only,3.268198251724243
COL1A2,KRAS only,2.502830743789673
COL1A2,KRAS only,3.184842586517334
COL1A2,KRAS only,2.770158290863037
COL1A2,KRAS only,2.7033209800720215
COL1A2,KRAS only,2.48925518989563
COL1A2,KRAS only,2.700827121734619
COL1A2,KRAS only,0.0
COL1A2,KRAS only,2.9253275394439697
COL1A2,KRAS only,2.6903281211853027
COL1A2,KRAS only,2.90635347366333
COL1A2,KRAS only,2.9568679332733154
COL1A2,KRAS only,3.1362051963806152
COL1A2,KRAS only,2.6579229831695557
COL1A2,KRAS only,3.13370943069458
COL1A2,KRAS only,2.639082908630371
COL1A2,KRAS only,2.9250400066375732
COL1A2,KRAS only,3.067688465118408
COL1A2,KRAS only,2.760545253753662
COL1A2,KRAS only,2.6743268966674805
COL1A2,KRAS only,1.838991403579712
COL1A2,KRAS only,2.877955913543701
COL1A2,KRAS only,2.6953999996185303
COL1A2,KRAS only,2.744838237762451
COL1A2,KRAS only,2.9250986576080322
COL1A2,KRAS only,2.455120325088501
COL1A2,KRAS only,2.1255578994750977
COL1A2,KRAS only,3.015015125274658
COL1A2,KRAS only,2.147723436355591
COL1A2,KRAS only,3.210059404373169
COL1A2,KRAS only,2.0583698749542236
COL1A2,KRAS only,3.085498809814453
COL1A2,KRAS only,3.230895757675171
COL1A2,KRAS only,3.04009747505188
COL1A2,KRAS only,1.8272790908813477
COL1A2,KRAS only,2.948618173599243
COL1A2,KRAS only,3.14963960647583
COL1A2,KRAS only,1.7224611043930054
COL1A2,KRAS only,2.5772881507873535
COL1A2,KRAS only,2.828077793121338
COL1A2,KRAS only,2.5170371532440186
COL1A2,KRAS only,2.563441276550293
COL1A2,KRAS only,2.8496835231781006
COL1A2,KRAS only,3.142637014389038
COL1A2,KRAS only,2.621844530105591
COL1A2,KRAS only,2.8803329467773438
COL1A2,KRAS only,2.7027480602264404
COL1A2,KRAS only,3.1156585216522217
COL1A2,KRAS only,3.025477409362793
COL1A2,KRAS only,3.0284605026245117
COL1A2,KRAS only,2.8922884464263916
COL1A2,KRAS only,2.970031261444092
COL1A2,KRAS only,2.8862950801849365
COL1A2,KRAS only,2.4900245666503906
COL1A2,KRAS only,2.3809123039245605
COL1A2,KRAS only,2.744239330291748
COL1A2,KRAS only,1.8191684484481812
COL1A2,KRAS only,3.1050803661346436
COL1A2,KRAS only,2.868499994277954
COL1A2,KRAS only,2.1660728454589844
COL1A2,KRAS only,1.5400669574737549
COL1A2,KRAS only,2.6419854164123535
COL1A2,KRAS only,2.9141311645507812
COL1A2,KRAS only,2.9111971855163574
COL1A2,KRAS only,3.196489095687866
COL1A2,KRAS only,2.915092945098877
COL1A2,KRAS only,2.9712913036346436
COL1A2,KRAS only,2.3646936416625977
COL1A2,KRAS only,3.215679168701172
COL1A2,KRAS only,2.6827497482299805
COL1A2,KRAS only,2.7643463611602783
COL1A2,KRAS only,2.8633930683135986
COL1A2,KRAS only,0.0
COL1A2,KRAS only,3.005309820175171
COL1A2,KRAS only,3.0355191230773926
COL1A2,KRAS only,3.6199581623077393
COL1A2,KRAS only,2.1100051403045654
COL1A2,KRAS only,2.7058451175689697
COL1A2,KRAS only,2.278618335723877
COL1A2,KRAS only,3.280289649963379
COL1A2,KRAS only,2.7005083560943604
COL1A2,KRAS only,2.793617010116577
COL1A2,KRAS only,2.845170497894287
COL1A2,KRAS only,2.9208016395568848
COL1A2,KRAS only,2.743945837020874
COL1A2,KRAS only,2.948152780532837
COL1A2,KRAS only,2.4503462314605713
COL1A2,KRAS only,2.3799703121185303
COL1A2,KRAS only,2.137242555618286
COL1A2,KRAS only,2.7748608589172363
COL1A2,KRAS only,1.9622360467910767
COL1A2,KRAS only,2.86651349067688
COL1A2,KRAS only,2.135166645050049
COL1A2,KRAS only,2.6567578315734863
COL1A2,KRAS only,2.338634967803955
COL1A2,KRAS only,2.631462335586548
COL1A2,KRAS only,2.6739718914031982
COL1A2,KRAS only,2.7105350494384766
COL1A2,KRAS only,2.9523215293884277
COL1A2,KRAS only,2.7697441577911377
COL1A2,KRAS only,2.764336585998535
COL1A2,KRAS only,3.0162785053253174
COL1A2,KRAS only,1.8575448989868164
COL1A2,KRAS only,1.3460745811462402
COL1A2,KRAS only,2.422475814819336
COL1A2,KRAS only,2.8334336280822754
COL1A2,KRAS only,3.117964267730713
COL1A2,KRAS only,3.118624687194824
COL1A2,KRAS only,2.422877311706543
COL1A2,KRAS only,2.834652900695801
COL1A2,KRAS only,2.986085891723633
COL1A2,KRAS only,3.2424392700195312
COL1A2,KRAS only,2.2564382553100586
COL1A2,KRAS only,3.039886474609375
COL1A2,KRAS only,2.8438339233398438
COL1A2,KRAS only,3.1091606616973877
COL1A2,KRAS only,2.8448615074157715
COL1A2,KRAS only,2.5360214710235596
COL1A2,KRAS only,2.76959228515625
COL1A2,KRAS only,2.18693470954895
COL1A2,KRAS only,3.162982702255249
COL1A2,KRAS only,2.672288656234741
COL1A2,KRAS only,2.098611831665039
COL1A2,KRAS only,3.1751327514648438
COL1A2,KRAS only,3.3328306674957275
COL1A2,KRAS only,2.3393025398254395
COL1A2,KRAS only,2.6383488178253174
COL1A2,KRAS only,2.432849645614624
COL1A2,KRAS only,2.3098678588867188
COL1A2,KRAS only,2.760589122772217
COL1A2,KRAS only,2.926724910736084
COL1A2,KRAS only,2.9850571155548096
COL1A2,KRAS only,3.0944385528564453
COL1A2,KRAS only,2.6820080280303955
COL1A2,KRAS only,2.2786102294921875
COL1A2,KRAS only,1.3639296293258667
COL1A2,KRAS only,3.0589849948883057
COL1A2,KRAS only,2.796077013015747
COL1A2,KRAS only,2.6135149002075195
COL1A2,KRAS only,2.905135154724121
COL1A2,KRAS only,3.7210354804992676
COL1A2,KRAS only,3.030630588531494
COL1A2,KRAS only,3.1626203060150146
COL1A2,KRAS only,2.9280998706817627
COL1A2,KRAS only,3.101925849914551
COL1A2,KRAS only,2.714479923248291
COL1A2,KRAS only,2.4534454345703125
COL1A2,KRAS only,3.3685076236724854
COL1A2,KRAS only,2.6727566719055176
COL1A2,KRAS only,2.9605822563171387
COL1A2,KRAS only,2.5453813076019287
COL1A2,KRAS only,0.0
COL1A2,KRAS only,1.4480154514312744
COL1A2,KRAS only,2.07254695892334
COL1A2,KRAS only,2.3080787658691406
COL1A2,KRAS only,2.8853774070739746
COL1A2,KRAS only,2.7532944679260254
COL1A2,KRAS only,3.100687265396118
COL1A2,KRAS only,2.011420726776123
COL1A2,KRAS only,2.6443276405334473
COL1A2,KRAS only,2.701416015625
COL1A2,KRAS only,2.578821897506714
COL1A2,KRAS only,2.3242850303649902
COL1A2,KRAS only,3.1832947731018066
COL1A2,KRAS only,2.8310599327087402
COL1A2,KRAS only,2.826972246170044
COL1A2,KRAS only,2.689570665359497
COL1A2,KRAS only,2.648372173309326
COL1A2,KRAS only,2.671010971069336
COL1A2,KRAS only,2.535356044769287
COL1A2,KRAS only,2.569607734680176
COL1A2,KRAS only,3.1206138134002686
COL1A2,KRAS only,3.1589174270629883
COL1A2,KRAS only,3.0632212162017822
COL1A2,KRAS only,2.4705634117126465
COL1A2,KRAS only,2.1050195693969727
COL1A2,KRAS only,3.068289279937744
COL1A2,KRAS only,3.4728260040283203
COL1A2,KRAS only,2.594865322113037
COL1A2,KRAS only,2.25508975982666
COL1A2,KRAS only,2.960921287536621
COL1A2,KRAS only,2.871988296508789
COL1A2,KRAS only,2.756742000579834
COL1A2,KRAS only,2.972256660461426
COL1A2,KRAS only,3.121302604675293
COL1A2,KRAS only,2.6111340522766113
COL1A2,KRAS only,3.230163812637329
COL1A2,KRAS only,3.2331855297088623
COL1A2,KRAS only,2.7226948738098145
COL1A2,KRAS only,2.7635724544525146
COL1A2,KRAS only,2.948300361633301
COL1A2,KRAS only,2.5397231578826904
COL1A2,KRAS only,3.2120020389556885
COL1A2,KRAS only,3.097160577774048
COL1A2,KRAS only,3.0037684440612793
COL1A2,KRAS only,2.4868345260620117
COL1A2,KRAS only,3.140902042388916
COL1A2,KRAS only,3.291303873062134
COL1A2,KRAS only,2.8047266006469727
COL1A2,KRAS only,3.314748525619507
COL1A2,KRAS only,2.954582452774048
COL1A2,KRAS only,2.9673147201538086
COL1A2,KRAS only,2.449280023574829
COL1A2,KRAS only,3.127340793609619
COL1A2,KRAS only,2.276695966720581
COL1A2,KRAS only,3.2717583179473877
COL1A2,KRAS only,2.8087589740753174
COL1A2,KRAS only,2.479727268218994
COL1A2,KRAS only,2.4592232704162598
COL1A2,KRAS only,2.816652297973633
COL1A2,KRAS only,2.475186824798584
COL1A2,KRAS only,2.9140677452087402
COL1A2,KRAS only,3.1746373176574707
COL1A2,KRAS only,1.7752106189727783
COL1A2,KRAS only,2.594972848892212
COL1A2,KRAS only,2.6198925971984863
COL1A2,KRAS only,2.336754560470581
COL1A2,KRAS only,2.327500820159912
COL1A2,KRAS only,2.505859136581421
COL1A2,KRAS only,3.200829029083252
COL1A2,KRAS only,3.55169677734375
COL1A2,KRAS only,2.6054859161376953
COL1A2,KRAS only,3.0738296508789062
COL1A2,KRAS only,3.1592531204223633
COL1A2,KRAS only,2.644136667251587
COL1A2,KRAS only,2.515303373336792
COL1A2,KRAS only,2.493931531906128
COL1A2,KRAS only,2.8643758296966553
COL1A2,KRAS only,2.770853281021118
COL1A2,KRAS only,3.098766326904297
COL1A2,KRAS only,2.5484163761138916
COL1A2,KRAS only,2.962998390197754
COL1A2,KRAS only,2.890158176422119
COL1A2,KRAS only,2.651721715927124
COL1A2,KRAS only,2.380204200744629
COL1A2,KRAS only,2.6143503189086914
COL1A2,KRAS only,0.0
COL1A2,KRAS only,2.7754976749420166
COL1A2,KRAS only,3.144869565963745
COL1A2,KRAS only,2.242861747741699
COL1A2,KRAS only,2.577331066131592
COL1A2,KRAS only,3.011417865753174
COL1A2,KRAS only,2.9620814323425293
COL1A2,KRAS only,2.536680221557617
COL1A2,KRAS only,2.7525153160095215
COL1A2,KRAS only,2.7816314697265625
COL1A2,KRAS only,2.9449923038482666
COL1A2,KRAS only,2.9647462368011475
COL1A2,KRAS only,2.783567190170288
COL1A2,KRAS only,2.711744785308838
COL1A2,KRAS only,3.026085376739502
COL1A2,KRAS only,2.7134900093078613
COL1A2,KRAS only,2.251154661178589
COL1A2,KRAS only,2.8500030040740967
COL1A2,KRAS only,3.108940601348877
COL1A2,KRAS only,2.8864364624023438
COL1A2,KRAS only,2.954113483428955
COL1A2,KRAS only,2.6710612773895264
COL1A2,KRAS only,3.0315959453582764
COL1A2,KRAS only,1.646695613861084
COL1A2,KRAS only,2.947918653488159
COL1A2,KRAS only,3.1261556148529053
COL1A2,KRAS only,2.896343469619751
COL1A2,KRAS only,2.844480514526367
COL1A2,KRAS only,3.32031512260437
COL1A2,KRAS only,3.0329346656799316
COL1A2,KRAS only,2.8308045864105225
COL1A2,KRAS only,2.5688982009887695
COL1A2,KRAS only,2.933500051498413
COL1A2,KRAS only,3.1722147464752197
COL1A2,KRAS only,3.022090435028076
COL1A2,KRAS only,3.0980706214904785
COL1A2,KRAS only,2.999051094055176
COL1A2,KRAS only,2.447049856185913
COL1A2,KRAS only,3.048093795776367
COL1A2,KRAS only,2.536616086959839
COL1A2,KRAS only,2.815821647644043
COL1A2,KRAS only,3.095400333404541
COL1A2,KRAS only,2.6499459743499756
COL1A2,KRAS only,2.7325148582458496
COL1A2,KRAS only,2.7334797382354736
COL1A2,KRAS only,2.7783396244049072
COL1A2,KRAS only,2.466723918914795
COL1A2,KRAS only,0.0
COL1A2,KRAS only,2.2793807983398438
COL1A2,KRAS only,3.290107011795044
COL1A2,KRAS only,2.2330217361450195
COL1A2,KRAS only,2.6328954696655273
COL1A2,KRAS only,3.4948458671569824
COL1A2,KRAS only,2.718346357345581
COL1A2,KRAS only,2.4216341972351074
COL1A2,KRAS only,2.5088255405426025
COL1A2,KRAS only,2.7754359245300293
COL1A2,KRAS only,2.8951833248138428
COL1A2,KRAS only,2.269554615020752
COL1A2,KRAS only,2.912167549133301
COL1A2,KRAS only,2.887296199798584
COL1A2,KRAS only,2.6382369995117188
COL1A2,KRAS only,2.9092369079589844
COL1A2,KRAS only,2.298323154449463
COL1A2,KRAS only,2.9171743392944336
COL1A2,KRAS only,2.9286277294158936
COL1A2,KRAS only,3.424560308456421
COL1A2,KRAS only,3.033792018890381
COL1A2,KRAS only,3.0730462074279785
COL1A2,KRAS only,2.77036714553833
COL1A2,KRAS only,2.063189744949341
COL1A2,KRAS only,3.324579954147339
COL1A2,KRAS only,2.996199131011963
COL1A2,KRAS only,2.409855842590332
COL1A2,KRAS only,2.863173246383667
COL1A2,KRAS only,2.9661433696746826
COL1A2,KRAS only,3.101891040802002
COL1A2,KRAS only,3.1900670528411865
COL1A2,KRAS only,2.8771719932556152
COL1A2,KRAS only,2.8047525882720947
COL1A2,KRAS only,2.825568437576294
COL1A2,KRAS only,3.055713415145874
COL1A2,KRAS only,2.923504590988159
COL1A2,KRAS only,1.7712650299072266
COL1A2,KRAS only,2.389979839324951
COL1A2,KRAS only,2.811720132827759
COL1A2,KRAS only,3.0163657665252686
COL1A2,KRAS only,2.843433141708374
COL1A2,KRAS only,2.479783773422241
COL1A2,KRAS only,2.8835203647613525
COL1A2,KRAS only,2.8554513454437256
COL1A2,KRAS only,2.3230650424957275
COL1A2,KRAS only,2.6621296405792236
COL1A2,KRAS only,3.0513200759887695
COL1A2,KRAS only,3.0179858207702637
COL1A2,KRAS only,2.4122540950775146
COL1A2,KRAS only,2.481773614883423
COL1A2,KRAS only,3.1612768173217773
COL1A2,KRAS only,2.9279866218566895
COL1A2,KRAS only,2.3236451148986816
COL1A2,KRAS only,2.794527769088745
COL1A2,KRAS only,2.460075855255127
COL1A2,KRAS only,2.355534553527832
COL1A2,KRAS only,1.938294768333435
COL1A2,KRAS only,3.4055185317993164
COL1A2,KRAS only,2.6636195182800293
COL1A2,KRAS only,2.338634729385376
COL1A2,KRAS only,2.831610918045044
COL1A2,KRAS only,3.007634162902832
COL1A2,KRAS only,2.332831382751465
COL1A2,KRAS only,3.0408287048339844
COL1A2,KRAS only,2.606367588043213
COL1A2,KRAS only,3.202971935272217
COL1A2,KRAS only,2.6401724815368652
COL1A2,KRAS only,3.122925043106079
COL1A2,KRAS only,3.086944341659546
COL1A2,KRAS only,3.4350686073303223
COL1A2,KRAS only,2.800274133682251
COL1A2,KRAS only,2.545116424560547
COL1A2,KRAS only,2.560709238052368
COL1A2,KRAS only,2.9463963508605957
COL1A2,KRAS only,2.5790326595306396
COL1A2,KRAS only,3.0643508434295654
COL1A2,KRAS only,3.1200873851776123
COL1A2,KRAS only,3.2055301666259766
COL1A2,KRAS only,3.297213315963745
COL1A2,KRAS only,2.8839476108551025
COL1A2,KRAS only,2.4183592796325684
COL1A2,KRAS only,2.7328293323516846
COL1A2,KRAS only,2.9058568477630615
COL1A2,KRAS only,2.475663423538208
COL1A2,KRAS only,3.355130195617676
COL1A2,KRAS only,2.096280574798584
COL1A2,KRAS only,2.9887046813964844
COL1A2,KRAS only,2.909635543823242
COL1A2,KRAS only,2.2355785369873047
COL1A2,KRAS only,2.7918050289154053
COL1A2,KRAS only,3.1953659057617188
COL1A2,KRAS only,2.321535110473633
COL1A2,KRAS only,3.0835742950439453
COL1A2,KRAS only,1.3262355327606201
COL1A2,KRAS only,2.875007390975952
COL1A2,KRAS only,2.101896286010742
COL1A2,KRAS only,2.874256134033203
COL1A2,KRAS only,3.1070094108581543
COL1A2,KRAS only,2.5706210136413574
COL1A2,KRAS only,3.1967856884002686
COL1A2,KRAS only,2.9293198585510254
COL1A2,KRAS only,2.671211004257202
COL1A2,KRAS only,3.0083022117614746
COL1A2,KRAS only,2.820108413696289
COL1A2,KRAS only,2.693039894104004
COL1A2,KRAS only,2.8346190452575684
COL1A2,KRAS only,2.96146559715271
COL1A2,KRAS only,3.4643287658691406
COL1A2,KRAS only,2.8916306495666504
COL1A2,KRAS only,0.0
COL1A2,KRAS only,3.1880078315734863
COL1A2,KRAS only,3.012683153152466
COL1A2,KRAS only,2.7864580154418945
COL1A2,KRAS only,2.830859661102295
COL1A2,KRAS only,2.6122822761535645
COL1A2,KRAS only,2.7556371688842773
COL1A2,KRAS only,2.2263717651367188
COL1A2,KRAS only,0.0
COL1A2,KRAS only,2.411836862564087
COL1A2,KRAS only,0.0
COL1A2,KRAS only,2.8506057262420654
COL1A2,KRAS only,2.4966986179351807
COL1A2,KRAS only,2.8472301959991455
COL1A2,KRAS only,3.0790257453918457
COL1A2,KRAS only,2.60640549659729
COL1A2,KRAS only,3.4115424156188965
COL1A2,KRAS only,3.2027459144592285
COL1A2,KRAS only,2.1153879165649414
COL1A2,KRAS only,2.9400219917297363
COL1A2,KRAS only,2.7967886924743652
COL1A2,KRAS only,3.023735284805298
COL1A2,KRAS only,3.397726535797119
COL1A2,KRAS only,3.214374303817749
COL1A2,KRAS only,3.1483490467071533
COL1A2,KRAS only,3.0816690921783447
COL1A2,KRAS only,3.151789665222168
COL1A2,KRAS only,2.9395487308502197
COL1A2,KRAS only,3.133213758468628
COL1A2,KRAS only,2.6082372665405273
COL1A2,KRAS only,2.1355655193328857
COL1A2,KRAS only,2.3563318252563477
COL1A2,KRAS only,2.7329583168029785
COL1A2,KRAS only,0.0
COL1A2,KRAS only,2.0950653553009033
COL1A2,KRAS only,2.3508219718933105
COL1A2,KRAS only,3.1680359840393066
COL1A2,KRAS only,2.654566526412964
COL1A2,KRAS only,2.1509814262390137
COL1A2,KRAS only,2.614105224609375
COL1A2,KRAS only,2.814927101135254
COL1A2,KRAS only,2.7906768321990967
COL1A2,KRAS only,2.8472979068756104
COL1A2,KRAS only,2.6716599464416504
COL1A2,KRAS only,2.726219415664673
COL1A2,KRAS only,2.5968196392059326
COL1A2,KRAS only,0.0
COL1A2,KRAS only,2.201345443725586
COL1A2,KRAS only,3.2133028507232666
COL1A2,KRAS only,2.621988534927368
COL1A2,KRAS only,0.0
COL1A2,KRAS only,1.9165936708450317
COL1A2,KRAS only,2.7710421085357666
COL1A2,KRAS only,2.659466028213501
COL1A2,KRAS only,3.123004198074341
COL1A2,KRAS only,2.688493013381958
COL1A2,KRAS only,2.890275001525879
COL1A2,KRAS only,3.0103228092193604
COL1A2,KRAS only,2.8092920780181885
COL1A2,KRAS only,4.006806373596191
COL1A2,KRAS only,2.9834485054016113
COL1A2,KRAS only,3.01704478263855
COL1A2,KRAS only,2.5345709323883057
COL1A2,KRAS only,2.5851383209228516
COL1A2,KRAS only,2.7297980785369873
COL1A2,KRAS only,3.0616354942321777
COL1A2,KRAS only,2.8603930473327637
COL1A2,KRAS only,3.173929452896118
COL1A2,KRAS only,1.9398078918457031
COL1A2,KRAS only,2.7613840103149414
COL1A2,KRAS only,3.369940996170044
COL1A2,KRAS only,3.2688543796539307
COL1A2,KRAS only,3.047750949859619
COL1A2,KRAS only,2.248279571533203
COL1A2,KRAS only,2.3372721672058105
COL1A2,KRAS only,0.0
COL1A2,KRAS only,2.4391183853149414
COL1A2,KRAS only,2.4625611305236816
COL1A2,KRAS only,0.0
COL1A2,KRAS only,2.4432735443115234
COL1A2,KRAS only,3.2645599842071533
COL1A2,KRAS only,2.516555070877075
COL1A2,KRAS only,0.0
COL1A2,KRAS only,0.0
COL1A2,KRAS only,1.9572185277938843
COL1A2,KRAS only,2.453662872314453
COL1A2,KRAS only,3.5562727451324463
COL1A2,KRAS only,3.093320846557617
COL1A2,KRAS only,0.0
COL1A2,KRAS only,2.927886486053467
COL1A2,KRAS only,3.3455638885498047
COL1A2,KRAS only,3.293834924697876
COL1A2,KRAS only,2.3279852867126465
COL1A2,KRAS only,1.9268046617507935
COL1A2,KRAS only,2.659118175506592
COL1A2,KRAS only,2.582775354385376
COL1A2,KRAS only,2.3663110733032227
COL1A2,KRAS only,2.6434121131896973
COL1A2,KRAS only,2.5429067611694336
COL1A2,KRAS only,2.543478488922119
COL1A2,KRAS only,2.6648619174957275
COL1A2,KRAS only,1.9942200183868408
COL1A2,KRAS only,2.5647757053375244
COL1A2,KRAS only,3.2701001167297363
COL1A2,KRAS only,1.812721848487854
COL1A2,KRAS only,2.517103433609009
COL1A2,KRAS only,2.487130641937256
COL1A2,KRAS only,2.247358798980713
COL1A2,KRAS only,2.792874336242676
COL1A2,KRAS only,2.7211451530456543
COL1A2,KRAS only,2.6253600120544434
COL1A2,KRAS only,3.30881929397583
COL1A2,KRAS only,1.966880440711975
COL1A2,KRAS only,2.791153907775879
COL1A2,KRAS only,2.4231128692626953
COL1A2,KRAS only,3.4398868083953857
COL1A2,KRAS only,2.075321674346924
COL1A2,KRAS only,3.010143280029297
COL1A2,KRAS only,2.497680902481079
COL1A2,KRAS only,0.0
COL1A2,KRAS only,2.743734121322632
COL1A2,KRAS only,2.3256540298461914
COL1A2,KRAS only,0.0
COL1A2,KRAS only,2.294999837875366
COL1A2,KRAS only,1.585724115371704
COL1A2,KRAS only,3.2357380390167236
COL1A2,KRAS only,1.487373948097229
COL1A2,KRAS only,3.4655601978302
COL1A2,KRAS only,2.861891984939575
COL1A2,KRAS only,0.0
COL1A2,KRAS only,1.4024759531021118
COL1A2,KRAS only,3.4730336666107178
COL1A2,KRAS only,2.896700859069824
COL1A2,KRAS only,2.816340923309326
COL1A2,KRAS only,0.0
COL1A2,KRAS only,2.771925926208496
COL1A2,KRAS only,2.94750714302063
COL1A2,KRAS only,2.5058274269104004
COL1A2,KRAS only,2.3970088958740234
COL1A2,KRAS only,3.2115440368652344
COL1A2,KRAS only,2.932183265686035
COL1A2,KRAS only,2.7267887592315674
COL1A2,KRAS only,2.4150424003601074
COL1A2,KRAS only,2.253610849380493
COL1A2,KRAS only,0.0
COL1A2,KRAS only,2.463092803955078
COL1A2,KRAS only,2.7922041416168213
COL1A2,KRAS only,3.253387451171875
COL1A2,KRAS only,2.3350090980529785
COL1A2,KRAS only,0.0
COL1A2,KRAS only,3.249870777130127
COL1A2,KRAS only,0.0
COL1A2,KRAS only,3.026726245880127
COL1A2,KRAS only,0.0
COL1A2,KRAS only,2.9451611042022705
COL1A2,KRAS only,0.0
COL1A2,KRAS only,0.0
COL1A2,KRAS only,0.0
COL1A2,KRAS only,3.00832462310791
COL1A2,KRAS only,0.0
COL1A2,KRAS only,3.821272850036621
COL1A2,KRAS only,3.1086363792419434
COL1A2,KRAS only,3.236962080001831
COL1A2,KRAS only,2.363299608230591
COL1A2,KRAS only,3.3395533561706543
COL1A2,KRAS only,3.1818060874938965
COL1A2,KRAS only,3.1473593711853027
COL1A2,KRAS only,3.166806697845459
COL1A2,KRAS only,3.138828992843628
COL1A2,KRAS only,2.9950568675994873
COL1A2,KRAS only,2.567216157913208
COL1A2,KRAS only,3.2320961952209473
COL1A2,KRAS only,3.421333074569702
COL1A2,KRAS only,2.6638970375061035
COL1A2,KRAS only,2.60548734664917
COL1A2,KRAS only,3.400642156600952
COL1A2,KRAS only,3.329103708267212
COL1A2,KRAS only,2.671436071395874
COL1A2,KRAS only,2.6634140014648438
COL1A2,KRAS only,3.3424856662750244
COL1A2,KRAS only,3.2760448455810547
COL1A2,KRAS only,3.0901403427124023
COL1A2,KRAS only,2.712859869003296
COL1A2,KRAS only,3.7336931228637695
COL1A2,KRAS only,0.0
COL1A2,KRAS only,3.3255879878997803
COL1A2,KRAS only,3.26762318611145
COL1A2,KRAS only,3.326920747756958
COL1A2,KRAS only,3.3433427810668945
COL1A2,KRAS only,3.392155647277832
COL1A2,KRAS only,3.4394218921661377
COL1A2,KRAS only,3.3697617053985596
COL1A2,KRAS only,3.2968411445617676
COL1A2,KRAS only,3.3324177265167236
COL1A2,KRAS only,2.941378355026245
COL1A2,KRAS only,3.647690773010254
COL1A2,KRAS only,3.1556921005249023
COL1A2,KRAS only,2.667215347290039
COL1A2,KRAS only,2.9014506340026855
COL1A2,KRAS only,2.4095101356506348
COL1A2,KRAS only,3.396202802658081
COL1A2,KRAS only,3.0620903968811035
COL1A2,KRAS only,2.600435733795166
COL1A2,KRAS only,3.3970329761505127
COL1A2,KRAS only,3.1895651817321777
COL1A2,KRAS only,3.4121620655059814
COL1A2,KRAS only,3.700762987136841
COL1A2,KRAS only,3.3852272033691406
COL1A2,KRAS only,2.3090972900390625
COL1A2,KRAS only,2.9364190101623535
COL1A2,KRAS only,3.3206727504730225
COL1A2,KRAS only,3.421342134475708
COL1A2,KRAS only,3.1757290363311768
COL1A2,KRAS only,3.1411421298980713
COL1A2,KRAS only,3.2506096363067627
COL1A2,KRAS only,3.0582292079925537
COL1A2,KRAS only,3.3176300525665283
COL1A2,KRAS only,2.680710792541504
COL1A2,KRAS only,2.36100697517395
COL1A2,KRAS only,3.549607992172241
COL1A2,KRAS only,3.1417505741119385
COL1A2,KRAS only,2.8752832412719727
COL1A2,KRAS only,3.3994901180267334
COL1A2,KRAS only,3.0040993690490723
COL1A2,KRAS only,3.201498508453369
COL1A2,KRAS only,3.261443853378296
COL1A2,KRAS only,2.9703688621520996
COL1A2,KRAS only,3.0199902057647705
COL1A2,KRAS only,3.421694278717041
COL1A2,KRAS only,2.88596773147583
COL1A2,KRAS only,0.0
COL1A2,KRAS only,3.5640792846679688
COL1A2,KRAS only,2.383171319961548
COL1A2,KRAS only,2.9577536582946777
COL1A2,KRAS only,2.6555557250976562
COL1A2,KRAS only,2.9233105182647705
COL1A2,KRAS only,3.5391383171081543
COL1A2,KRAS only,3.075866937637329
COL1A2,KRAS only,3.0020127296447754
COL1A2,KRAS only,2.715803384780884
COL1A2,KRAS only,3.359708547592163
COL1A2,KRAS only,2.52569580078125
COL1A2,KRAS only,2.9047889709472656
COL1A2,KRAS only,3.309774398803711
COL1A2,KRAS only,0.0
COL1A2,KRAS only,2.75594162940979
COL1A2,KRAS only,3.1209020614624023
COL1A2,KRAS only,0.0
COL1A2,KRAS only,2.771306037902832
COL1A2,KRAS only,2.6653356552124023
COL1A2,KRAS only,0.0
COL1A2,KRAS only,2.9364817142486572
COL1A2,KRAS only,3.137666702270508
COL1A2,KRAS only,3.0323522090911865
COL1A2,KRAS only,2.8184401988983154
COL1A2,KRAS only,2.5369536876678467
COL1A2,KRAS only,3.1558926105499268
COL1A2,KRAS only,2.6546192169189453
COL1A2,KRAS only,3.1722464561462402
COL1A2,KRAS only,2.8608882427215576
COL1A2,KRAS only,2.6215200424194336
COL1A2,KRAS only,2.7838294506073
COL1A2,KRAS only,3.191160202026367
COL1A2,KRAS only,2.5023016929626465
COL1A2,KRAS only,2.4563241004943848
COL1A2,KRAS only,0.0
COL1A2,KRAS only,2.626649856567383
COL1A2,KRAS only,3.117917776107788
COL1A2,KRAS only,2.3236258029937744
COL1A2,KRAS only,0.0
COL1A2,KRAS only,2.7941925525665283
COL1A2,KRAS only,2.726677656173706
COL1A2,KRAS only,0.0
COL1A2,KRAS only,3.0746209621429443
COL1A2,KRAS only,0.0
COL1A2,KRAS only,0.0
COL1A2,KRAS only,0.0
COL1A2,KRAS only,0.0
COL1A2,KRAS only,2.9990668296813965
COL1A2,KRAS only,3.0662598609924316
COL1A2,KRAS only,2.89438533782959
COL1A2,KRAS only,2.671501398086548
COL1A2,KRAS only,3.721358299255371
COL1A2,KRAS only,2.9410910606384277
COL1A2,KRAS only,3.6171889305114746
COL1A2,KRAS only,3.1465470790863037
COL1A2,KRAS only,3.202209234237671
COL1A2,KRAS only,3.329185962677002
COL1A2,KRAS only,3.341230869293213
COL1A2,KRAS only,3.0772600173950195
COL1A2,KRAS only,3.2104010581970215
COL1A2,KRAS only,3.0729050636291504
COL1A2,KRAS only,2.783665895462036
COL1A2,KRAS only,3.2777597904205322
COL1A2,KRAS only,3.1721413135528564
COL1A2,KRAS only,3.5700290203094482
COL1A2,KRAS only,2.847787857055664
COL1A2,KRAS only,2.9899039268493652
COL1A2,KRAS only,3.6544554233551025
COL1A2,KRAS only,3.0839242935180664
COL1A2,KRAS only,3.3485350608825684
COL1A2,KRAS only,2.67501163482666
COL1A2,KRAS only,2.702894687652588
COL1A2,KRAS only,3.4196228981018066
COL1A2,KRAS only,3.2082996368408203
COL1A2,KRAS only,3.198190927505493
COL1A2,KRAS only,3.013761281967163
COL1A2,KRAS only,3.1623823642730713
COL1A2,KRAS only,3.01650071144104
COL1A2,KRAS only,3.375739336013794
COL1A2,KRAS only,3.3419320583343506
COL1A2,KRAS only,3.321566104888916
COL1A2,KRAS only,2.7263550758361816
COL1A2,KRAS only,2.6805598735809326
COL1A2,KRAS only,3.0059499740600586
COL1A2,KRAS only,2.44162654876709
COL1A2,KRAS only,2.9388017654418945
COL1A2,KRAS only,3.1032943725585938
COL1A2,KRAS only,2.938032627105713
COL1A2,KRAS only,2.861924886703491
COL1A2,KRAS only,3.5577690601348877
COL1A2,KRAS only,0.0
COL1A2,KRAS only,2.565389394760132
COL1A2,KRAS only,3.1755940914154053
COL1A2,KRAS only,3.2402126789093018
COL1A2,KRAS only,3.011045217514038
COL1A2,KRAS only,3.778461217880249
COL1A2,KRAS only,3.0187153816223145
COL1A2,KRAS only,3.7147793769836426
COL1A2,KRAS only,2.7704391479492188
COL1A2,KRAS only,3.363945245742798
COL1A2,KRAS only,3.535693883895874
COL1A2,KRAS only,3.542649984359741
COL1A2,KRAS only,3.265279531478882
COL1A2,KRAS only,2.7448198795318604
COL1A2,KRAS only,3.0017147064208984
COL1A2,KRAS only,3.314556837081909
COL1A2,KRAS only,3.282748222351074
COL1A2,KRAS only,3.452791929244995
COL1A2,KRAS only,3.070054054260254
COL1A2,KRAS only,3.0621423721313477
COL1A2,KRAS only,3.43794584274292
COL1A2,KRAS only,3.028144598007202
COL1A2,KRAS only,2.90680193901062
COL1A2,KRAS only,3.161508798599243
COL1A2,KRAS only,3.189450979232788
COL1A2,KRAS only,3.028292655944824
COL1A2,KRAS only,3.3594040870666504
COL1A2,KRAS only,2.8568613529205322
COL1A2,KRAS only,3.2328078746795654
COL1A2,KRAS only,3.410170555114746
COL1A2,KRAS only,3.6729071140289307
COL1A2,KRAS only,3.567986011505127
COL1A2,KRAS only,3.381929397583008
COL1A2,KRAS only,3.42826509475708
COL1A2,KRAS only,3.570101737976074
COL1A2,KRAS only,3.2608802318573
COL1A2,KRAS only,3.0542097091674805
COL1A2,KRAS only,3.333064079284668
COL1A2,KRAS only,3.3103346824645996
COL1A2,KRAS only,3.0316162109375
COL1A2,KRAS only,3.3347465991973877
COL1A2,KRAS only,2.6615686416625977
COL1A2,KRAS only,3.3364434242248535
COL1A2,KRAS only,3.569864511489868
COL1A2,KRAS only,3.2077279090881348
COL1A2,KRAS only,3.0415899753570557
COL1A2,KRAS only,2.976261854171753
COL1A2,KRAS only,3.065518856048584
COL1A2,KRAS only,3.4793365001678467
COL1A2,KRAS only,3.401669979095459
COL1A2,KRAS only,3.3589773178100586
COL1A2,KRAS only,3.4116523265838623
COL1A2,KRAS only,3.571596622467041
COL1A2,KRAS only,3.5174639225006104
COL1A2,KRAS only,2.4422719478607178
COL1A2,KRAS only,2.4339354038238525
COL1A2,KRAS only,2.3923726081848145
COL1A2,KRAS only,0.0
COL1A2,KRAS only,3.1514647006988525
COL1A2,KRAS only,2.8270719051361084
COL1A2,KRAS only,0.0
COL1A2,KRAS only,2.272059202194214
COL1A2,KRAS only,2.5317883491516113
COL1A2,KRAS only,1.9250853061676025
COL1A2,KRAS only,0.0
COL1A2,KRAS only,0.0
COL1A2,KRAS only,2.405447244644165
COL1A2,KRAS only,0.0
COL1A2,KRAS only,2.5064620971679688
COL1A2,KRAS only,0.0
COL1A2,KRAS only,2.456066608428955
COL1A2,KRAS only,2.154090166091919
COL1A2,KRAS only,2.8734843730926514
COL1A2,KRAS only,2.6769607067108154
COL1A2,KRAS only,1.7080084085464478
COL1A2,KRAS only,1.5891180038452148
COL1A2,KRAS only,0.0
COL1A2,KRAS only,1.9345282316207886
COL1A2,KRAS only,1.908186912536621
COL1A2,KRAS only,0.0
COL1A2,KRAS only,3.3349716663360596
COL1A2,KRAS only,2.6658244132995605
COL1A2,KRAS only,3.0622470378875732
COL1A2,KRAS only,0.0
COL1A2,KRAS only,0.0
COL1A2,KRAS only,2.54418683052063
COL1A2,KRAS only,2.956350803375244
COL1A2,KRAS only,2.271043539047241
COL1A2,KRAS only,0.0
COL1A2,KRAS only,2.651777505874634
COL1A2,KRAS only,3.191164016723633
COL1A2,KRAS only,2.764590263366699
COL1A2,KRAS only,3.1909852027893066
COL1A2,KRAS only,3.327942132949829
COL1A2,KRAS only,2.8285419940948486
COL1A2,KRAS only,3.335705280303955
COL1A2,KRAS only,3.1810035705566406
COL1A2,KRAS only,0.0
COL1A2,KRAS only,3.121403694152832
COL1A2,KRAS only,1.8025811910629272
COL1A2,KRAS only,2.9941048622131348
COL1A2,KRAS only,2.7678165435791016
COL1A2,KRAS only,2.861358404159546
COL1A2,KRAS only,1.6731300354003906
COL1A2,KRAS only,2.312006711959839
COL1A2,KRAS only,2.30118727684021
COL1A2,KRAS only,0.0
COL1A2,KRAS only,2.543889045715332
COL1A2,KRAS only,2.525581121444702
COL1A2,KRAS only,2.724459648132324
COL1A2,KRAS only,2.803084135055542
COL1A2,KRAS only,2.543227195739746
COL1A2,KRAS only,2.8806705474853516
COL1A2,KRAS only,1.9284777641296387
COL1A2,KRAS only,2.591813087463379
COL1A2,KRAS only,0.0
COL1A2,KRAS only,2.5368034839630127
COL1A2,KRAS only,2.0879173278808594
COL1A2,KRAS only,2.2782297134399414
COL1A2,KRAS only,0.0
COL1A2,KRAS only,2.7674710750579834
COL1A2,KRAS only,2.720916986465454
COL1A2,KRAS only,2.763801097869873
COL1A2,KRAS only,3.003612756729126
COL1A2,KRAS only,2.3906078338623047
COL1A2,KRAS only,2.7164528369903564
COL1A2,KRAS only,0.0
COL1A2,KRAS only,2.006110429763794
COL1A2,KRAS only,2.5974841117858887
COL1A2,KRAS only,3.238973617553711
COL1A2,KRAS only,3.217921018600464
COL1A2,KRAS only,2.7668628692626953
COL1A2,KRAS only,2.932821750640869
COL1A2,KRAS only,3.0957558155059814
COL1A2,KRAS only,2.7623257637023926
COL1A2,KRAS only,3.498701572418213
COL1A2,KRAS only,3.2186319828033447
COL1A2,KRAS only,3.269662857055664
COL1A2,KRAS only,3.167570114135742
COL1A2,KRAS only,2.9889142513275146
COL1A2,KRAS only,2.7532269954681396
COL1A2,KRAS only,2.729663610458374
COL1A2,KRAS only,3.1553924083709717
COL1A2,KRAS only,2.5272579193115234
COL1A2,KRAS only,2.381248712539673
COL1A2,KRAS only,3.1635618209838867
COL1A2,KRAS only,2.9428367614746094
COL1A2,KRAS only,2.5916152000427246
COL1A2,KRAS only,2.7685375213623047
COL1A2,KRAS only,2.233154058456421
COL1A2,KRAS only,2.7980663776397705
COL1A2,KRAS only,2.828120470046997
COL1A2,KRAS only,2.6873669624328613
COL1A2,KRAS only,2.5512592792510986
COL1A2,KRAS only,3.1071481704711914
COL1A2,KRAS only,2.0202441215515137
COL1A2,KRAS only,3.043161630630493
COL1A2,KRAS only,3.436502456665039
COL1A2,KRAS only,3.205181360244751
COL1A2,KRAS only,3.4353458881378174
COL1A2,KRAS only,3.2269420623779297
COL1A2,KRAS only,3.2620413303375244
COL1A2,KRAS only,3.2976717948913574
COL1A2,KRAS only,3.2076127529144287
COL1A2,KRAS only,3.2428529262542725
COL1A2,KRAS only,3.102752447128296
COL1A2,KRAS only,3.3019871711730957
COL1A2,KRAS only,3.0585451126098633
COL1A2,KRAS only,3.383904218673706
COL1A2,KRAS only,3.3383092880249023
COL1A2,KRAS only,2.5473148822784424
COL1A2,KRAS only,3.340846538543701
COL1A2,KRAS only,3.0316171646118164
COL1A2,KRAS only,3.2756457328796387
COL1A2,KRAS only,3.363881826400757
COL1A2,KRAS only,3.07126522064209
COL1A2,KRAS only,3.0385074615478516
COL1A2,KRAS only,3.2086238861083984
COL1A2,KRAS only,3.239197254180908
COL1A2,KRAS only,3.268648862838745
COL1A2,KRAS only,3.3172481060028076
COL1A2,KRAS only,3.2229816913604736
COL1A2,KRAS only,2.7404637336730957
COL1A2,KRAS only,3.1158182621002197
COL1A2,KRAS only,3.009052038192749
COL1A2,KRAS only,3.130800724029541
COL1A2,KRAS only,3.2492213249206543
COL1A2,KRAS only,3.1497082710266113
COL1A2,KRAS only,3.1832962036132812
COL1A2,KRAS only,2.6978509426116943
COL1A2,KRAS only,2.9182310104370117
COL1A2,KRAS only,3.271756172180176
COL1A2,KRAS only,3.2089853286743164
COL1A2,KRAS only,3.074636936187744
COL1A2,KRAS only,2.8000457286834717
COL1A2,KRAS only,2.8081960678100586
COL1A2,KRAS only,2.7966370582580566
COL1A2,KRAS only,2.53029465675354
COL1A2,KRAS only,3.6115803718566895
COL1A2,KRAS only,2.8852922916412354
COL1A2,KRAS only,2.9592599868774414
COL1A2,KRAS only,2.927299976348877
COL1A2,KRAS only,2.868014335632324
COL1A2,KRAS only,2.820549488067627
COL1A2,KRAS only,2.8624329566955566
COL1A2,KRAS only,2.5215542316436768
COL1A2,KRAS only,2.520124912261963
COL1A2,KRAS only,1.9214593172073364
COL1A2,KRAS only,2.7354750633239746
COL1A2,KRAS only,2.800391435623169
COL1A2,KRAS only,2.3227386474609375
COL1A2,KRAS only,2.2658727169036865
COL1A2,KRAS only,2.922396183013916
COL1A2,KRAS only,2.644704580307007
COL1A2,KRAS only,2.714740514755249
COL1A2,KRAS only,2.8183631896972656
COL1A2,KRAS only,2.435472249984741
COL1A2,KRAS only,2.7763030529022217
COL1A2,KRAS only,2.817786931991577
COL1A2,KRAS only,2.9453861713409424
COL1A2,KRAS only,0.0
COL1A2,KRAS only,2.5559303760528564
COL1A2,KRAS only,2.093656301498413
COL1A2,KRAS only,2.4942843914031982
COL1A2,KRAS only,2.2050960063934326
COL1A2,KRAS only,2.8204505443573
COL1A2,KRAS only,2.4823129177093506
COL1A2,KRAS only,2.291839361190796
COL1A2,KRAS only,2.668238401412964
COL1A2,KRAS only,1.6354186534881592
COL1A2,KRAS only,2.5175273418426514
COL1A2,KRAS only,2.4746053218841553
COL1A2,KRAS only,2.759554386138916
COL1A2,KRAS only,2.5477828979492188
COL1A2,KRAS only,0.0
COL1A2,KRAS only,2.0315141677856445
COL1A2,KRAS only,2.5602779388427734
COL1A2,KRAS only,2.5783746242523193
COL1A2,KRAS only,1.833492636680603
COL1A2,KRAS only,2.5678963661193848
COL1A2,KRAS only,2.275155544281006
COL1A2,KRAS only,2.852998971939087
COL1A2,KRAS only,2.253800392150879
COL1A2,KRAS only,2.3115549087524414
COL1A2,KRAS only,2.483487844467163
COL1A2,KRAS only,2.29683256149292
COL1A2,KRAS only,2.577198028564453
COL1A2,KRAS only,2.3952324390411377
COL1A2,KRAS only,2.5830488204956055
COL1A2,KRAS only,2.331380605697632
COL1A2,KRAS only,1.7520350217819214
COL1A2,KRAS only,2.5203206539154053
COL1A2,KRAS only,2.431532382965088
COL1A2,KRAS only,2.017409324645996
COL1A2,KRAS only,2.0418853759765625
COL1A2,KRAS only,2.055396318435669
COL1A2,KRAS only,2.428436279296875
COL1A2,KRAS only,2.6358113288879395
COL1A2,KRAS only,2.0300545692443848
COL1A2,KRAS only,2.7206552028656006
COL1A2,KRAS only,0.0
COL1A2,KRAS only,2.6586990356445312
COL1A2,KRAS only,3.2040772438049316
COL1A2,KRAS only,2.418412923812866
COL1A2,KRAS only,2.5660829544067383
COL1A2,KRAS only,2.2968127727508545
COL1A2,KRAS only,2.5911762714385986
COL1A2,KRAS only,3.0530874729156494
COL1A2,KRAS only,1.874603509902954
COL1A2,KRAS only,2.65193247795105
COL1A2,KRAS only,2.234274387359619
COL1A2,KRAS only,2.5050208568573
COL1A2,KRAS only,2.5004734992980957
COL1A2,KRAS only,2.3233604431152344
COL1A2,KRAS only,2.772751808166504
COL1A2,KRAS only,2.699213743209839
COL1A2,KRAS only,2.6763522624969482
COL1A2,KRAS only,2.404193878173828
COL1A2,KRAS only,2.255472183227539
COL1A2,KRAS only,2.566462993621826
COL1A2,KRAS only,2.8712971210479736
COL1A2,KRAS only,2.8644020557403564
COL1A2,KRAS only,2.6601808071136475
COL1A2,KRAS only,2.555300712585449
COL1A2,KRAS only,2.858119487762451
COL1A2,KRAS only,2.5721805095672607
COL1A2,KRAS only,3.0953099727630615
COL1A2,KRAS only,2.7812154293060303
COL1A2,KRAS only,2.683539867401123
COL1A2,KRAS only,2.760265827178955
COL1A2,KRAS only,2.9798920154571533
COL1A2,KRAS only,2.2961928844451904
COL1A2,KRAS only,2.8425049781799316
COL1A2,KRAS only,2.8072028160095215
COL1A2,KRAS only,2.3266799449920654
COL1A2,KRAS only,2.9988367557525635
COL1A2,KRAS only,2.7258944511413574
COL1A2,KRAS only,2.7038121223449707
COL1A2,KRAS only,2.8385298252105713
COL1A2,KRAS only,2.6619293689727783
COL1A2,KRAS only,2.8204522132873535
COL1A2,KRAS only,2.973886728286743
COL1A2,KRAS only,3.1840415000915527
COL1A2,KRAS only,2.6896581649780273
COL1A2,KRAS only,2.7015252113342285
COL1A2,KRAS only,2.8850650787353516
COL1A2,KRAS only,3.0702321529388428
COL1A2,KRAS only,2.9751315116882324
COL1A2,KRAS only,2.899240255355835
COL1A2,KRAS only,2.7547221183776855
COL1A2,KRAS only,3.040240526199341
COL1A2,KRAS only,1.6920685768127441
COL1A2,KRAS only,2.5318825244903564
COL1A2,KRAS only,1.9684264659881592
COL1A2,KRAS only,2.3826136589050293
COL1A2,KRAS only,2.983480930328369
COL1A2,KRAS only,2.4235129356384277
COL1A2,KRAS only,2.312465190887451
COL1A2,KRAS only,2.853074312210083
COL1A2,KRAS only,3.2626447677612305
COL1A2,KRAS only,2.66856050491333
COL1A2,KRAS only,2.7408924102783203
COL1A2,KRAS only,2.929274320602417
COL1A2,KRAS only,2.685450553894043
COL1A2,KRAS only,2.659735679626465
COL1A2,KRAS only,2.75852370262146
COL1A2,KRAS only,2.6607537269592285
COL1A2,KRAS only,2.7743968963623047
COL1A2,KRAS only,2.6437528133392334
COL1A2,KRAS only,2.7572484016418457
COL1A2,KRAS only,2.3889119625091553
COL1A2,KRAS only,2.83992338180542
COL1A2,KRAS only,2.528886079788208
COL1A2,KRAS only,2.809458017349243
COL1A2,KRAS only,2.862783908843994
COL1A2,KRAS only,2.6844401359558105
COL1A2,KRAS only,2.713409423828125
COL1A2,KRAS only,2.7729389667510986
COL1A2,KRAS only,2.700712203979492
COL1A2,KRAS only,2.7196593284606934
COL1A2,KRAS only,2.678222417831421
COL1A2,KRAS only,2.456186294555664
COL1A2,KRAS only,2.4135074615478516
COL1A2,KRAS only,2.8302793502807617
COL1A2,KRAS only,3.075047016143799
COL1A2,KRAS only,2.9484543800354004
COL1A2,KRAS only,2.84688138961792
COL1A2,KRAS only,2.4582083225250244
COL1A2,KRAS only,2.289142370223999
COL1A2,KRAS only,2.1953866481781006
COL1A2,KRAS only,2.911646842956543
COL1A2,KRAS only,2.546198606491089
COL1A2,KRAS only,2.4248557090759277
COL1A2,KRAS only,2.6361427307128906
COL1A2,KRAS only,2.308041572570801
COL1A2,KRAS only,2.7752761840820312
COL1A2,KRAS only,2.838599920272827
COL1A2,KRAS only,2.6037418842315674
COL1A2,KRAS only,2.6074070930480957
COL1A2,KRAS only,2.745624303817749
COL1A2,KRAS only,2.545973300933838
COL1A2,KRAS only,2.5829055309295654
COL1A2,KRAS only,2.998168468475342
COL1A2,KRAS only,2.58484148979187
COL1A2,KRAS only,2.2258036136627197
COL1A2,KRAS only,2.88311767578125
COL1A2,KRAS only,2.8029632568359375
COL1A2,KRAS only,2.5331356525421143
COL1A2,KRAS only,3.220989942550659
COL1A2,KRAS only,2.596841335296631
COL1A2,KRAS only,2.7026572227478027
COL1A2,KRAS only,2.9149959087371826
COL1A2,KRAS only,2.5884206295013428
COL1A2,KRAS only,2.4833321571350098
COL1A2,KRAS only,2.79962420463562
COL1A2,KRAS only,2.9602158069610596
COL1A2,KRAS only,2.5916287899017334
COL1A2,KRAS only,2.6042323112487793
COL1A2,KRAS only,2.4933102130889893
COL1A2,KRAS only,3.0024335384368896
COL1A2,KRAS only,2.5547707080841064
COL1A2,KRAS only,2.7910587787628174
COL1A2,KRAS only,2.476156711578369
COL1A2,KRAS only,2.9774088859558105
COL1A2,KRAS only,2.912825107574463
COL1A2,KRAS only,2.6858747005462646
COL1A2,KRAS only,2.322399139404297
COL1A2,KRAS only,2.4771199226379395
COL1A2,KRAS only,2.7210440635681152
COL1A2,KRAS only,3.0155792236328125
COL1A2,KRAS only,2.808570623397827
COL1A2,KRAS only,2.7125134468078613
COL1A2,KRAS only,2.6281065940856934
COL1A2,KRAS only,2.7413957118988037
COL1A2,KRAS only,2.613069772720337
COL1A2,KRAS only,2.744154691696167
COL1A2,KRAS only,2.583810806274414
COL1A2,KRAS only,2.83370041847229
COL1A2,KRAS only,2.7100861072540283
COL1A2,KRAS only,2.812898635864258
COL1A2,KRAS only,2.885979175567627
COL1A2,KRAS only,2.657700300216675
COL1A2,KRAS only,2.528710126876831
COL1A2,KRAS only,2.749906063079834
COL1A2,KRAS only,2.745211124420166
COL1A2,KRAS only,2.5754857063293457
COL1A2,KRAS only,2.6019375324249268
COL1A2,KRAS only,2.624556064605713
COL1A2,KRAS only,2.6526906490325928
COL1A2,KRAS only,2.693798065185547
COL1A2,KRAS only,2.7271313667297363
COL1A2,KRAS only,3.2477617263793945
COL1A2,KRAS only,2.61130428314209
COL1A2,KRAS only,2.8967268466949463
COL1A2,KRAS only,2.5262908935546875
COL1A2,KRAS only,2.8050684928894043
COL1A2,KRAS only,2.792046070098877
COL1A2,KRAS only,2.3262436389923096
COL1A2,KRAS only,2.8189456462860107
COL1A2,KRAS only,2.5138742923736572
COL1A2,KRAS only,2.8697357177734375
COL1A2,KRAS only,2.29007625579834
COL1A2,KRAS only,2.819958448410034
COL1A2,KRAS only,2.7982707023620605
COL1A2,KRAS only,2.324065685272217
COL1A2,KRAS only,3.2782773971557617
COL1A2,KRAS only,2.5563621520996094
COL1A2,KRAS only,2.71569561958313
COL1A2,KRAS only,3.0208725929260254
COL1A2,KRAS only,3.18021297454834
COL1A2,KRAS only,3.0188870429992676
COL1A2,KRAS only,2.41937255859375
COL1A2,KRAS only,2.793520212173462
COL1A2,KRAS only,2.8057861328125
COL1A2,KRAS only,2.674038887023926
COL1A2,KRAS only,2.9323570728302
COL1A2,KRAS only,2.782338857650757
COL1A2,KRAS only,2.318084955215454
COL1A2,KRAS only,3.282947063446045
COL1A2,KRAS only,3.195768117904663
COL1A2,KRAS only,3.291794538497925
COL1A2,KRAS only,2.9610815048217773
COL1A2,KRAS only,2.862440347671509
COL1A2,KRAS only,2.8224899768829346
COL1A2,KRAS only,3.020066738128662
COL1A2,KRAS only,2.9586384296417236
COL1A2,KRAS only,2.9050185680389404
COL1A2,KRAS only,2.9999794960021973
COL1A2,KRAS only,2.9001095294952393
COL1A2,KRAS only,2.5112152099609375
COL1A2,KRAS only,2.9988698959350586
COL1A2,KRAS only,3.209380626678467
COL1A2,KRAS only,2.9984188079833984
COL1A2,KRAS only,2.9577531814575195
COL1A2,KRAS only,2.4479360580444336
COL1A2,KRAS only,2.8491783142089844
COL1A2,KRAS only,2.827704429626465
COL1A2,KRAS only,2.8683695793151855
COL1A2,KRAS only,2.4452414512634277
COL1A2,KRAS only,2.719984531402588
COL1A2,KRAS only,2.7677791118621826
COL1A2,KRAS only,2.441159963607788
COL1A2,KRAS only,2.5240097045898438
COL1A2,KRAS only,2.8166232109069824
COL1A2,KRAS only,2.97997784614563
COL1A2,KRAS only,2.867161750793457
COL1A2,KRAS only,2.766160488128662
COL1A2,KRAS only,2.890045404434204
COL1A2,KRAS only,2.891735792160034
COL1A2,KRAS only,2.9510910511016846
COL1A2,KRAS only,3.1628780364990234
COL1A2,KRAS only,2.953918218612671
COL1A2,KRAS only,2.786513090133667
COL1A2,KRAS only,3.216315984725952
COL1A2,KRAS only,3.280221462249756
COL1A2,KRAS only,2.8281617164611816
COL1A2,KRAS only,2.8977394104003906
COL1A2,KRAS only,2.855041742324829
COL1A2,KRAS only,3.31077241897583
COL1A2,KRAS only,3.296187162399292
COL1A2,KRAS only,2.946293592453003
COL1A2,KRAS only,2.935060739517212
COL1A2,KRAS only,2.880016326904297
COL1A2,KRAS only,2.654008388519287
COL1A2,KRAS only,3.001899003982544
COL1A2,KRAS only,2.712986469268799
COL1A2,KRAS only,2.7247273921966553
COL1A2,KRAS only,3.1834635734558105
COL1A2,KRAS only,3.047708749771118
COL1A2,KRAS only,2.5126235485076904
COL1A2,KRAS only,2.867053508758545
COL1A2,KRAS only,3.018580675125122
COL1A2,KRAS only,2.897935390472412
COL1A2,KRAS only,3.291673183441162
COL1A2,KRAS only,3.050119638442993
COL1A2,KRAS only,2.6467456817626953
COL1A2,KRAS only,3.1060564517974854
COL1A2,KRAS only,2.910949230194092
COL1A2,KRAS only,2.9864084720611572
COL1A2,KRAS only,3.4188342094421387
COL1A2,KRAS only,2.967402935028076
COL1A2,KRAS only,2.8853864669799805
COL1A2,KRAS only,2.5854547023773193
COL1A2,KRAS only,2.9480791091918945
COL1A2,KRAS only,2.753880023956299
COL1A2,KRAS only,3.0872135162353516
COL1A2,KRAS only,2.9879651069641113
COL1A2,KRAS only,2.9775965213775635
COL1A2,KRAS only,2.881680488586426
COL1A2,KRAS only,2.6879467964172363
COL1A2,KRAS only,2.9804861545562744
COL1A2,KRAS only,3.323584794998169
COL1A2,KRAS only,3.4475018978118896
COL1A2,KRAS only,0.0
COL1A2,KRAS only,2.4815049171447754
COL1A2,KRAS only,3.004504919052124
COL1A2,KRAS only,2.943970203399658
COL1A2,KRAS only,2.7283382415771484
COL1A2,KRAS only,2.7034730911254883
COL1A2,KRAS only,2.8203518390655518
COL1A2,KRAS only,2.9245898723602295
COL1A2,KRAS only,3.047065496444702
COL1A2,KRAS only,2.8253180980682373
COL1A2,KRAS only,2.8338510990142822
COL1A2,KRAS only,2.8375468254089355
COL1A2,KRAS only,2.519803762435913
COL1A2,KRAS only,2.6231162548065186
COL1A2,KRAS only,2.6557457447052
COL1A2,KRAS only,2.6399078369140625
COL1A2,KRAS only,2.808082103729248
COL1A2,KRAS only,2.9147419929504395
COL1A2,KRAS only,2.9066998958587646
COL1A2,KRAS only,2.988553524017334
COL1A2,KRAS only,3.392313241958618
COL1A2,KRAS only,2.677699327468872
COL1A2,KRAS only,2.743424415588379
COL1A2,KRAS only,2.6940088272094727
COL1A2,KRAS only,3.1529297828674316
COL1A2,KRAS only,2.7986834049224854
COL1A2,KRAS only,2.823672294616699
COL1A2,KRAS only,2.6550166606903076
COL1A2,KRAS only,3.178121566772461
COL1A2,KRAS only,3.032496690750122
COL1A2,KRAS only,3.1974294185638428
COL1A2,KRAS only,3.2260589599609375
COL1A2,KRAS only,2.548332691192627
COL1A2,KRAS only,3.1282527446746826
COL1A2,KRAS only,2.8719074726104736
COL1A2,KRAS only,2.771876811981201
COL1A2,KRAS only,3.355527877807617
COL1A2,KRAS only,2.7751028537750244
COL1A2,KRAS only,2.967477560043335
COL1A2,KRAS only,3.0611228942871094
COL1A2,KRAS only,2.934014081954956
COL1A2,KRAS only,2.926497459411621
COL1A2,KRAS only,3.517117500305176
COL1A2,KRAS only,2.7984063625335693
COL1A2,KRAS only,2.4777262210845947
COL1A2,KRAS only,2.9396798610687256
COL1A2,KRAS only,2.7069830894470215
COL1A2,KRAS only,3.0369632244110107
COL1A2,KRAS only,3.1735453605651855
COL1A2,KRAS only,2.849385976791382
COL1A2,KRAS only,3.2088804244995117
COL1A2,KRAS only,3.0046913623809814
COL1A2,KRAS only,2.7904248237609863
COL1A2,KRAS only,2.971609354019165
COL1A2,KRAS only,3.1619372367858887
COL1A2,KRAS only,2.6951255798339844
COL1A2,KRAS only,3.296079158782959
COL1A2,KRAS only,2.8384742736816406
COL1A2,KRAS only,3.0450356006622314
COL1A2,KRAS only,3.072312831878662
COL1A2,KRAS only,3.322770833969116
COL1A2,KRAS only,3.0310587882995605
COL1A2,KRAS only,3.0834453105926514
COL1A2,KRAS only,2.9084200859069824
COL1A2,KRAS only,2.7477805614471436
COL1A2,KRAS only,2.738542079925537
COL1A2,KRAS only,3.2405641078948975
COL1A2,KRAS only,2.710944414138794
COL1A2,KRAS only,2.8644821643829346
COL1A2,KRAS only,3.7413456439971924
COL1A2,KRAS only,3.0935049057006836
COL1A2,KRAS only,2.92423152923584
COL1A2,KRAS only,3.0733649730682373
COL1A2,KRAS only,2.7743678092956543
COL1A2,KRAS only,2.857386589050293
COL1A2,KRAS only,2.9201889038085938
COL1A2,KRAS only,2.5144951343536377
COL1A2,KRAS only,3.019932746887207
COL1A2,KRAS only,2.673035144805908
COL1A2,KRAS only,3.6360669136047363
COL1A2,KRAS only,2.8458030223846436
COL1A2,KRAS only,3.5539731979370117
COL1A2,KRAS only,2.8496475219726562
COL1A2,KRAS only,3.193419933319092
COL1A2,KRAS only,3.253530502319336
COL1A2,KRAS only,3.005974769592285
COL1A2,KRAS only,3.1384668350219727
COL1A2,KRAS only,3.9222474098205566
COL1A2,KRAS only,3.046186923980713
COL1A2,KRAS only,2.9164319038391113
COL1A2,KRAS only,2.9539835453033447
COL1A2,KRAS only,3.175861120223999
COL1A2,KRAS only,2.912024974822998
COL1A2,KRAS only,2.8147385120391846
COL1A2,KRAS only,3.3056654930114746
COL1A2,KRAS only,3.3092098236083984
COL1A2,KRAS only,2.298459529876709
COL1A2,KRAS only,2.6274478435516357
COL1A2,KRAS only,3.166126012802124
COL1A2,KRAS only,2.970930576324463
COL1A2,KRAS only,2.9290103912353516
COL1A2,KRAS only,2.6699776649475098
COL1A2,KRAS only,3.0488104820251465
COL1A2,KRAS only,3.22955322265625
COL1A2,KRAS only,2.7096924781799316
COL1A2,KRAS only,3.2958691120147705
COL1A2,KRAS only,2.8060543537139893
COL1A2,KRAS only,3.073523998260498
COL1A2,KRAS only,3.3482425212860107
COL1A2,KRAS only,2.629187822341919
COL1A2,KRAS only,3.295140266418457
COL1A2,KRAS only,2.99698543548584
COL1A2,KRAS only,3.303138256072998
COL1A2,KRAS only,2.86247181892395
COL1A2,KRAS only,3.2974493503570557
COL1A2,KRAS only,3.2074778079986572
COL1A2,KRAS only,2.752734661102295
COL1A2,KRAS only,3.05041241645813
COL1A2,KRAS only,3.0985469818115234
COL1A2,KRAS only,3.3102102279663086
COL1A2,KRAS only,2.848980665206909
COL1A2,KRAS only,3.1728053092956543
COL1A2,KRAS only,3.029106378555298
COL1A2,KRAS only,3.228382110595703
COL1A2,KRAS only,2.9787354469299316
COL1A2,KRAS only,3.234659194946289
COL1A2,KRAS only,2.791945695877075
COL1A2,KRAS only,3.038347005844116
COL1A2,KRAS only,3.0383102893829346
COL1A2,KRAS only,3.268339157104492
COL1A2,KRAS only,2.9241552352905273
COL1A2,KRAS only,2.7430262565612793
COL1A2,KRAS only,3.3674283027648926
COL1A2,KRAS only,3.0974340438842773
COL1A2,KRAS only,3.003164768218994
COL1A2,KRAS only,3.0795605182647705
COL1A2,KRAS only,2.9214234352111816
COL1A2,KRAS only,3.258462905883789
COL1A2,KRAS only,3.0844838619232178
COL1A2,KRAS only,3.147942543029785
COL1A2,KRAS only,2.9544286727905273
COL1A2,KRAS only,3.3306543827056885
COL1A2,KRAS only,3.3456568717956543
COL1A2,KRAS only,1.1911330223083496
COL1A2,KRAS only,2.962563991546631
COL1A2,KRAS only,3.0745561122894287
COL1A2,KRAS only,3.2252719402313232
COL1A2,KRAS only,3.0441832542419434
COL1A2,KRAS only,3.0398597717285156
COL1A2,KRAS only,3.2817792892456055
COL1A2,KRAS only,2.8762617111206055
COL1A2,KRAS only,3.5034778118133545
COL1A2,KRAS only,3.680283784866333
COL1A2,KRAS only,3.2330734729766846
COL1A2,KRAS only,3.1977617740631104
COL1A2,KRAS only,3.396165132522583
COL1A2,KRAS only,3.3068947792053223
COL1A2,KRAS only,3.215123176574707
COL1A2,KRAS only,2.918461799621582
COL1A2,KRAS only,3.107879400253296
COL1A2,KRAS only,3.324341058731079
COL1A2,KRAS only,3.3079912662506104
COL1A2,KRAS only,3.160651445388794
COL1A2,KRAS only,3.182396173477173
COL1A2,KRAS only,2.8676187992095947
COL1A2,KRAS only,3.0088095664978027
COL1A2,KRAS only,3.2319042682647705
COL1A2,KRAS only,3.209354877471924
COL1A2,KRAS only,0.0
COL1A2,KRAS only,3.2640717029571533
COL1A2,KRAS only,2.710794687271118
COL1A2,KRAS only,3.1854336261749268
COL1A2,KRAS only,2.5056986808776855
COL1A2,KRAS only,2.9007568359375
COL1A2,KRAS only,2.481306552886963
COL1A2,KRAS only,2.44465708732605
COL1A2,KRAS only,2.6154398918151855
COL1A2,KRAS only,2.8623785972595215
COL1A2,KRAS only,2.625868320465088
COL1A2,KRAS only,3.001652956008911
COL1A2,KRAS only,2.8806793689727783
COL1A2,KRAS only,2.654853105545044
COL1A2,KRAS only,2.4835610389709473
COL1A2,KRAS only,3.197512149810791
COL1A2,KRAS only,2.567056179046631
COL1A2,KRAS only,2.794584274291992
COL1A2,KRAS only,2.7670888900756836
COL1A2,KRAS only,2.8535070419311523
COL1A2,KRAS only,2.8946757316589355
COL1A2,KRAS only,2.523618459701538
COL1A2,KRAS only,2.8107874393463135
COL1A2,KRAS only,2.5553672313690186
COL1A2,KRAS only,2.9980971813201904
COL1A2,KRAS only,2.670090913772583
COL1A2,KRAS only,2.473702907562256
COL1A2,KRAS only,2.501845121383667
COL1A2,KRAS only,2.768618106842041
COL1A2,KRAS only,3.006563425064087
COL1A2,KRAS only,2.47292423248291
COL1A2,KRAS only,2.3632795810699463
COL1A2,KRAS only,3.032090663909912
COL1A2,KRAS only,2.828423023223877
COL1A2,KRAS only,2.813237190246582
COL1A2,KRAS only,2.5404512882232666
COL1A2,KRAS only,2.7949109077453613
COL1A2,KRAS only,2.5765106678009033
COL1A2,KRAS only,2.7092299461364746
COL1A2,KRAS only,2.670483350753784
COL1A2,KRAS only,2.2629432678222656
COL1A2,KRAS only,2.8284335136413574
COL1A2,KRAS only,2.5580055713653564
COL1A2,KRAS only,2.45943021774292
COL1A2,KRAS only,2.378457546234131
COL1A2,KRAS only,2.9099061489105225
COL1A2,KRAS only,3.0389647483825684
COL1A2,KRAS only,2.778554677963257
COL1A2,KRAS only,2.7764720916748047
COL1A2,KRAS only,2.7489359378814697
COL1A2,KRAS only,2.6241726875305176
COL1A2,KRAS only,2.9269745349884033
COL1A2,KRAS only,2.5033509731292725
COL1A2,KRAS only,2.5924508571624756
COL1A2,KRAS only,2.8751590251922607
COL1A2,KRAS only,2.786708116531372
COL1A2,KRAS only,2.6320602893829346
COL1A2,KRAS only,2.665788412094116
COL1A2,KRAS only,2.490004777908325
COL1A2,KRAS only,3.0347836017608643
COL1A2,KRAS only,2.9807701110839844
COL1A2,KRAS only,2.6834521293640137
COL1A2,KRAS only,2.535477876663208
COL1A2,KRAS only,2.7471251487731934
COL1A2,KRAS only,3.0264673233032227
COL1A2,KRAS only,2.4514036178588867
COL1A2,KRAS only,3.1343860626220703
COL1A2,KRAS only,2.970947504043579
COL1A2,KRAS only,2.5783774852752686
COL1A2,KRAS only,2.4436631202697754
COL1A2,KRAS only,2.740283489227295
COL1A2,KRAS only,2.6223840713500977
COL1A2,KRAS only,2.7452259063720703
COL1A2,KRAS only,2.8522589206695557
COL1A2,KRAS only,2.4026100635528564
COL1A2,KRAS only,2.730311870574951
COL1A2,KRAS only,2.6925387382507324
COL1A2,KRAS only,2.871392011642456
COL1A2,KRAS only,2.668938636779785
COL1A2,KRAS only,2.3637681007385254
COL1A2,KRAS only,2.6085636615753174
COL1A2,KRAS only,2.789593458175659
COL1A2,KRAS only,2.756787061691284
COL1A2,KRAS only,2.9911458492279053
COL1A2,KRAS only,2.8774161338806152
COL1A2,KRAS only,2.8787102699279785
COL1A2,KRAS only,2.9459495544433594
COL1A2,KRAS only,3.0371758937835693
COL1A2,KRAS only,2.8672070503234863
COL1A2,KRAS only,2.685906410217285
COL1A2,KRAS only,3.0577645301818848
COL1A2,KRAS only,3.027949571609497
COL1A2,KRAS only,2.6581122875213623
COL1A2,KRAS only,3.054379940032959
COL1A2,KRAS only,2.947262763977051
COL1A2,KRAS only,3.1051723957061768
COL1A2,KRAS only,2.7157833576202393
COL1A2,KRAS only,2.5925581455230713
COL1A2,KRAS only,2.7267727851867676
COL1A2,KRAS only,3.0368528366088867
COL1A2,KRAS only,3.020090103149414
COL1A2,KRAS only,2.6574313640594482
COL1A2,KRAS only,2.9542322158813477
COL1A2,KRAS only,3.013044834136963
COL1A2,KRAS only,2.6863722801208496
COL1A2,KRAS only,2.6485352516174316
COL1A2,KRAS only,2.626336097717285
COL1A2,KRAS only,2.348813056945801
COL1A2,KRAS only,2.677687406539917
COL1A2,KRAS only,3.0431787967681885
COL1A2,KRAS only,3.1065378189086914
COL1A2,KRAS only,2.632241725921631
COL1A2,KRAS only,3.003427743911743
COL1A2,KRAS only,2.827002763748169
COL1A2,KRAS only,2.9708752632141113
COL1A2,KRAS only,2.628049612045288
COL1A2,KRAS only,2.8765926361083984
COL1A2,KRAS only,2.7284085750579834
COL1A2,KRAS only,2.9142532348632812
COL1A2,KRAS only,2.7564828395843506
COL1A2,KRAS only,2.8389930725097656
COL1A2,KRAS only,2.783083915710449
COL1A2,KRAS only,2.638411045074463
COL1A2,KRAS only,2.645020008087158
COL1A2,KRAS only,2.6422386169433594
COL1A2,KRAS only,2.7555301189422607
COL1A2,KRAS only,3.1642093658447266
COL1A2,KRAS only,2.6935226917266846
COL1A2,KRAS only,2.63580584526062
COL1A2,KRAS only,3.0114564895629883
COL1A2,KRAS only,2.8132452964782715
COL1A2,KRAS only,2.853959798812866
COL1A2,KRAS only,2.8239316940307617
COL1A2,KRAS only,2.641099214553833
COL1A2,KRAS only,2.7995190620422363
COL1A2,KRAS only,2.925215482711792
COL1A2,KRAS only,2.951369524002075
COL1A2,KRAS only,2.6595821380615234
COL1A2,KRAS only,2.5889785289764404
COL1A2,KRAS only,2.570793390274048
COL1A2,KRAS only,2.6489901542663574
COL1A2,KRAS only,2.899859666824341
COL1A2,KRAS only,2.69608211517334
COL1A2,KRAS only,2.9176039695739746
COL1A2,KRAS only,2.997523307800293
COL1A2,KRAS only,2.820042133331299
COL1A2,KRAS only,2.7925162315368652
COL1A2,KRAS only,2.845263719558716
COL1A2,KRAS only,2.676389455795288
COL1A2,KRAS only,2.7271225452423096
COL1A2,KRAS only,2.7148759365081787
COL1A2,KRAS only,2.803734064102173
COL1A2,KRAS only,2.985140323638916
COL1A2,KRAS only,2.413066864013672
COL1A2,KRAS only,2.6578569412231445
COL1A2,KRAS only,2.879258155822754
COL1A2,KRAS only,3.1570467948913574
COL1A2,KRAS only,2.7197604179382324
COL1A2,KRAS only,2.8700993061065674
COL1A2,KRAS only,2.888042688369751
COL1A2,KRAS only,3.08197021484375
COL1A2,KRAS only,2.886935234069824
COL1A2,KRAS only,2.8179478645324707
COL1A2,KRAS only,2.619835376739502
COL1A2,KRAS only,3.001999616622925
COL1A2,KRAS only,2.9811666011810303
COL1A2,KRAS only,2.982443332672119
COL1A2,KRAS only,2.9350340366363525
COL1A2,KRAS only,2.6213724613189697
COL1A2,KRAS only,2.640556573867798
COL1A2,KRAS only,3.0476934909820557
COL1A2,KRAS only,3.0236165523529053
COL1A2,KRAS only,2.8423426151275635
COL1A2,KRAS only,2.9454526901245117
COL1A2,KRAS only,3.114377498626709
COL1A2,KRAS only,2.81805682182312
COL1A2,KRAS only,2.549647808074951
COL1A2,KRAS only,2.6436476707458496
COL1A2,KRAS only,2.9277892112731934
COL1A2,KRAS only,2.6536335945129395
COL1A2,KRAS only,2.581108331680298
COL1A2,KRAS only,2.8423590660095215
COL1A2,KRAS only,3.023862361907959
COL1A2,KRAS only,3.121450901031494
COL1A2,KRAS only,3.0102272033691406
COL1A2,KRAS only,2.6437597274780273
COL1A2,KRAS only,2.6592154502868652
COL1A2,KRAS only,2.7766003608703613
COL1A2,KRAS only,2.726560115814209
COL1A2,KRAS only,2.968744993209839
COL1A2,KRAS only,2.756031036376953
COL1A2,KRAS only,2.8775599002838135
COL1A2,KRAS only,2.98834228515625
COL1A2,KRAS only,3.0410778522491455
COL1A2,KRAS only,2.9517905712127686
COL1A2,KRAS only,2.367677927017212
COL1A2,KRAS only,3.4259767532348633
COL1A2,KRAS only,3.2075634002685547
COL1A2,KRAS only,2.6857218742370605
COL1A2,KRAS only,2.972778558731079
COL1A2,KRAS only,2.7296245098114014
COL1A2,KRAS only,3.0475668907165527
COL1A2,KRAS only,2.949530601501465
COL1A2,KRAS only,3.0257046222686768
COL1A2,KRAS only,2.7273807525634766
COL1A2,KRAS only,2.4483652114868164
COL1A2,KRAS only,2.678652286529541
COL1A2,KRAS only,2.6015186309814453
COL1A2,KRAS only,3.0684733390808105
COL1A2,KRAS only,3.202785015106201
COL1A2,KRAS only,2.5849764347076416
COL1A2,KRAS only,2.6516916751861572
COL1A2,KRAS only,2.901505470275879
COL1A2,KRAS only,3.1276254653930664
COL1A2,KRAS only,3.0162079334259033
COL1A2,KRAS only,3.3154258728027344
COL1A2,KRAS only,2.631126880645752
COL1A2,KRAS only,3.129678726196289
COL1A2,KRAS only,2.708616018295288
COL1A2,KRAS only,2.601276397705078
COL1A2,KRAS only,2.880084753036499
COL1A2,KRAS only,2.6492254734039307
COL1A2,KRAS only,2.6569278240203857
COL1A2,KRAS only,2.511296272277832
COL1A2,KRAS only,2.3969552516937256
COL1A2,KRAS only,2.775723457336426
COL1A2,KRAS only,2.1938633918762207
COL1A2,KRAS only,2.7799198627471924
COL1A2,KRAS only,2.4714670181274414
COL1A2,KRAS only,2.700653314590454
COL1A2,KRAS only,2.6659810543060303
COL1A2,KRAS only,2.8575966358184814
COL1A2,KRAS only,2.911250114440918
COL1A2,KRAS only,2.8943052291870117
COL1A2,KRAS only,2.7029168605804443
COL1A2,KRAS only,2.891122341156006
COL1A2,KRAS only,2.2314229011535645
COL1A2,KRAS only,2.6259474754333496
COL1A2,KRAS only,2.8838376998901367
COL1A2,KRAS only,2.456766128540039
COL1A2,KRAS only,2.93953800201416
COL1A2,KRAS only,3.1043076515197754
COL1A2,KRAS only,3.0230226516723633
COL1A2,KRAS only,2.434711217880249
COL1A2,KRAS only,2.877683162689209
COL1A2,KRAS only,2.750385284423828
COL1A2,KRAS only,2.864934206008911
COL1A2,KRAS only,2.8042209148406982
COL1A2,KRAS only,2.707362174987793
COL1A2,KRAS only,2.9056220054626465
COL1A2,KRAS only,2.4776854515075684
COL1A2,KRAS only,2.4516453742980957
COL1A2,KRAS only,2.9582743644714355
COL1A2,KRAS only,2.803053855895996
COL1A2,KRAS only,2.9083545207977295
COL1A2,KRAS only,3.0792155265808105
COL1A2,KRAS only,3.128181219100952
COL1A2,KRAS only,2.860934019088745
COL1A2,KRAS only,3.1984219551086426
COL1A2,KRAS only,3.370030164718628
COL1A2,KRAS only,2.655742883682251
COL1A2,KRAS only,3.097419500350952
COL1A2,KRAS only,2.9538614749908447
COL1A2,KRAS only,3.3175480365753174
COL1A2,KRAS only,2.8803977966308594
COL1A2,KRAS only,3.026071548461914
COL1A2,KRAS only,3.138234853744507
COL1A2,KRAS only,2.6261117458343506
COL1A2,KRAS only,2.944058895111084
COL1A2,KRAS only,2.7513883113861084
COL1A2,KRAS only,2.7376980781555176
COL1A2,KRAS only,2.913379669189453
COL1A2,KRAS only,3.016404867172241
COL1A2,KRAS only,2.6707351207733154
COL1A2,KRAS only,2.8138229846954346
COL1A2,KRAS only,2.618091106414795
COL1A2,KRAS only,2.8441991806030273
COL1A2,KRAS only,2.7100305557250977
COL1A2,KRAS only,2.5640926361083984
COL1A2,KRAS only,2.7047691345214844
COL1A2,KRAS only,3.0779998302459717
COL1A2,KRAS only,2.963578462600708
COL1A2,KRAS only,2.4977502822875977
COL1A2,KRAS only,3.090402126312256
COL1A2,KRAS only,2.517928123474121
COL1A2,KRAS only,2.913583517074585
COL1A2,KRAS only,2.659052848815918
COL1A2,KRAS only,2.6232070922851562
COL1A2,KRAS only,3.4819867610931396
COL1A2,KRAS only,2.745543956756592
COL1A2,KRAS only,2.87311053276062
COL1A2,KRAS only,3.3071508407592773
COL1A2,KRAS only,2.9201412200927734
COL1A2,KRAS only,2.223480224609375
COL1A2,KRAS only,3.0001018047332764
COL1A2,KRAS only,2.8760359287261963
COL1A2,KRAS only,2.890995740890503
COL1A2,KRAS only,2.8430745601654053
COL1A2,KRAS only,2.960519790649414
COL1A2,KRAS only,2.7726380825042725
COL1A2,KRAS only,2.6776504516601562
COL1A2,KRAS only,3.101747751235962
COL1A2,KRAS only,2.7133049964904785
COL1A2,KRAS only,3.162257432937622
COL1A2,KRAS only,2.6791110038757324
COL1A2,KRAS only,2.8070530891418457
COL1A2,KRAS only,2.833977699279785
COL1A2,KRAS only,2.8860514163970947
COL1A2,KRAS only,3.0634572505950928
COL1A2,KRAS only,2.800372838973999
COL1A2,KRAS only,2.934410572052002
COL1A2,KRAS only,3.2680153846740723
COL1A2,KRAS only,2.765751600265503
COL1A2,KRAS only,2.6636741161346436
COL1A2,KRAS only,2.773031234741211
COL1A2,KRAS only,2.895744562149048
COL1A2,KRAS only,2.546356439590454
COL1A2,KRAS only,2.9726831912994385
COL1A2,KRAS only,2.537691831588745
COL1A2,KRAS only,2.852977752685547
COL1A2,KRAS only,2.8291563987731934
COL1A2,KRAS only,2.559657096862793
COL1A2,KRAS only,3.175243854522705
COL1A2,KRAS only,2.747316360473633
COL1A2,KRAS only,2.878767967224121
COL1A2,KRAS only,3.0284461975097656
COL1A2,KRAS only,2.777808427810669
COL1A2,KRAS only,2.7797341346740723
COL1A2,KRAS only,3.3818774223327637
COL1A2,KRAS only,3.0485377311706543
COL1A2,KRAS only,2.730266571044922
COL1A2,KRAS only,2.734463691711426
COL1A2,KRAS only,2.9801106452941895
COL1A2,KRAS only,3.1187949180603027
COL1A2,KRAS only,3.100776195526123
COL1A2,KRAS only,3.181519031524658
COL1A2,KRAS only,3.126544713973999
COL1A2,KRAS only,2.9216737747192383
COL1A2,KRAS only,2.8043816089630127
COL1A2,KRAS only,2.7959911823272705
COL1A2,KRAS only,2.862187623977661
COL1A2,KRAS only,3.1349751949310303
COL1A2,KRAS only,3.443331003189087
COL1A2,KRAS only,2.6801257133483887
COL1A2,KRAS only,2.4474682807922363
COL1A2,KRAS only,2.872441530227661
COL1A2,KRAS only,2.31986927986145
COL1A2,KRAS only,2.6190969944000244
COL1A2,KRAS only,2.72456693649292
COL1A2,KRAS only,2.8897628784179688
COL1A2,KRAS only,3.0573959350585938
COL1A2,KRAS only,2.514677047729492
COL1A2,KRAS only,2.6799604892730713
COL1A2,KRAS only,2.4769322872161865
COL1A2,KRAS only,2.8457701206207275
COL1A2,KRAS only,3.1445887088775635
COL1A2,KRAS only,2.3917746543884277
COL1A2,KRAS only,2.6730146408081055
COL1A2,KRAS only,2.678962230682373
COL1A2,KRAS only,2.9358160495758057
COL1A2,KRAS only,2.6938796043395996
COL1A2,KRAS only,2.741058111190796
COL1A2,KRAS only,3.4495291709899902
COL1A2,KRAS only,2.811427116394043
COL1A2,KRAS only,3.089348316192627
COL1A2,KRAS only,3.0347940921783447
COL1A2,KRAS only,2.916705846786499
COL1A2,KRAS only,2.650705099105835
COL1A2,KRAS only,2.5400490760803223
COL1A2,KRAS only,2.509782552719116
COL1A2,KRAS only,1.7642909288406372
COL1A2,KRAS only,2.6809685230255127
COL1A2,KRAS only,2.5222487449645996
COL1A2,KRAS only,2.936251401901245
COL1A2,KRAS only,2.401149272918701
COL1A2,KRAS only,2.6604504585266113
COL1A2,KRAS only,2.179237127304077
COL1A2,KRAS only,2.1304376125335693
COL1A2,KRAS only,2.8359508514404297
COL1A2,KRAS only,2.3995535373687744
COL1A2,KRAS only,2.3696064949035645
COL1A2,KRAS only,2.7525298595428467
COL1A2,KRAS only,2.6135494709014893
COL1A2,KRAS only,2.8093600273132324
COL1A2,KRAS only,2.9500303268432617
COL1A2,KRAS only,2.4638049602508545
COL1A2,KRAS only,1.911100149154663
COL1A2,KRAS only,2.4862279891967773
COL1A2,KRAS only,2.4425559043884277
COL1A2,KRAS only,2.5596694946289062
COL1A2,KRAS only,2.533146858215332
COL1A2,KRAS only,2.510373115539551
COL1A2,KRAS only,2.55826735496521
COL1A2,KRAS only,2.5807583332061768
COL1A2,KRAS only,2.498079299926758
COL1A2,KRAS only,2.4228873252868652
COL1A2,KRAS only,2.8844375610351562
COL1A2,KRAS only,2.2700140476226807
COL1A2,KRAS only,2.6715924739837646
COL1A2,KRAS only,2.1869232654571533
COL1A2,KRAS only,2.2944557666778564
COL1A2,KRAS only,2.4293363094329834
COL1A2,KRAS only,2.377035140991211
COL1A2,KRAS only,2.4736673831939697
COL1A2,KRAS only,2.193873882293701
COL1A2,KRAS only,2.3471951484680176
COL1A2,KRAS only,2.2352492809295654
COL1A2,KRAS only,2.524390697479248
COL1A2,KRAS only,2.4309744834899902
COL1A2,KRAS only,2.383680820465088
COL1A2,KRAS only,2.092172861099243
COL1A2,KRAS only,2.517476797103882
COL1A2,KRAS only,2.4026377201080322
COL1A2,KRAS only,2.2738800048828125
COL1A2,KRAS only,2.1086628437042236
COL1A2,KRAS only,2.326038122177124
COL1A2,KRAS only,2.6304705142974854
COL1A2,KRAS only,2.5238072872161865
COL1A2,KRAS only,2.3698158264160156
COL1A2,KRAS only,3.0048718452453613
COL1A2,KRAS only,2.3725931644439697
COL1A2,KRAS only,2.212791919708252
COL1A2,KRAS only,2.4823436737060547
COL1A2,KRAS only,2.6781082153320312
COL1A2,KRAS only,2.403053045272827
COL1A2,KRAS only,2.5177152156829834
COL1A2,KRAS only,2.366790533065796
COL1A2,KRAS only,2.5654282569885254
COL1A2,KRAS only,2.4230563640594482
COL1A2,KRAS only,2.3547310829162598
COL1A2,KRAS only,2.5536513328552246
COL1A2,KRAS only,2.600984573364258
COL1A2,KRAS only,2.418125629425049
COL1A2,KRAS only,2.303654193878174
COL1A2,KRAS only,2.5631260871887207
COL1A2,KRAS only,2.2724416255950928
COL1A2,KRAS only,2.5507311820983887
COL1A2,KRAS only,2.3983802795410156
COL1A2,KRAS only,2.1654820442199707
COL1A2,KRAS only,2.4847986698150635
COL1A2,KRAS only,2.499375343322754
COL1A2,KRAS only,2.2656755447387695
COL1A2,KRAS only,2.3791391849517822
COL1A2,KRAS only,2.2677319049835205
COL1A2,KRAS only,2.911982774734497
COL1A2,KRAS only,1.5997120141983032
COL1A2,KRAS only,2.6191036701202393
COL1A2,KRAS only,2.490074396133423
COL1A2,KRAS only,2.246406316757202
COL1A2,KRAS only,2.7275049686431885
COL1A2,KRAS only,2.3041040897369385
COL1A2,KRAS only,2.08209228515625
COL1A2,KRAS only,2.713712215423584
COL1A2,KRAS only,2.574190616607666
COL1A2,KRAS only,2.396111249923706
COL1A2,KRAS only,2.527423143386841
COL1A2,KRAS only,2.843331813812256
COL1A2,KRAS only,2.676701068878174
COL1A2,KRAS only,2.796145439147949
COL1A2,KRAS only,2.7728769779205322
COL1A2,KRAS only,2.416752338409424
COL1A2,KRAS only,2.2295939922332764
COL1A2,KRAS only,2.85832142829895
COL1A2,KRAS only,2.412673234939575
COL1A2,KRAS only,2.572636604309082
COL1A2,KRAS only,2.5880470275878906
COL1A2,KRAS only,2.503755569458008
COL1A2,KRAS only,2.297961950302124
COL1A2,KRAS only,2.544710874557495
COL1A2,KRAS only,2.6983251571655273
COL1A2,KRAS only,2.657477378845215
COL1A2,KRAS only,3.218414306640625
COL1A2,KRAS only,2.8581151962280273
COL1A2,KRAS only,3.0576331615448
COL1A2,KRAS only,1.59371018409729
COL1A2,KRAS only,2.3243298530578613
COL1A2,KRAS only,2.7180938720703125
COL1A2,KRAS only,2.4590024948120117
COL1A2,KRAS only,2.761051654815674
COL1A2,KRAS only,2.472080945968628
COL1A2,KRAS only,2.4504008293151855
COL1A2,KRAS only,3.047327995300293
COL1A2,KRAS only,2.5944347381591797
COL1A2,KRAS only,2.647247791290283
COL1A2,KRAS only,2.053734302520752
COL1A2,KRAS only,0.2809482514858246
COL1A2,KRAS only,2.65810227394104
COL1A2,KRAS only,0.16217534244060516
COL1A2,KRAS only,1.8989819288253784
COL1A2,KRAS only,3.020914316177368
COL1A2,KRAS only,2.171415090560913
COL1A2,KRAS only,2.8955745697021484
COL1A2,KRAS only,2.2285733222961426
COL1A2,KRAS only,1.97853422164917
COL1A2,KRAS only,2.2305617332458496
COL1A2,KRAS only,3.1787962913513184
COL1A2,KRAS only,2.708055257797241
COL1A2,KRAS only,0.0
COL1A2,KRAS only,2.8216843605041504
COL1A2,KRAS only,0.3109552562236786
COL1A2,KRAS only,1.0537484884262085
COL1A2,KRAS only,2.950153350830078
COL1A2,KRAS only,3.145395040512085
COL1A2,KRAS only,3.022026538848877
COL1A2,KRAS only,2.54613995552063
COL1A2,KRAS only,2.886535406112671
COL1A2,KRAS only,2.2838807106018066
COL1A2,KRAS only,2.0015628337860107
COL1A2,KRAS only,2.169172763824463
COL1A2,KRAS only,0.0
COL1A2,KRAS only,2.557328462600708
COL1A2,KRAS only,3.25136399269104
COL1A2,KRAS only,3.2902207374572754
COL1A2,KRAS only,2.722693920135498
COL1A2,KRAS only,0.8948807716369629
COL1A2,KRAS only,2.204015016555786
COL1A2,KRAS only,3.0425193309783936
COL1A2,KRAS only,2.820636510848999
COL1A2,KRAS only,2.9583511352539062
COL1A2,KRAS only,2.2121503353118896
COL1A2,KRAS only,2.9183976650238037
COL1A2,KRAS only,2.3421335220336914
COL1A2,KRAS only,2.295912981033325
COL1A2,KRAS only,2.9524805545806885
COL1A2,KRAS only,2.6525113582611084
COL1A2,KRAS only,3.3198182582855225
COL1A2,KRAS only,3.0324015617370605
COL1A2,KRAS only,2.2712528705596924
COL1A2,KRAS only,2.716278553009033
COL1A2,KRAS only,3.172893524169922
COL1A2,KRAS only,3.1190741062164307
COL1A2,KRAS only,3.1964526176452637
COL1A2,KRAS only,1.5005481243133545
COL1A2,KRAS only,1.8914730548858643
COL1A2,KRAS only,2.3901729583740234
COL1A2,KRAS only,2.4608635902404785
COL1A2,KRAS only,2.6196367740631104
COL1A2,KRAS only,2.0207855701446533
COL1A2,KRAS only,0.396781325340271
COL1A2,KRAS only,2.9600796699523926
COL1A2,KRAS only,2.919685125350952
COL1A2,KRAS only,3.3011960983276367
COL1A2,KRAS only,3.3255984783172607
COL1A2,KRAS only,2.79801607131958
COL1A2,KRAS only,3.2666265964508057
COL1A2,KRAS only,0.09466952085494995
COL1A2,KRAS only,2.555579662322998
COL1A2,KRAS only,2.5445287227630615
COL1A2,KRAS only,2.2046897411346436
COL1A2,KRAS only,0.6406729221343994
COL1A2,KRAS only,3.0733730792999268
COL1A2,KRAS only,1.1303352117538452
COL1A2,KRAS only,1.6887861490249634
COL1A2,KRAS only,1.9723082780838013
COL1A2,KRAS only,3.3165693283081055
COL1A2,KRAS only,0.19325731694698334
COL1A2,KRAS only,0.27221205830574036
COL1A2,KRAS only,0.7627140879631042
COL1A2,KRAS only,2.404143810272217
COL1A2,KRAS only,2.603623628616333
COL1A2,KRAS only,2.915462017059326
COL1A2,KRAS only,2.9302151203155518
COL1A2,KRAS only,2.392665386199951
COL1A2,KRAS only,3.207820177078247
COL1A2,KRAS only,3.7583582401275635
COL1A2,KRAS only,3.002664089202881
COL1A2,KRAS only,2.081904411315918
COL1A2,KRAS only,1.7643928527832031
COL1A2,KRAS only,3.053352117538452
COL1A2,KRAS only,3.4630959033966064
COL1A2,KRAS only,3.365126848220825
COL1A2,KRAS only,2.894043445587158
COL1A2,KRAS only,0.6135166883468628
COL1A2,KRAS only,3.253462314605713
COL1A2,KRAS only,3.4448933601379395
COL1A2,KRAS only,3.355313301086426
COL1A2,KRAS only,1.43533456325531
COL1A2,KRAS only,2.7009551525115967
COL1A2,KRAS only,2.7428691387176514
COL1A2,KRAS only,2.5578367710113525
COL1A2,KRAS only,3.0249552726745605
COL1A2,KRAS only,2.7314441204071045
COL1A2,KRAS only,2.464693069458008
COL1A2,KRAS only,2.9967987537384033
COL1A2,KRAS only,0.8521550297737122
COL1A2,KRAS only,3.0756032466888428
COL1A2,KRAS only,1.5677486658096313
COL1A2,KRAS only,0.0
COL1A2,KRAS only,0.20969605445861816
COL1A2,KRAS only,2.5108132362365723
COL1A2,KRAS only,2.6034371852874756
COL1A2,KRAS only,2.4903337955474854
COL1A2,KRAS only,3.254502773284912
COL1A2,KRAS only,3.6029934883117676
COL1A2,KRAS only,2.9336326122283936
COL1A2,KRAS only,2.6900179386138916
COL1A2,KRAS only,3.300375461578369
COL1A2,KRAS only,2.9830987453460693
COL1A2,KRAS only,1.4185916185379028
COL1A2,KRAS only,2.675853967666626
COL1A2,KRAS only,2.6904947757720947
COL1A2,KRAS only,2.6486737728118896
COL1A2,KRAS only,2.347547769546509
COL1A2,KRAS only,0.17145352065563202
COL1A2,KRAS only,2.641470432281494
COL1A2,KRAS only,2.5662496089935303
COL1A2,KRAS only,1.9845627546310425
COL1A2,KRAS only,2.3096067905426025
COL1A2,KRAS only,2.8126070499420166
COL1A2,KRAS only,0.0
COL1A2,KRAS only,3.3948638439178467
COL1A2,KRAS only,3.374950885772705
COL1A2,KRAS only,2.605083703994751
COL1A2,KRAS only,1.76170814037323
COL1A2,KRAS only,0.7635780572891235
COL1A2,KRAS only,0.0
COL1A2,KRAS only,2.7041215896606445
COL1A2,KRAS only,3.184657335281372
COL1A2,KRAS only,2.7258214950561523
COL1A2,KRAS only,2.731311082839966
COL1A2,KRAS only,3.684079170227051
COL1A2,KRAS only,0.2876189053058624
COL1A2,KRAS only,2.4468564987182617
COL1A2,KRAS only,3.1571929454803467
COL1A2,KRAS only,2.7981762886047363
COL1A2,KRAS only,2.390223264694214
COL1A2,KRAS only,3.2526607513427734
COL1A2,KRAS only,2.792301654815674
COL1A2,KRAS only,2.8805203437805176
COL1A2,KRAS only,2.4811248779296875
COL1A2,KRAS only,2.2893126010894775
COL1A2,KRAS only,2.5187530517578125
COL1A2,KRAS only,1.1330416202545166
COL1A2,KRAS only,2.596745729446411
COL1A2,KRAS only,2.8429319858551025
COL1A2,KRAS only,2.779866933822632
COL1A2,KRAS only,2.7848262786865234
COL1A2,KRAS only,3.15848970413208
COL1A2,KRAS only,3.305785655975342
COL1A2,KRAS only,2.85677170753479
COL1A2,KRAS only,3.363281726837158
COL1A2,KRAS only,2.211714029312134
COL1A2,KRAS only,3.245175838470459
COL1A2,KRAS only,1.9595184326171875
COL1A2,KRAS only,3.5819878578186035
COL1A2,KRAS only,1.4334022998809814
COL1A2,KRAS only,0.8700951337814331
COL1A2,KRAS only,2.1187212467193604
COL1A2,KRAS only,2.9089133739471436
COL1A2,KRAS only,2.683082342147827
COL1A2,KRAS only,0.7456581592559814
COL1A2,KRAS only,3.010244369506836
COL1A2,KRAS only,3.1218223571777344
COL1A2,KRAS only,2.8089005947113037
COL1A2,KRAS only,2.8293004035949707
COL1A2,KRAS only,1.8930110931396484
COL1A2,KRAS only,0.7636371850967407
COL1A2,KRAS only,2.5648398399353027
COL1A2,KRAS only,0.0
COL1A2,KRAS only,2.534684419631958
COL1A2,KRAS only,3.2159199714660645
COL1A2,KRAS only,2.8730947971343994
COL1A2,KRAS only,2.882284641265869
COL1A2,KRAS only,3.012197971343994
COL1A2,KRAS only,2.5286524295806885
COL1A2,KRAS only,3.074162006378174
COL1A2,KRAS only,2.1501810550689697
COL1A2,KRAS only,0.0
COL1A2,KRAS only,2.860351800918579
COL1A2,KRAS only,1.323274850845337
COL1A2,KRAS only,1.6777756214141846
COL1A2,KRAS only,2.6695327758789062
COL1A2,KRAS only,2.033653497695923
COL1A2,KRAS only,0.0
COL1A2,KRAS only,2.7335362434387207
COL1A2,KRAS only,3.4955883026123047
COL1A2,KRAS only,2.3935344219207764
COL1A2,KRAS only,0.0012989798560738564
COL1A2,KRAS only,0.0
COL1A2,KRAS only,2.137321710586548
COL1A2,KRAS only,3.1459856033325195
COL1A2,KRAS only,0.5295183658599854
COL1A2,KRAS only,2.282691478729248
COL1A2,KRAS only,2.9584474563598633
COL1A2,KRAS only,2.820382833480835
COL1A2,KRAS only,2.3787355422973633
COL1A2,KRAS only,3.0035252571105957
COL1A2,KRAS only,1.7426923513412476
COL1A2,KRAS only,3.1935062408447266
COL1A2,KRAS only,3.121540069580078
COL1A2,KRAS only,1.727203607559204
COL1A2,KRAS only,2.4469356536865234
COL1A2,KRAS only,2.4045207500457764
COL1A2,KRAS only,2.2213284969329834
COL1A2,KRAS only,0.0
COL1A2,KRAS only,3.2965056896209717
COL1A2,KRAS only,1.1809957027435303
COL1A2,KRAS only,2.58492112159729
COL1A2,KRAS only,2.2464075088500977
COL1A2,KRAS only,2.117097854614258
COL1A2,KRAS only,0.0
COL1A2,KRAS only,2.8350870609283447
COL1A2,KRAS only,3.540116786956787
COL1A2,KRAS only,2.954906463623047
COL1A2,KRAS only,3.106245994567871
COL1A2,KRAS only,2.424255847930908
COL1A2,KRAS only,2.9199540615081787
COL1A2,KRAS only,3.098299026489258
COL1A2,KRAS only,3.254211664199829
COL1A2,KRAS only,3.187466621398926
COL1A2,KRAS only,2.9237747192382812
COL1A2,KRAS only,3.537997007369995
COL1A2,KRAS only,3.087175130844116
COL1A2,KRAS only,3.050962209701538
COL1A2,KRAS only,3.3846561908721924
COL1A2,KRAS only,2.5272915363311768
COL1A2,KRAS only,2.849456787109375
COL1A2,KRAS only,2.764178514480591
COL1A2,KRAS only,3.4651007652282715
COL1A2,KRAS only,3.5986931324005127
COL1A2,KRAS only,3.1491899490356445
COL1A2,KRAS only,3.6098532676696777
COL1A2,KRAS only,3.4823765754699707
COL1A2,KRAS only,3.5438196659088135
COL1A2,KRAS only,3.19865083694458
COL1A2,KRAS only,3.253263235092163
COL1A2,KRAS only,3.1309168338775635
COL1A2,KRAS only,2.974055051803589
COL1A2,KRAS only,2.81284236907959
COL1A2,KRAS only,2.801093101501465
COL1A2,KRAS only,2.781618118286133
COL1A2,KRAS only,3.295527458190918
COL1A2,KRAS only,2.5534698963165283
COL1A2,KRAS only,2.762065887451172
COL1A2,KRAS only,2.0348832607269287
COL1A2,KRAS only,2.5577142238616943
COL1A2,KRAS only,2.9282641410827637
COL1A2,KRAS only,2.2887115478515625
COL1A2,KRAS only,2.838170289993286
COL1A2,KRAS only,2.6705503463745117
COL1A2,KRAS only,2.9532318115234375
COL1A2,KRAS only,2.8309743404388428
COL1A2,KRAS only,2.24778151512146
COL1A2,KRAS only,2.9223477840423584
COL1A2,KRAS only,1.8847521543502808
COL1A2,KRAS only,2.1030025482177734
COL1A2,KRAS only,1.6703590154647827
COL1A2,KRAS only,1.7567881345748901
COL1A2,KRAS only,2.254619836807251
COL1A2,KRAS only,2.2633001804351807
COL1A2,KRAS only,0.0
COL1A2,KRAS only,1.9338935613632202
COL1A2,KRAS only,0.0
COL1A2,KRAS only,0.0
COL1A2,KRAS only,0.0
COL1A2,KRAS only,2.995239019393921
COL1A2,KRAS only,2.574061870574951
COL1A2,KRAS only,2.8037121295928955
COL1A2,KRAS only,2.3844728469848633
COL1A2,KRAS only,2.226830244064331
COL1A2,KRAS only,2.3338170051574707
COL1A2,KRAS only,2.2301559448242188
COL1A2,KRAS only,2.265474557876587
COL1A2,KRAS only,2.867990016937256
COL1A2,KRAS only,2.515453338623047
COL1A2,KRAS only,2.8956055641174316
COL1A2,KRAS only,2.7696239948272705
COL1A2,KRAS only,2.313239812850952
COL1A2,KRAS only,3.0371406078338623
COL1A2,KRAS only,2.160499334335327
COL1A2,KRAS only,2.652207851409912
COL1A2,KRAS only,2.2227272987365723
COL1A2,KRAS only,2.808523178100586
COL1A2,KRAS only,2.330631732940674
COL1A2,KRAS only,0.0
COL1A2,KRAS only,2.400040626525879
COL1A2,KRAS only,0.0
COL1A2,KRAS only,3.0657958984375
COL1A2,KRAS only,2.839407205581665
COL1A2,KRAS only,0.025947049260139465
COL1A2,KRAS only,1.8943203687667847
COL1A2,KRAS only,2.5802621841430664
COL1A2,KRAS only,2.5467512607574463
COL1A2,KRAS only,0.0
COL1A2,KRAS only,0.0
COL1A2,KRAS only,0.0
COL1A2,KRAS only,0.0
COL1A2,KRAS only,0.0
COL1A2,KRAS only,2.3928298950195312
COL1A2,KRAS only,0.02375197224318981
COL1A2,KRAS only,1.7292025089263916
COL1A2,KRAS only,0.0
COL1A2,KRAS only,0.0
COL1A2,KRAS only,0.0
COL1A2,KRAS only,1.4613746404647827
COL1A2,KRAS only,0.0
COL1A2,KRAS only,1.5746780633926392
COL1A2,KRAS only,0.0
COL1A2,KRAS only,2.895552396774292
COL1A2,KRAS only,0.0
COL1A2,KRAS only,0.0
COL1A2,KRAS only,0.082382932305336
COL1A2,KRAS only,1.6055903434753418
COL1A2,KRAS only,0.0
COL1A2,KRAS only,0.0
COL1A2,KRAS only,1.410474181175232
COL1A2,KRAS only,1.5621026754379272
COL1A2,KRAS only,2.997434377670288
COL1A2,KRAS only,0.02406623400747776
COL1A2,KRAS only,2.2678751945495605
COL1A2,KRAS only,0.043534133583307266
COL1A2,KRAS only,0.038370732218027115
COL1A2,KRAS only,0.20360209047794342
COL1A2,KRAS only,0.0
COL1A2,KRAS only,1.2012075185775757
COL1A2,KRAS only,1.3140608072280884
COL1A2,KRAS only,2.2232275009155273
COL1A2,KRAS only,0.4995454251766205
COL1A2,KRAS only,1.0016531944274902
COL1A2,KRAS only,2.0501673221588135
COL1A2,KRAS only,2.7668116092681885
COL1A2,KRAS only,2.2145488262176514
COL1A2,KRAS only,0.0
COL1A2,KRAS only,0.8290051221847534
COL1A2,KRAS only,2.618496894836426
COL1A2,KRAS only,0.0
COL1A2,KRAS only,0.13929684460163116
COL1A2,KRAS only,0.0
COL1A2,KRAS only,0.0
COL1A2,KRAS only,1.7834758758544922
COL1A2,KRAS only,3.1407525539398193
COL1A2,KRAS only,2.3450045585632324
COL1A2,KRAS only,2.624549388885498
COL1A2,KRAS only,1.792426586151123
COL1A2,KRAS only,0.7523209452629089
COL1A2,KRAS only,2.402247190475464
COL1A2,KRAS only,1.8015193939208984
COL1A2,KRAS only,2.0146453380584717
COL1A2,KRAS only,2.3674159049987793
COL1A2,KRAS only,2.4473061561584473
COL1A2,KRAS only,1.5483644008636475
COL1A2,KRAS only,2.539902925491333
COL1A2,KRAS only,0.0
COL1A2,KRAS only,2.2318224906921387
COL1A2,KRAS only,0.886367917060852
COL1A2,KRAS only,0.13278213143348694
COL1A2,KRAS only,2.2847561836242676
COL1A2,KRAS only,2.390023946762085
COL1A2,KRAS only,2.2062880992889404
COL1A2,KRAS only,2.4805428981781006
COL1A2,KRAS only,3.1465978622436523
COL1A2,KRAS only,1.6908388137817383
COL1A2,KRAS only,2.8421621322631836
COL1A2,KRAS only,1.5571619272232056
COL1A2,KRAS only,2.91621732711792
COL1A2,KRAS only,2.579265832901001
COL1A2,KRAS only,2.415924072265625
COL1A2,KRAS only,1.3097658157348633
COL1A2,KRAS only,1.149741530418396
COL1A2,KRAS only,0.5139749646186829
COL1A2,KRAS only,2.203744649887085
COL1A2,KRAS only,0.279437392950058
COL1A2,KRAS only,2.3050425052642822
COL1A2,KRAS only,2.207205057144165
COL1A2,KRAS only,0.9299816489219666
COL1A2,KRAS only,2.211548089981079
COL1A2,KRAS only,2.9032533168792725
COL1A2,KRAS only,2.512326717376709
COL1A2,KRAS only,2.612522840499878
COL1A2,KRAS only,2.027580499649048
COL1A2,KRAS only,2.3970508575439453
COL1A2,KRAS only,2.740666389465332
COL1A2,KRAS only,2.7696797847747803
COL1A2,KRAS only,2.669712781906128
COL1A2,KRAS only,2.205286979675293
COL1A2,KRAS only,2.6077682971954346
COL1A2,KRAS only,2.659449338912964
COL1A2,KRAS only,2.0584487915039062
COL1A2,KRAS only,2.350043773651123
COL1A2,KRAS only,2.0887317657470703
COL1A2,KRAS only,0.0
COL1A2,KRAS only,2.803194522857666
COL1A2,KRAS only,2.617202043533325
COL1A2,KRAS only,0.975898265838623
COL1A2,KRAS only,2.0391323566436768
COL1A2,KRAS only,1.5580079555511475
COL1A2,KRAS only,1.7412047386169434
COL1A2,KRAS only,2.270474910736084
COL1A2,KRAS only,1.0774345397949219
COL1A2,KRAS only,1.6518667936325073
COL1A2,KRAS only,1.642789363861084
COL1A2,KRAS only,2.6455624103546143
COL1A2,KRAS only,2.770970106124878
COL1A2,KRAS only,2.6607511043548584
COL1A2,KRAS only,2.929932117462158
COL1A2,KRAS only,2.348598003387451
COL1A2,KRAS only,2.9405813217163086
COL1A2,KRAS only,2.369615316390991
COL1A2,KRAS only,2.6431591510772705
COL1A2,KRAS only,2.5968775749206543
COL1A2,KRAS only,2.270853281021118
COL1A2,KRAS only,2.3699073791503906
COL1A2,KRAS only,1.4143449068069458
COL1A2,KRAS only,0.4225250482559204
COL1A2,KRAS only,2.3423423767089844
COL1A2,KRAS only,2.5980172157287598
COL1A2,KRAS only,1.3003573417663574
COL1A2,KRAS only,2.0521485805511475
COL1A2,KRAS only,2.637791395187378
COL1A2,KRAS only,0.559134840965271
COL1A2,KRAS only,1.9634846448898315
COL1A2,KRAS only,1.9467532634735107
COL1A2,KRAS only,2.4709317684173584
COL1A2,KRAS only,2.2507686614990234
COL1A2,KRAS only,2.5678980350494385
COL1A2,KRAS only,1.0614182949066162
COL1A2,KRAS only,1.7094658613204956
COL1A2,KRAS only,2.1782000064849854
COL1A2,KRAS only,1.8634328842163086
COL1A2,KRAS only,2.244274854660034
COL1A2,KRAS only,2.5737462043762207
COL1A2,KRAS only,1.56221342086792
COL1A2,KRAS only,1.8894023895263672
COL1A2,KRAS only,0.15418827533721924
COL1A2,KRAS only,2.236158609390259
COL1A2,KRAS only,1.6236814260482788
COL1A2,KRAS only,2.4610211849212646
COL1A2,KRAS only,1.7862489223480225
COL1A2,KRAS only,0.6202613115310669
COL1A2,KRAS only,2.0420467853546143
COL1A2,KRAS only,1.3303109407424927
COL1A2,KRAS only,1.2597568035125732
COL1A2,KRAS only,0.35451093316078186
COL1A2,KRAS only,1.784409523010254
COL1A2,KRAS only,2.476369619369507
COL1A2,KRAS only,2.307842254638672
COL1A2,KRAS only,0.4360671937465668
COL1A2,KRAS only,2.7621099948883057
COL1A2,KRAS only,0.7333124876022339
COL1A2,KRAS only,1.999657154083252
COL1A2,KRAS only,2.616279125213623
COL1A2,KRAS only,2.2537553310394287
COL1A2,KRAS only,2.412388324737549
COL1A2,KRAS only,0.0
COL1A2,KRAS only,1.3267794847488403
COL1A2,KRAS only,1.6459907293319702
COL1A2,KRAS only,1.1018587350845337
COL1A2,KRAS only,1.9296027421951294
COL1A2,KRAS only,2.4528255462646484
COL1A2,KRAS only,2.1975128650665283
COL1A2,KRAS only,1.8315678834915161
COL1A2,KRAS only,0.0
COL1A2,KRAS only,2.44274640083313
COL1A2,KRAS only,1.5546716451644897
COL1A2,KRAS only,1.3689768314361572
COL1A2,KRAS only,2.920741558074951
COL1A2,KRAS only,2.7802810668945312
COL1A2,KRAS only,1.8886297941207886
COL1A2,KRAS only,2.452770709991455
COL1A2,KRAS only,2.1821963787078857
COL1A2,KRAS only,1.4593828916549683
COL1A2,KRAS only,2.622312545776367
COL1A2,KRAS only,2.705622911453247
COL1A2,KRAS only,1.6525096893310547
COL1A2,KRAS only,2.2434065341949463
COL1A2,KRAS only,0.3973531424999237
COL1A2,KRAS only,0.6167725920677185
COL1A2,KRAS only,2.5465593338012695
COL1A2,KRAS only,0.9683289527893066
COL1A2,KRAS only,0.8877952694892883
COL1A2,KRAS only,2.1490678787231445
COL1A2,KRAS only,1.1462806463241577
COL1A2,KRAS only,1.289149284362793
COL1A2,KRAS only,1.6880722045898438
COL1A2,KRAS only,2.0115065574645996
COL1A2,KRAS only,1.3047821521759033
COL1A2,KRAS only,0.0
COL1A2,KRAS only,2.2190308570861816
COL1A2,KRAS only,1.0059853792190552
COL1A2,KRAS only,1.5770981311798096
COL1A2,KRAS only,1.9504375457763672
COL1A2,KRAS only,0.28536680340766907
COL1A2,KRAS only,0.1378115564584732
COL1A2,KRAS only,0.0
COL1A2,KRAS only,1.900986909866333
COL1A2,KRAS only,2.266639232635498
COL1A2,KRAS only,2.564370632171631
COL1A2,KRAS only,0.7277718782424927
COL1A2,KRAS only,2.5897231101989746
COL1A2,KRAS only,2.466226100921631
COL1A2,KRAS only,1.8290117979049683
COL1A2,KRAS only,2.866870403289795
COL1A2,KRAS only,2.542569875717163
COL1A2,KRAS only,2.5995938777923584
COL1A2,KRAS only,1.598486065864563
COL1A2,KRAS only,2.464873790740967
COL1A2,KRAS only,2.4260880947113037
COL1A2,KRAS only,1.9737509489059448
COL1A2,KRAS only,3.115553140640259
COL1A2,KRAS only,1.8655964136123657
COL1A2,KRAS only,2.0442352294921875
COL1A2,KRAS only,1.4486807584762573
COL1A2,KRAS only,2.275441884994507
COL1A2,KRAS only,1.8719980716705322
COL1A2,KRAS only,2.8351030349731445
COL1A2,KRAS only,2.1478333473205566
COL1A2,KRAS only,2.4368975162506104
COL1A2,KRAS only,1.8113470077514648
COL1A2,KRAS only,0.9247347116470337
COL1A2,KRAS only,1.9439200162887573
COL1A2,KRAS only,1.182867169380188
COL1A2,KRAS only,0.0
COL1A2,KRAS only,2.667299270629883
COL1A2,KRAS only,0.0
COL1A2,KRAS only,2.7656898498535156
COL1A2,KRAS only,0.8987587690353394
COL1A2,KRAS only,2.3952414989471436
COL1A2,KRAS only,1.3979392051696777
COL1A2,KRAS only,1.9679542779922485
COL1A2,KRAS only,2.5596227645874023
COL1A2,KRAS only,2.7556216716766357
COL1A2,KRAS only,0.12469488382339478
COL1A2,KRAS only,1.519362449645996
COL1A2,KRAS only,0.869278073310852
COL1A2,KRAS only,3.041611671447754
COL1A2,KRAS only,0.3128666877746582
COL1A2,KRAS only,0.0
COL1A2,KRAS only,0.08197809755802155
COL1A2,KRAS only,2.054565668106079
COL1A2,KRAS only,2.0599520206451416
COL1A2,KRAS only,2.127150535583496
COL1A2,KRAS only,3.0533103942871094
COL1A2,KRAS only,2.7820565700531006
COL1A2,KRAS only,2.885741949081421
COL1A2,KRAS only,2.2795424461364746
COL1A2,KRAS only,0.0
COL1A2,KRAS only,2.449763774871826
COL1A2,KRAS only,1.9954177141189575
COL1A2,KRAS only,2.744490146636963
COL1A2,KRAS only,3.0061521530151367
COL1A2,KRAS only,2.5525736808776855
COL1A2,KRAS only,0.8360037803649902
COL1A2,KRAS only,0.4428882300853729
COL1A2,KRAS only,1.628760814666748
COL1A2,KRAS only,2.8468527793884277
COL1A2,KRAS only,3.105435609817505
COL1A2,KRAS only,2.839341640472412
COL1A2,KRAS only,2.944047689437866
COL1A2,KRAS only,3.200840473175049
COL1A2,KRAS only,3.524292230606079
COL1A2,KRAS only,3.5162787437438965
COL1A2,KRAS only,3.3505191802978516
COL1A2,KRAS only,3.5672202110290527
COL1A2,KRAS only,3.3475592136383057
COL1A2,KRAS only,3.1212635040283203
COL1A2,KRAS only,3.56248140335083
COL1A2,KRAS only,3.5843026638031006
COL1A2,KRAS only,3.647632122039795
COL1A2,KRAS only,3.9872348308563232
COL1A2,KRAS only,3.244420051574707
COL1A2,KRAS only,2.690324068069458
COL1A2,KRAS only,2.933476209640503
COL1A2,KRAS only,3.4100115299224854
COL1A2,KRAS only,3.3938872814178467
COL1A2,KRAS only,2.376094102859497
COL1A2,KRAS only,3.006890058517456
COL1A2,KRAS only,3.6427013874053955
COL1A2,KRAS only,3.463596820831299
COL1A2,KRAS only,3.5970001220703125
COL1A2,KRAS only,3.6841835975646973
COL1A2,KRAS only,3.107337474822998
COL1A2,KRAS only,3.3227663040161133
COL1A2,KRAS only,3.317702531814575
COL1A2,KRAS only,3.6440048217773438
COL1A2,KRAS only,3.1814582347869873
COL1A2,KRAS only,3.3742265701293945
COL1A2,KRAS only,3.628495216369629
COL1A2,KRAS only,3.6691789627075195
COL1A2,KRAS only,3.526602029800415
COL1A2,KRAS only,3.3771157264709473
COL1A2,KRAS only,3.5548923015594482
COL1A2,KRAS only,3.4871628284454346
COL1A2,KRAS only,3.1448428630828857
COL1A2,KRAS only,3.4747653007507324
COL1A2,KRAS only,3.385138750076294
COL1A2,KRAS only,3.4229683876037598
COL1A2,KRAS only,3.5485386848449707
COL1A2,KRAS only,3.10905385017395
COL1A2,KRAS only,3.6555588245391846
COL1A2,KRAS only,3.3578720092773438
COL1A2,KRAS only,3.4137847423553467
COL1A2,KRAS only,3.371809720993042
COL1A2,KRAS only,3.2258541584014893
COL1A2,KRAS only,3.760664701461792
COL1A2,KRAS only,3.5979723930358887
COL1A2,KRAS only,3.5549397468566895
COL1A2,KRAS only,3.5269320011138916
COL1A2,KRAS only,3.4838368892669678
COL1A2,KRAS only,3.495734930038452
COL1A2,KRAS only,3.6764025688171387
COL1A2,KRAS only,3.2226715087890625
COL1A2,KRAS only,3.215294361114502
COL1A2,KRAS only,3.484304904937744
COL1A2,KRAS only,3.3435921669006348
COL1A2,KRAS only,3.2995364665985107
COL1A2,KRAS only,3.618272304534912
COL1A2,KRAS only,3.478086471557617
COL1A2,KRAS only,3.161320686340332
COL1A2,KRAS only,3.6050426959991455
COL1A2,KRAS only,3.4507970809936523
COL1A2,KRAS only,3.521484136581421
COL1A2,KRAS only,3.241549253463745
COL1A2,KRAS only,2.9819495677948
COL1A2,KRAS only,3.401033401489258
COL1A2,KRAS only,3.725081205368042
COL1A2,KRAS only,3.681406021118164
COL1A2,KRAS only,3.2969021797180176
COL1A2,KRAS only,3.56137752532959
COL1A2,KRAS only,3.35528564453125
COL1A2,KRAS only,3.512890338897705
COL1A2,KRAS only,3.3201239109039307
COL1A2,KRAS only,3.8915092945098877
COL1A2,KRAS only,3.2984461784362793
COL1A2,KRAS only,3.1474788188934326
COL1A2,KRAS only,3.3823118209838867
COL1A2,KRAS only,3.6118886470794678
COL1A2,KRAS only,3.734443426132202
COL1A2,KRAS only,3.5432021617889404
COL1A2,KRAS only,3.721512794494629
COL1A2,KRAS only,3.5805296897888184
COL1A2,KRAS only,3.2273457050323486
COL1A2,KRAS only,3.488280773162842
COL1A2,KRAS only,3.828280448913574
COL1A2,KRAS only,3.2633299827575684
COL1A2,KRAS only,3.711913824081421
COL1A2,KRAS only,3.504127264022827
COL1A2,KRAS only,3.437276840209961
COL1A2,KRAS only,3.53175687789917
COL1A2,KRAS only,3.426314353942871
COL1A2,KRAS only,3.3865387439727783
COL1A2,KRAS only,3.6761786937713623
COL1A2,KRAS only,3.7027313709259033
COL1A2,KRAS only,3.5200109481811523
COL1A2,KRAS only,3.509991407394409
COL1A2,KRAS only,3.4321353435516357
COL1A2,KRAS only,3.649348497390747
COL1A2,KRAS only,3.422304630279541
COL1A2,KRAS only,3.5766212940216064
COL1A2,KRAS only,3.476496934890747
COL1A2,KRAS only,3.8067636489868164
COL1A2,KRAS only,3.2484853267669678
COL1A2,KRAS only,3.261002540588379
COL1A2,KRAS only,3.3330440521240234
COL1A2,KRAS only,3.4415433406829834
COL1A2,KRAS only,3.3264670372009277
COL1A2,KRAS only,3.347060441970825
COL1A2,KRAS only,3.3063559532165527
COL1A2,KRAS only,3.577610731124878
COL1A2,KRAS only,3.6486616134643555
COL1A2,KRAS only,3.4612271785736084
COL1A2,KRAS only,3.0628063678741455
COL1A2,KRAS only,3.9951424598693848
COL1A2,KRAS only,3.3527891635894775
COL1A2,KRAS only,3.400376796722412
COL1A2,KRAS only,3.606895923614502
COL1A2,KRAS only,3.836750030517578
COL1A2,KRAS only,3.6962881088256836
COL1A2,KRAS only,3.1399707794189453
COL1A2,KRAS only,3.523261547088623
COL1A2,KRAS only,3.4919989109039307
COL1A2,KRAS only,3.7787258625030518
COL1A2,KRAS only,3.3723526000976562
COL1A2,KRAS only,3.400662899017334
COL1A2,KRAS only,3.35738468170166
COL1A2,KRAS only,3.579819440841675
COL1A2,KRAS only,3.5805227756500244
COL1A2,KRAS only,3.4712729454040527
COL1A2,KRAS only,3.595491647720337
COL1A2,KRAS only,3.8329808712005615
COL1A2,KRAS only,3.648892641067505
COL1A2,KRAS only,3.8160691261291504
COL1A2,KRAS only,3.3341169357299805
COL1A2,KRAS only,3.065713882446289
COL1A2,KRAS only,3.832155466079712
COL1A2,KRAS only,3.7081892490386963
COL1A2,KRAS only,2.7745654582977295
COL1A2,KRAS only,3.0583183765411377
COL1A2,KRAS only,2.14569091796875
COL1A2,KRAS only,2.153780937194824
COL1A2,KRAS only,1.8648029565811157
COL1A2,KRAS only,2.6026954650878906
COL1A2,KRAS only,2.79630184173584
COL1A2,KRAS only,0.0
COL1A2,KRAS only,3.017054557800293
COL1A2,KRAS only,2.4507453441619873
COL1A2,KRAS only,3.1428558826446533
COL1A2,KRAS only,2.801659345626831
COL1A2,KRAS only,0.0
COL1A2,KRAS only,3.385044813156128
COL1A2,KRAS only,3.3059864044189453
COL1A2,KRAS only,3.1022732257843018
COL1A2,KRAS only,3.30544376373291
COL1A2,KRAS only,3.1720120906829834
COL1A2,KRAS only,3.2548978328704834
COL1A2,KRAS only,3.24660062789917
COL1A2,KRAS only,3.231541156768799
COL1A2,KRAS only,3.364431858062744
COL1A2,KRAS only,2.9521255493164062
COL1A2,KRAS only,3.5355265140533447
COL1A2,KRAS only,3.4279305934906006
COL1A2,KRAS only,3.5393409729003906
COL1A2,KRAS only,3.2310471534729004
COL1A2,KRAS only,3.3162684440612793
COL1A2,KRAS only,3.685948371887207
COL1A2,KRAS only,3.5052003860473633
COL1A2,KRAS only,3.402862548828125
COL1A2,KRAS only,3.5567569732666016
COL1A2,KRAS only,3.5324387550354004
COL1A2,KRAS only,3.4685707092285156
COL1A2,KRAS only,3.685696840286255
COL1A2,KRAS only,3.4122557640075684
COL1A2,KRAS only,3.384542226791382
COL1A2,KRAS only,3.9127626419067383
COL1A2,KRAS only,3.58609938621521
COL1A2,KRAS only,3.387413263320923
COL1A2,KRAS only,3.4779140949249268
COL1A2,KRAS only,3.5014092922210693
COL1A2,KRAS only,3.504783868789673
COL1A2,KRAS only,3.566617965698242
COL1A2,KRAS only,3.4287779331207275
COL1A2,KRAS only,3.1730363368988037
COL1A2,KRAS only,3.044384717941284
COL1A2,KRAS only,2.8731398582458496
COL1A2,KRAS only,3.387080430984497
COL1A2,KRAS only,2.9038801193237305
COL1A2,KRAS only,2.8956639766693115
COL1A2,KRAS only,3.702988862991333
COL1A2,KRAS only,2.945072650909424
COL1A2,KRAS only,2.445899486541748
COL1A2,KRAS only,3.282233476638794
COL1A2,KRAS only,3.5181188583374023
COL1A2,KRAS only,3.5078625679016113
COL1A2,KRAS only,3.3650856018066406
COL1A2,KRAS only,3.7381527423858643
COL1A2,KRAS only,3.2604715824127197
COL1A2,KRAS only,2.9750518798828125
COL1A2,KRAS only,3.7101714611053467
COL1A2,KRAS only,3.3972976207733154
COL1A2,KRAS only,3.3195817470550537
COL1A2,KRAS only,3.3636245727539062
COL1A2,KRAS only,3.390587329864502
COL1A2,KRAS only,3.9852805137634277
COL1A2,KRAS only,3.317380666732788
COL1A2,KRAS only,3.721186399459839
COL1A2,KRAS only,3.4429242610931396
COL1A2,KRAS only,2.866389751434326
COL1A2,KRAS only,3.0518836975097656
COL1A2,KRAS only,3.742175340652466
COL1A2,KRAS only,3.4900295734405518
COL1A2,KRAS only,3.536559581756592
COL1A2,KRAS only,3.6177585124969482
COL1A2,KRAS only,3.0256175994873047
COL1A2,KRAS only,3.6100997924804688
COL1A2,KRAS only,3.056109666824341
COL1A2,KRAS only,2.9173130989074707
COL1A2,KRAS only,3.4705522060394287
COL1A2,KRAS only,2.3301382064819336
COL1A2,KRAS only,3.510101318359375
COL1A2,KRAS only,3.3027849197387695
COL1A2,KRAS only,3.0796074867248535
COL1A2,KRAS only,3.0488898754119873
COL1A2,KRAS only,3.125082015991211
COL1A2,KRAS only,3.6924526691436768
COL1A2,KRAS only,2.8824703693389893
COL1A2,KRAS only,2.976954460144043
COL1A2,KRAS only,3.4975898265838623
COL1A2,KRAS only,2.7830421924591064
COL1A2,KRAS only,3.041078567504883
COL1A2,KRAS only,3.750511646270752
COL1A2,KRAS only,2.882624864578247
COL1A2,KRAS only,3.103039026260376
COL1A2,EGFR only,0.0
COL1A2,EGFR only,1.5948784351348877
COL1A2,EGFR only,0.0
COL1A2,EGFR only,1.9076495170593262
COL1A2,EGFR only,1.7930105924606323
COL1A2,EGFR only,2.551304817199707
COL1A2,EGFR only,0.0
COL1A2,EGFR only,0.0
COL1A2,EGFR only,1.4414564371109009
COL1A2,EGFR only,1.526275396347046
COL1A2,EGFR only,0.0
COL1A2,EGFR only,0.0
COL1A2,EGFR only,3.111701488494873
COL1A2,EGFR only,0.0
COL1A2,EGFR only,3.7257909774780273
COL1A2,EGFR only,0.0
COL1A2,EGFR only,0.0
COL1A2,EGFR only,0.0
COL1A2,EGFR only,2.8850314617156982
COL1A2,EGFR only,0.0
COL1A2,EGFR only,4.909186840057373
COL1A2,EGFR only,3.5695626735687256
COL1A2,EGFR only,0.0
COL1A2,EGFR only,3.3331692218780518
COL1A2,EGFR only,0.0
COL1A2,EGFR only,3.9379727840423584
COL1A2,EGFR only,0.0
COL1A2,EGFR only,1.5967594385147095
COL1A2,EGFR only,3.859025001525879
COL1A2,EGFR only,3.395127296447754
COL1A2,EGFR only,2.472651481628418
COL1A2,EGFR only,2.6073105335235596
COL1A2,EGFR only,2.612233877182007
COL1A2,EGFR only,0.0
COL1A2,EGFR only,2.3460609912872314
COL1A2,EGFR only,2.4675393104553223
COL1A2,EGFR only,1.9323149919509888
COL1A2,EGFR only,0.0
COL1A2,EGFR only,2.9725472927093506
COL1A2,EGFR only,2.8662822246551514
COL1A2,EGFR only,2.7171013355255127
COL1A2,EGFR only,2.6175034046173096
COL1A2,EGFR only,2.268010377883911
COL1A2,EGFR only,2.692086696624756
COL1A2,EGFR only,3.005960702896118
COL1A2,EGFR only,0.0
COL1A2,EGFR only,2.420654296875
COL1A2,EGFR only,2.805419921875
COL1A2,EGFR only,2.7866647243499756
COL1A2,EGFR only,1.8642444610595703
COL1A2,EGFR only,2.1787149906158447
COL1A2,EGFR only,2.850613832473755
COL1A2,EGFR only,2.4197278022766113
COL1A2,EGFR only,2.76869797706604
COL1A2,EGFR only,2.8266851902008057
COL1A2,EGFR only,0.0
COL1A2,EGFR only,0.0
COL1A2,EGFR only,2.811570167541504
COL1A2,EGFR only,2.618884325027466
COL1A2,EGFR only,0.0
COL1A2,EGFR only,2.5941247940063477
COL1A2,EGFR only,2.9410605430603027
COL1A2,EGFR only,2.7774181365966797
COL1A2,EGFR only,2.0342230796813965
COL1A2,EGFR only,2.499326705932617
COL1A2,EGFR only,2.659538745880127
COL1A2,EGFR only,2.1109113693237305
COL1A2,EGFR only,2.079486608505249
COL1A2,EGFR only,0.0
COL1A2,EGFR only,2.252779483795166
COL1A2,EGFR only,0.0
COL1A2,EGFR only,2.605959415435791
COL1A2,EGFR only,2.476508140563965
COL1A2,EGFR only,0.0
COL1A2,EGFR only,0.0
COL1A2,EGFR only,0.0
COL1A2,EGFR only,2.761349678039551
COL1A2,EGFR only,0.0
COL1A2,EGFR only,0.0
COL1A2,EGFR only,2.7719154357910156
COL1A2,EGFR only,2.541069269180298
COL1A2,EGFR only,0.0
COL1A2,EGFR only,2.4695279598236084
COL1A2,EGFR only,2.7108097076416016
COL1A2,EGFR only,2.2755417823791504
COL1A2,EGFR only,2.211625337600708
COL1A2,EGFR only,0.0
COL1A2,EGFR only,3.250345230102539
COL1A2,EGFR only,3.202930450439453
COL1A2,EGFR only,2.6426990032196045
COL1A2,EGFR only,2.5215089321136475
COL1A2,EGFR only,2.5913619995117188
COL1A2,EGFR only,2.2209386825561523
COL1A2,EGFR only,2.776134490966797
COL1A2,EGFR only,0.0
COL1A2,EGFR only,3.7116522789001465
COL1A2,EGFR only,2.0305111408233643
COL1A2,EGFR only,1.8578649759292603
COL1A2,EGFR only,2.729548931121826
COL1A2,EGFR only,2.614683151245117
COL1A2,EGFR only,2.721436023712158
COL1A2,EGFR only,0.0
COL1A2,EGFR only,2.356703996658325
COL1A2,EGFR only,2.7852113246917725
COL1A2,EGFR only,3.056962490081787
COL1A2,EGFR only,0.0
COL1A2,EGFR only,0.0
COL1A2,EGFR only,2.6399879455566406
COL1A2,EGFR only,3.0707807540893555
COL1A2,EGFR only,2.6709048748016357
COL1A2,EGFR only,0.0
COL1A2,EGFR only,0.0
COL1A2,EGFR only,3.4477169513702393
COL1A2,EGFR only,1.8051389455795288
COL1A2,EGFR only,1.61707603931427
COL1A2,EGFR only,2.4410314559936523
COL1A2,EGFR only,2.7700695991516113
COL1A2,EGFR only,0.0
COL1A2,EGFR only,0.0
COL1A2,EGFR only,2.8511595726013184
COL1A2,EGFR only,0.0
COL1A2,EGFR only,2.451342821121216
COL1A2,EGFR only,1.1756242513656616
COL1A2,EGFR only,3.170067071914673
COL1A2,EGFR only,0.0
COL1A2,EGFR only,3.0197832584381104
COL1A2,EGFR only,2.444237232208252
COL1A2,EGFR only,0.0
COL1A2,EGFR only,2.9242405891418457
COL1A2,EGFR only,0.0
COL1A2,EGFR only,0.0
COL1A2,EGFR only,0.0
COL1A2,EGFR only,2.6845436096191406
COL1A2,EGFR only,2.159757614135742
COL1A2,EGFR only,2.3831677436828613
COL1A2,EGFR only,0.0
COL1A2,EGFR only,2.755829095840454
COL1A2,EGFR only,0.0
COL1A2,EGFR only,2.2058799266815186
COL1A2,EGFR only,2.4763243198394775
COL1A2,EGFR only,2.1954495906829834
COL1A2,EGFR only,2.7164907455444336
COL1A2,EGFR only,3.111567735671997
COL1A2,EGFR only,0.0
COL1A2,EGFR only,0.0
COL1A2,EGFR only,2.7145895957946777
COL1A2,EGFR only,2.466698169708252
COL1A2,EGFR only,2.938162326812744
COL1A2,EGFR only,0.0
COL1A2,EGFR only,2.084070920944214
COL1A2,EGFR only,0.0
COL1A2,EGFR only,2.3806660175323486
COL1A2,EGFR only,0.0
COL1A2,EGFR only,2.8126766681671143
COL1A2,EGFR only,1.8021092414855957
COL1A2,EGFR only,2.764864206314087
COL1A2,EGFR only,2.071444272994995
COL1A2,EGFR only,3.052835702896118
COL1A2,EGFR only,2.7709357738494873
COL1A2,EGFR only,2.4196860790252686
COL1A2,EGFR only,3.5151097774505615
COL1A2,EGFR only,0.0
COL1A2,EGFR only,3.2093591690063477
COL1A2,EGFR only,3.095094919204712
COL1A2,EGFR only,2.3375399112701416
COL1A2,EGFR only,2.918076276779175
COL1A2,EGFR only,2.3948984146118164
COL1A2,EGFR only,0.0
COL1A2,EGFR only,0.0
COL1A2,EGFR only,2.697086811065674
COL1A2,EGFR only,2.452406644821167
COL1A2,EGFR only,0.0
COL1A2,EGFR only,2.6765668392181396
COL1A2,EGFR only,2.771864175796509
COL1A2,EGFR only,0.0
COL1A2,EGFR only,2.576687812805176
COL1A2,EGFR only,3.139981985092163
COL1A2,EGFR only,2.4334466457366943
COL1A2,EGFR only,0.0
COL1A2,EGFR only,2.45953106880188
COL1A2,EGFR only,2.9629790782928467
COL1A2,EGFR only,2.6997764110565186
COL1A2,EGFR only,2.707122564315796
COL1A2,EGFR only,0.0
COL1A2,EGFR only,0.0
COL1A2,EGFR only,2.9936931133270264
COL1A2,EGFR only,2.1258654594421387
COL1A2,EGFR only,0.0
COL1A2,EGFR only,2.2203190326690674
COL1A2,EGFR only,0.0
COL1A2,EGFR only,2.5602312088012695
COL1A2,EGFR only,2.7779428958892822
COL1A2,EGFR only,1.919112205505371
COL1A2,EGFR only,3.0266947746276855
COL1A2,EGFR only,2.122331142425537
COL1A2,EGFR only,2.456468343734741
COL1A2,EGFR only,3.4325430393218994
COL1A2,EGFR only,0.0
COL1A2,EGFR only,2.35463809967041
COL1A2,EGFR only,2.683908700942993
COL1A2,EGFR only,2.7324042320251465
COL1A2,EGFR only,2.7394039630889893
COL1A2,EGFR only,2.3607590198516846
COL1A2,EGFR only,2.4784560203552246
COL1A2,EGFR only,2.399871826171875
COL1A2,EGFR only,2.164241313934326
COL1A2,EGFR only,2.6853039264678955
COL1A2,EGFR only,2.8976824283599854
COL1A2,EGFR only,2.735604763031006
COL1A2,EGFR only,0.0
COL1A2,EGFR only,0.0
COL1A2,EGFR only,2.517030715942383
COL1A2,EGFR only,0.0
COL1A2,EGFR only,2.670067310333252
COL1A2,EGFR only,2.2416508197784424
COL1A2,EGFR only,1.7779641151428223
COL1A2,EGFR only,2.900364398956299
COL1A2,EGFR only,2.342102289199829
COL1A2,EGFR only,2.244279146194458
COL1A2,EGFR only,2.1002357006073
COL1A2,EGFR only,2.965775966644287
COL1A2,EGFR only,0.0
COL1A2,EGFR only,2.849928140640259
COL1A2,EGFR only,0.0
COL1A2,EGFR only,0.0
COL1A2,EGFR only,0.0
COL1A2,EGFR only,2.564811944961548
COL1A2,EGFR only,3.3460583686828613
COL1A2,EGFR only,2.9403562545776367
COL1A2,EGFR only,2.95436954498291
COL1A2,EGFR only,2.9588265419006348
COL1A2,EGFR only,2.8116984367370605
COL1A2,EGFR only,2.042722702026367
COL1A2,EGFR only,0.0
COL1A2,EGFR only,2.557530641555786
COL1A2,EGFR only,2.9079673290252686
COL1A2,EGFR only,2.4172329902648926
COL1A2,EGFR only,2.9236698150634766
COL1A2,EGFR only,2.9628944396972656
COL1A2,EGFR only,0.0
COL1A2,EGFR only,1.526655912399292
COL1A2,EGFR only,2.516695499420166
COL1A2,EGFR only,2.146254539489746
COL1A2,EGFR only,2.064710855484009
COL1A2,EGFR only,0.0
COL1A2,EGFR only,2.4686336517333984
COL1A2,EGFR only,2.7836148738861084
COL1A2,EGFR only,2.3361775875091553
COL1A2,EGFR only,2.220991611480713
COL1A2,EGFR only,0.0
COL1A2,EGFR only,2.0331873893737793
COL1A2,EGFR only,3.2129645347595215
COL1A2,EGFR only,3.312751293182373
COL1A2,EGFR only,1.9179821014404297
COL1A2,EGFR only,2.877126693725586
COL1A2,EGFR only,2.378204345703125
COL1A2,EGFR only,0.0
COL1A2,EGFR only,2.7695252895355225
COL1A2,EGFR only,2.395045518875122
COL1A2,EGFR only,0.0
COL1A2,EGFR only,2.6202738285064697
COL1A2,EGFR only,2.8232767581939697
COL1A2,EGFR only,1.8331043720245361
COL1A2,EGFR only,2.693801164627075
COL1A2,EGFR only,1.8121087551116943
COL1A2,EGFR only,2.748018741607666
COL1A2,EGFR only,1.992946982383728
COL1A2,EGFR only,2.4204916954040527
COL1A2,EGFR only,2.331204891204834
COL1A2,EGFR only,2.827199935913086
COL1A2,EGFR only,2.139761447906494
COL1A2,EGFR only,2.3863534927368164
COL1A2,EGFR only,0.0
COL1A2,EGFR only,2.4956371784210205
COL1A2,EGFR only,2.628532886505127
COL1A2,EGFR only,2.7443575859069824
COL1A2,EGFR only,2.4882402420043945
COL1A2,EGFR only,3.012854814529419
COL1A2,EGFR only,2.4977705478668213
COL1A2,EGFR only,1.6886789798736572
COL1A2,EGFR only,2.4552643299102783
COL1A2,EGFR only,0.0
COL1A2,EGFR only,2.6559154987335205
COL1A2,EGFR only,2.137814521789551
COL1A2,EGFR only,0.0
COL1A2,EGFR only,3.082887649536133
COL1A2,EGFR only,2.1224734783172607
COL1A2,EGFR only,2.920827627182007
COL1A2,EGFR only,0.0
COL1A2,EGFR only,2.720702886581421
COL1A2,EGFR only,2.829617738723755
COL1A2,EGFR only,0.0
COL1A2,EGFR only,1.6234230995178223
COL1A2,EGFR only,3.127371311187744
COL1A2,EGFR only,3.0498838424682617
COL1A2,EGFR only,2.4549615383148193
COL1A2,EGFR only,0.0
COL1A2,EGFR only,2.7016854286193848
COL1A2,EGFR only,2.162595272064209
COL1A2,EGFR only,2.5722498893737793
COL1A2,EGFR only,0.0
COL1A2,EGFR only,2.25070858001709
COL1A2,EGFR only,2.717703342437744
COL1A2,EGFR only,0.0
COL1A2,EGFR only,2.4907963275909424
COL1A2,EGFR only,2.5469424724578857
COL1A2,EGFR only,0.0
COL1A2,EGFR only,2.090458631515503
COL1A2,EGFR only,3.16890811920166
COL1A2,EGFR only,2.1866633892059326
COL1A2,EGFR only,2.585017442703247
COL1A2,EGFR only,2.0600547790527344
COL1A2,EGFR only,2.2270255088806152
COL1A2,EGFR only,2.7900352478027344
COL1A2,EGFR only,3.1352500915527344
COL1A2,EGFR only,0.0
COL1A2,EGFR only,2.6955385208129883
COL1A2,EGFR only,2.784208059310913
COL1A2,EGFR only,2.3581061363220215
COL1A2,EGFR only,3.3685555458068848
COL1A2,EGFR only,0.0
COL1A2,EGFR only,3.2563462257385254
COL1A2,EGFR only,2.078613042831421
COL1A2,EGFR only,2.8708207607269287
COL1A2,EGFR only,2.596792459487915
COL1A2,EGFR only,2.2462375164031982
COL1A2,EGFR only,0.0
COL1A2,EGFR only,0.0
COL1A2,EGFR only,2.7902190685272217
COL1A2,EGFR only,2.7213540077209473
COL1A2,EGFR only,2.719085931777954
COL1A2,EGFR only,0.0
COL1A2,EGFR only,0.0
COL1A2,EGFR only,0.0
COL1A2,EGFR only,2.203096389770508
COL1A2,EGFR only,2.3816895484924316
COL1A2,EGFR only,0.0
COL1A2,EGFR only,0.0
COL1A2,EGFR only,2.836587429046631
COL1A2,EGFR only,3.1173195838928223
COL1A2,EGFR only,0.0
COL1A2,EGFR only,3.2480902671813965
COL1A2,EGFR only,2.6128740310668945
COL1A2,EGFR only,2.6935102939605713
COL1A2,EGFR only,2.8378548622131348
COL1A2,EGFR only,1.9788155555725098
COL1A2,EGFR only,0.0
COL1A2,EGFR only,2.5336222648620605
COL1A2,EGFR only,0.0
COL1A2,EGFR only,2.248778820037842
COL1A2,EGFR only,2.577573537826538
COL1A2,EGFR only,2.1037516593933105
COL1A2,EGFR only,2.0786619186401367
COL1A2,EGFR only,0.0
COL1A2,EGFR only,2.6781909465789795
COL1A2,EGFR only,2.504592180252075
COL1A2,EGFR only,2.021700620651245
COL1A2,EGFR only,2.4641361236572266
COL1A2,EGFR only,0.0
COL1A2,EGFR only,2.279995918273926
COL1A2,EGFR only,2.5807065963745117
COL1A2,EGFR only,3.3951728343963623
COL1A2,EGFR only,2.483330249786377
COL1A2,EGFR only,2.8411495685577393
COL1A2,EGFR only,2.695859670639038
COL1A2,EGFR only,2.923989772796631
COL1A2,EGFR only,3.1479287147521973
COL1A2,EGFR only,0.0
COL1A2,EGFR only,2.623953342437744
COL1A2,EGFR only,2.5777297019958496
COL1A2,EGFR only,2.4585647583007812
COL1A2,EGFR only,2.9569544792175293
COL1A2,EGFR only,2.8220131397247314
COL1A2,EGFR only,2.2928600311279297
COL1A2,EGFR only,2.6780362129211426
COL1A2,EGFR only,2.590648651123047
COL1A2,EGFR only,2.42032790184021
COL1A2,EGFR only,0.0
COL1A2,EGFR only,3.0290145874023438
COL1A2,EGFR only,2.139350414276123
COL1A2,EGFR only,2.6881890296936035
COL1A2,EGFR only,2.0640814304351807
COL1A2,EGFR only,2.8755571842193604
COL1A2,EGFR only,0.0
COL1A2,EGFR only,0.0
COL1A2,EGFR only,2.7873151302337646
COL1A2,EGFR only,2.548064708709717
COL1A2,EGFR only,2.7350168228149414
COL1A2,EGFR only,2.8723440170288086
COL1A2,EGFR only,2.769826650619507
COL1A2,EGFR only,2.3485207557678223
COL1A2,EGFR only,3.2292566299438477
COL1A2,EGFR only,0.0
COL1A2,EGFR only,2.241957664489746
COL1A2,EGFR only,2.50641131401062
COL1A2,EGFR only,0.0
COL1A2,EGFR only,2.580669403076172
COL1A2,EGFR only,0.0
COL1A2,EGFR only,0.0
COL1A2,EGFR only,3.45809268951416
COL1A2,EGFR only,0.0
COL1A2,EGFR only,2.7970101833343506
COL1A2,EGFR only,0.0
COL1A2,EGFR only,2.956533193588257
COL1A2,EGFR only,1.4389082193374634
COL1A2,EGFR only,2.677804470062256
COL1A2,EGFR only,0.0
COL1A2,EGFR only,3.2541990280151367
COL1A2,EGFR only,2.6853573322296143
COL1A2,EGFR only,0.0
COL1A2,EGFR only,1.9996079206466675
COL1A2,EGFR only,2.488856315612793
COL1A2,EGFR only,2.1821823120117188
COL1A2,EGFR only,2.4411466121673584
COL1A2,EGFR only,0.0
COL1A2,EGFR only,2.275712013244629
COL1A2,EGFR only,2.6987721920013428
COL1A2,EGFR only,0.0
COL1A2,EGFR only,0.0
COL1A2,EGFR only,2.7018485069274902
COL1A2,EGFR only,0.0
COL1A2,EGFR only,2.210285186767578
COL1A2,EGFR only,0.0
COL1A2,EGFR only,0.0
COL1A2,EGFR only,2.513518810272217
COL1A2,EGFR only,2.479719877243042
COL1A2,EGFR only,0.0
COL1A2,EGFR only,2.413818359375
COL1A2,EGFR only,1.9796528816223145
COL1A2,EGFR only,3.2203803062438965
COL1A2,EGFR only,3.0549685955047607
COL1A2,EGFR only,2.529909133911133
COL1A2,EGFR only,2.108464241027832
COL1A2,EGFR only,2.399405002593994
COL1A2,EGFR only,0.0
COL1A2,EGFR only,2.447643280029297
COL1A2,EGFR only,2.393272876739502
COL1A2,EGFR only,2.7879998683929443
COL1A2,EGFR only,2.8232460021972656
COL1A2,EGFR only,3.518388032913208
COL1A2,EGFR only,2.298043966293335
COL1A2,EGFR only,2.561790943145752
COL1A2,EGFR only,0.0
COL1A2,EGFR only,2.168611526489258
COL1A2,EGFR only,2.8833701610565186
COL1A2,EGFR only,1.9794977903366089
COL1A2,EGFR only,3.1979446411132812
COL1A2,EGFR only,0.0
COL1A2,EGFR only,0.0
COL1A2,EGFR only,2.581317901611328
COL1A2,EGFR only,2.889399290084839
COL1A2,EGFR only,2.857060670852661
COL1A2,EGFR only,1.9804565906524658
COL1A2,EGFR only,2.525448799133301
COL1A2,EGFR only,2.280028820037842
COL1A2,EGFR only,3.166302442550659
COL1A2,EGFR only,2.459350347518921
COL1A2,EGFR only,2.0934715270996094
COL1A2,EGFR only,2.7351951599121094
COL1A2,EGFR only,2.2629687786102295
COL1A2,EGFR only,0.0
COL1A2,EGFR only,0.0
COL1A2,EGFR only,2.1636457443237305
COL1A2,EGFR only,1.9496325254440308
COL1A2,EGFR only,3.0370709896087646
COL1A2,EGFR only,0.0
COL1A2,EGFR only,0.0
COL1A2,EGFR only,2.560070753097534
COL1A2,EGFR only,0.0
COL1A2,EGFR only,2.6293606758117676
COL1A2,EGFR only,2.7937464714050293
COL1A2,EGFR only,2.4701972007751465
COL1A2,EGFR only,2.83562970161438
COL1A2,EGFR only,3.2826545238494873
COL1A2,EGFR only,2.181318998336792
COL1A2,EGFR only,2.396632671356201
COL1A2,EGFR only,2.2099902629852295
COL1A2,EGFR only,1.640798807144165
COL1A2,EGFR only,3.503859758377075
COL1A2,EGFR only,2.433608055114746
COL1A2,EGFR only,2.129422187805176
COL1A2,EGFR only,3.02880859375
COL1A2,EGFR only,2.042212724685669
COL1A2,EGFR only,2.3510208129882812
COL1A2,EGFR only,2.530808925628662
COL1A2,EGFR only,0.0
COL1A2,EGFR only,2.8603315353393555
COL1A2,EGFR only,2.5181548595428467
COL1A2,EGFR only,2.83561372756958
COL1A2,EGFR only,0.0
COL1A2,EGFR only,0.0
COL1A2,EGFR only,2.5606133937835693
COL1A2,EGFR only,0.0
COL1A2,EGFR only,3.159926414489746
COL1A2,EGFR only,0.0
COL1A2,EGFR only,2.738271951675415
COL1A2,EGFR only,2.6339781284332275
COL1A2,EGFR only,2.23945689201355
COL1A2,EGFR only,1.5196220874786377
COL1A2,EGFR only,2.5470666885375977
COL1A2,EGFR only,2.1737725734710693
COL1A2,EGFR only,2.6243348121643066
COL1A2,EGFR only,2.4722096920013428
COL1A2,EGFR only,2.8881773948669434
COL1A2,EGFR only,2.6547369956970215
COL1A2,EGFR only,2.9823410511016846
COL1A2,EGFR only,2.449888229370117
COL1A2,EGFR only,1.517577886581421
COL1A2,EGFR only,2.8796961307525635
COL1A2,EGFR only,1.6566420793533325
COL1A2,EGFR only,2.1345291137695312
COL1A2,EGFR only,2.868638277053833
COL1A2,EGFR only,2.2767179012298584
COL1A2,EGFR only,2.7613065242767334
COL1A2,EGFR only,0.0
COL1A2,EGFR only,2.587226390838623
COL1A2,EGFR only,2.580866813659668
COL1A2,EGFR only,2.916705846786499
COL1A2,EGFR only,0.0
COL1A2,EGFR only,2.9623966217041016
COL1A2,EGFR only,2.9943292140960693
COL1A2,EGFR only,2.785757303237915
COL1A2,EGFR only,1.8800257444381714
COL1A2,EGFR only,3.008953094482422
COL1A2,EGFR only,2.4204165935516357
COL1A2,EGFR only,2.536322832107544
COL1A2,EGFR only,3.090319871902466
COL1A2,EGFR only,1.995629906654358
COL1A2,EGFR only,3.1569559574127197
COL1A2,EGFR only,3.0876240730285645
COL1A2,EGFR only,2.5475215911865234
COL1A2,EGFR only,0.0
COL1A2,EGFR only,2.567169189453125
COL1A2,EGFR only,0.0
COL1A2,EGFR only,2.300055742263794
COL1A2,EGFR only,0.0
COL1A2,EGFR only,2.581580638885498
COL1A2,EGFR only,2.597500801086426
COL1A2,EGFR only,2.6638095378875732
COL1A2,EGFR only,3.252988815307617
COL1A2,EGFR only,2.588108539581299
COL1A2,EGFR only,0.0
COL1A2,EGFR only,2.26835298538208
COL1A2,EGFR only,0.0
COL1A2,EGFR only,0.0
COL1A2,EGFR only,2.7915148735046387
COL1A2,EGFR only,2.5489132404327393
COL1A2,EGFR only,3.075575590133667
COL1A2,EGFR only,2.9033267498016357
COL1A2,EGFR only,0.0
COL1A2,EGFR only,2.6401655673980713
COL1A2,EGFR only,2.6993932723999023
COL1A2,EGFR only,2.661552667617798
COL1A2,EGFR only,3.1215476989746094
COL1A2,EGFR only,2.6469380855560303
COL1A2,EGFR only,1.7351815700531006
COL1A2,EGFR only,0.0
COL1A2,EGFR only,0.0
COL1A2,EGFR only,2.597944974899292
COL1A2,EGFR only,2.312030792236328
COL1A2,EGFR only,3.3463945388793945
COL1A2,EGFR only,2.5156235694885254
COL1A2,EGFR only,2.597691059112549
COL1A2,EGFR only,0.0
COL1A2,EGFR only,2.377138137817383
COL1A2,EGFR only,0.0
COL1A2,EGFR only,2.3698625564575195
COL1A2,EGFR only,1.937213659286499
COL1A2,EGFR only,2.612827777862549
COL1A2,EGFR only,2.8625073432922363
COL1A2,EGFR only,2.766453981399536
COL1A2,EGFR only,2.4286510944366455
COL1A2,EGFR only,2.511794328689575
COL1A2,EGFR only,1.8227076530456543
COL1A2,EGFR only,2.364716053009033
COL1A2,EGFR only,2.5683979988098145
COL1A2,EGFR only,0.0
COL1A2,EGFR only,2.979349374771118
COL1A2,EGFR only,0.0
COL1A2,EGFR only,2.502573013305664
COL1A2,EGFR only,0.0
COL1A2,EGFR only,2.4428765773773193
COL1A2,EGFR only,3.089980125427246
COL1A2,EGFR only,2.518908977508545
COL1A2,EGFR only,1.9421520233154297
COL1A2,EGFR only,0.0
COL1A2,EGFR only,2.253197431564331
COL1A2,EGFR only,0.0
COL1A2,EGFR only,1.7166800498962402
COL1A2,EGFR only,0.0
COL1A2,EGFR only,2.51684832572937
COL1A2,EGFR only,2.6711199283599854
COL1A2,EGFR only,0.9228640198707581
COL1A2,EGFR only,2.1292052268981934
COL1A2,EGFR only,2.0333545207977295
COL1A2,EGFR only,2.126363754272461
COL1A2,EGFR only,2.5053038597106934
COL1A2,EGFR only,2.9839494228363037
COL1A2,EGFR only,2.5109095573425293
COL1A2,EGFR only,2.5932364463806152
COL1A2,EGFR only,3.3508152961730957
COL1A2,EGFR only,3.398209571838379
COL1A2,EGFR only,2.142162799835205
COL1A2,EGFR only,3.0322976112365723
COL1A2,EGFR only,2.4229824542999268
COL1A2,EGFR only,0.0
COL1A2,EGFR only,2.8322343826293945
COL1A2,EGFR only,2.3021745681762695
COL1A2,EGFR only,0.0
COL1A2,EGFR only,0.0
COL1A2,EGFR only,3.077754497528076
COL1A2,EGFR only,2.372828960418701
COL1A2,EGFR only,0.0
COL1A2,EGFR only,2.479620933532715
COL1A2,EGFR only,0.0
COL1A2,EGFR only,3.3619723320007324
COL1A2,EGFR only,2.4794087409973145
COL1A2,EGFR only,2.1234676837921143
COL1A2,EGFR only,0.0
COL1A2,EGFR only,2.87164044380188
COL1A2,EGFR only,2.3767552375793457
COL1A2,EGFR only,2.2150893211364746
COL1A2,EGFR only,0.0
COL1A2,EGFR only,2.647956371307373
COL1A2,EGFR only,2.28488826751709
COL1A2,EGFR only,2.546403408050537
COL1A2,EGFR only,0.0
COL1A2,EGFR only,2.5019514560699463
COL1A2,EGFR only,2.2356343269348145
COL1A2,EGFR only,2.4805691242218018
COL1A2,EGFR only,2.1746811866760254
COL1A2,EGFR only,2.47969651222229
COL1A2,EGFR only,2.4118258953094482
COL1A2,EGFR only,2.851119041442871
COL1A2,EGFR only,2.4347219467163086
COL1A2,EGFR only,2.0552849769592285
COL1A2,EGFR only,3.136338233947754
COL1A2,EGFR only,0.0
COL1A2,EGFR only,2.2161951065063477
COL1A2,EGFR only,0.0
COL1A2,EGFR only,2.964397430419922
COL1A2,EGFR only,1.8279063701629639
COL1A2,EGFR only,0.0
COL1A2,EGFR only,0.0
COL1A2,EGFR only,2.4041152000427246
COL1A2,EGFR only,0.0
COL1A2,EGFR only,2.7726638317108154
COL1A2,EGFR only,2.398085117340088
COL1A2,EGFR only,2.8032400608062744
COL1A2,EGFR only,2.0008695125579834
COL1A2,EGFR only,3.129138946533203
COL1A2,EGFR only,2.7067949771881104
COL1A2,EGFR only,1.4743034839630127
COL1A2,EGFR only,2.3138694763183594
COL1A2,EGFR only,2.490081548690796
COL1A2,EGFR only,0.0
COL1A2,EGFR only,2.5935773849487305
COL1A2,EGFR only,0.0
COL1A2,EGFR only,3.0442609786987305
COL1A2,EGFR only,2.3052985668182373
COL1A2,EGFR only,0.0
COL1A2,EGFR only,2.7788889408111572
COL1A2,EGFR only,1.7893106937408447
COL1A2,EGFR only,2.745197296142578
COL1A2,EGFR only,1.2645933628082275
COL1A2,EGFR only,2.151216745376587
COL1A2,EGFR only,0.0
COL1A2,EGFR only,2.643402576446533
COL1A2,EGFR only,0.0
COL1A2,EGFR only,2.065253734588623
COL1A2,EGFR only,0.0
COL1A2,EGFR only,2.417415142059326
COL1A2,EGFR only,2.4396233558654785
COL1A2,EGFR only,2.3781185150146484
COL1A2,EGFR only,0.0
COL1A2,EGFR only,1.7952797412872314
COL1A2,EGFR only,2.7067630290985107
COL1A2,EGFR only,1.9708369970321655
COL1A2,EGFR only,0.0
COL1A2,EGFR only,3.241223096847534
COL1A2,EGFR only,3.1404526233673096
COL1A2,EGFR only,2.3744516372680664
COL1A2,EGFR only,2.7622313499450684
COL1A2,EGFR only,0.0
COL1A2,EGFR only,2.4018843173980713
COL1A2,EGFR only,2.722813606262207
COL1A2,EGFR only,0.0
COL1A2,EGFR only,1.9525165557861328
COL1A2,EGFR only,2.6222002506256104
COL1A2,EGFR only,2.045199394226074
COL1A2,EGFR only,2.846665143966675
COL1A2,EGFR only,2.624727249145508
COL1A2,EGFR only,0.0
COL1A2,EGFR only,2.0479605197906494
COL1A2,EGFR only,3.10068678855896
COL1A2,EGFR only,0.0
COL1A2,EGFR only,0.0
COL1A2,EGFR only,2.7870559692382812
COL1A2,EGFR only,0.0
COL1A2,EGFR only,3.3234219551086426
COL1A2,EGFR only,2.678839921951294
COL1A2,EGFR only,1.9257102012634277
COL1A2,EGFR only,2.745786666870117
COL1A2,EGFR only,0.0
COL1A2,EGFR only,2.2275514602661133
COL1A2,EGFR only,2.42488431930542
COL1A2,EGFR only,0.0
COL1A2,EGFR only,0.0
COL1A2,EGFR only,2.459376811981201
COL1A2,EGFR only,0.0
COL1A2,EGFR only,0.0
COL1A2,EGFR only,2.9180305004119873
COL1A2,EGFR only,2.721066951751709
COL1A2,EGFR only,2.729518175125122
COL1A2,EGFR only,2.103142738342285
COL1A2,EGFR only,2.656663656234741
COL1A2,EGFR only,2.374786376953125
COL1A2,EGFR only,2.421234130859375
COL1A2,EGFR only,2.2445099353790283
COL1A2,EGFR only,2.284884452819824
COL1A2,EGFR only,0.0
COL1A2,EGFR only,2.7137389183044434
COL1A2,EGFR only,3.5935263633728027
COL1A2,EGFR only,2.8788607120513916
COL1A2,EGFR only,2.797563076019287
COL1A2,EGFR only,0.0
COL1A2,EGFR only,3.121129274368286
COL1A2,EGFR only,0.0
COL1A2,EGFR only,2.379709005355835
COL1A2,EGFR only,2.34167742729187
COL1A2,EGFR only,2.3706953525543213
COL1A2,EGFR only,0.0
COL1A2,EGFR only,2.9193050861358643
COL1A2,EGFR only,2.398313522338867
COL1A2,EGFR only,2.319566488265991
COL1A2,EGFR only,1.9944031238555908
COL1A2,EGFR only,0.0
COL1A2,EGFR only,2.5238590240478516
COL1A2,EGFR only,2.5731701850891113
COL1A2,EGFR only,2.0709047317504883
COL1A2,EGFR only,2.058429718017578
COL1A2,EGFR only,2.8557169437408447
COL1A2,EGFR only,0.0
COL1A2,EGFR only,2.7479426860809326
COL1A2,EGFR only,0.0
COL1A2,EGFR only,2.2520883083343506
COL1A2,EGFR only,2.3290984630584717
COL1A2,EGFR only,3.762450695037842
COL1A2,EGFR only,0.0
COL1A2,EGFR only,0.0
COL1A2,EGFR only,2.232769012451172
COL1A2,EGFR only,3.405160665512085
COL1A2,EGFR only,3.2646877765655518
COL1A2,EGFR only,2.536410331726074
COL1A2,EGFR only,0.0
COL1A2,EGFR only,2.609259605407715
COL1A2,EGFR only,2.8386287689208984
COL1A2,EGFR only,2.616807222366333
COL1A2,EGFR only,1.758305549621582
COL1A2,EGFR only,2.246919870376587
COL1A2,EGFR only,2.6979405879974365
COL1A2,EGFR only,2.5138747692108154
COL1A2,EGFR only,1.9545409679412842
COL1A2,EGFR only,0.0
COL1A2,EGFR only,2.6517579555511475
COL1A2,EGFR only,0.0
COL1A2,EGFR only,2.575774669647217
COL1A2,EGFR only,2.306403636932373
COL1A2,EGFR only,0.0
COL1A2,EGFR only,2.5685508251190186
COL1A2,EGFR only,0.0
COL1A2,EGFR only,2.5559399127960205
COL1A2,EGFR only,2.903775691986084
COL1A2,EGFR only,2.5117616653442383
COL1A2,EGFR only,2.1125996112823486
COL1A2,EGFR only,2.7817838191986084
COL1A2,EGFR only,2.8547356128692627
COL1A2,EGFR only,0.0
COL1A2,EGFR only,0.0
COL1A2,EGFR only,2.013474225997925
COL1A2,EGFR only,3.0343728065490723
COL1A2,EGFR only,2.4996871948242188
COL1A2,EGFR only,2.908635139465332
COL1A2,EGFR only,2.771317720413208
COL1A2,EGFR only,2.0300252437591553
COL1A2,EGFR only,2.8213093280792236
COL1A2,EGFR only,0.0
COL1A2,EGFR only,3.3862128257751465
COL1A2,EGFR only,2.658334970474243
COL1A2,EGFR only,0.0
COL1A2,EGFR only,2.8723666667938232
COL1A2,EGFR only,3.3314194679260254
COL1A2,EGFR only,2.7371695041656494
COL1A2,EGFR only,2.5963826179504395
COL1A2,EGFR only,2.3694305419921875
COL1A2,EGFR only,2.5483715534210205
COL1A2,EGFR only,0.0
COL1A2,EGFR only,2.4686293601989746
COL1A2,EGFR only,2.370131731033325
COL1A2,EGFR only,2.2223000526428223
COL1A2,EGFR only,2.9959633350372314
COL1A2,EGFR only,2.3888320922851562
COL1A2,EGFR only,0.0
COL1A2,EGFR only,1.8563072681427002
COL1A2,EGFR only,3.1180639266967773
COL1A2,EGFR only,0.0
COL1A2,EGFR only,2.4663398265838623
COL1A2,EGFR only,2.646204948425293
COL1A2,EGFR only,2.764356851577759
COL1A2,EGFR only,0.0
COL1A2,EGFR only,0.0
COL1A2,EGFR only,0.0
COL1A2,EGFR only,0.0
COL1A2,EGFR only,2.630340337753296
COL1A2,EGFR only,3.4743659496307373
COL1A2,EGFR only,1.1091294288635254
COL1A2,EGFR only,2.3526339530944824
COL1A2,EGFR only,2.4627811908721924
COL1A2,EGFR only,2.5401644706726074
COL1A2,EGFR only,2.867093801498413
COL1A2,EGFR only,2.1611499786376953
COL1A2,EGFR only,0.0
COL1A2,EGFR only,2.494638204574585
COL1A2,EGFR only,2.6744747161865234
COL1A2,EGFR only,0.0
COL1A2,EGFR only,1.9378395080566406
COL1A2,EGFR only,2.4266674518585205
COL1A2,EGFR only,1.8125429153442383
COL1A2,EGFR only,2.928553581237793
COL1A2,EGFR only,2.1766817569732666
COL1A2,EGFR only,2.030453681945801
COL1A2,EGFR only,0.0
COL1A2,EGFR only,0.0
COL1A2,EGFR only,2.469074249267578
COL1A2,EGFR only,0.0
COL1A2,EGFR only,2.7093355655670166
COL1A2,EGFR only,2.5384113788604736
COL1A2,EGFR only,2.5594887733459473
COL1A2,EGFR only,2.0910747051239014
COL1A2,EGFR only,2.317821741104126
COL1A2,EGFR only,0.0
COL1A2,EGFR only,2.132816791534424
COL1A2,EGFR only,2.404195785522461
COL1A2,EGFR only,2.074897289276123
COL1A2,EGFR only,2.3749330043792725
COL1A2,EGFR only,2.3499226570129395
COL1A2,EGFR only,2.731360912322998
COL1A2,EGFR only,0.0
COL1A2,EGFR only,2.839486598968506
COL1A2,EGFR only,0.0
COL1A2,EGFR only,2.205022096633911
COL1A2,EGFR only,2.623965263366699
COL1A2,EGFR only,2.6914868354797363
COL1A2,EGFR only,2.5529074668884277
COL1A2,EGFR only,2.4728238582611084
COL1A2,EGFR only,0.0
COL1A2,EGFR only,2.5233116149902344
COL1A2,EGFR only,0.0
COL1A2,EGFR only,2.3668572902679443
COL1A2,EGFR only,0.0
COL1A2,EGFR only,0.0
COL1A2,EGFR only,0.0
COL1A2,EGFR only,2.450472593307495
COL1A2,EGFR only,2.6175436973571777
COL1A2,EGFR only,2.5268921852111816
COL1A2,EGFR only,2.6116836071014404
COL1A2,EGFR only,2.9707469940185547
COL1A2,EGFR only,3.2914626598358154
COL1A2,EGFR only,2.020190715789795
COL1A2,EGFR only,0.0
COL1A2,EGFR only,0.0
COL1A2,EGFR only,2.5599992275238037
COL1A2,EGFR only,2.641936779022217
COL1A2,EGFR only,2.824178457260132
COL1A2,EGFR only,0.0
COL1A2,EGFR only,2.7437868118286133
COL1A2,EGFR only,2.3223328590393066
COL1A2,EGFR only,3.037724494934082
COL1A2,EGFR only,2.932666540145874
COL1A2,EGFR only,2.559849262237549
COL1A2,EGFR only,2.9577832221984863
COL1A2,EGFR only,0.0
COL1A2,EGFR only,2.1366329193115234
COL1A2,EGFR only,1.7903735637664795
COL1A2,EGFR only,3.49507474899292
COL1A2,EGFR only,2.4883413314819336
COL1A2,EGFR only,0.0
COL1A2,EGFR only,2.5339303016662598
COL1A2,EGFR only,2.5967929363250732
COL1A2,EGFR only,3.162097692489624
COL1A2,EGFR only,1.7425389289855957
COL1A2,EGFR only,2.323490858078003
COL1A2,EGFR only,0.0
COL1A2,EGFR only,2.286600351333618
COL1A2,EGFR only,3.206916332244873
COL1A2,EGFR only,0.0
COL1A2,EGFR only,0.0
COL1A2,EGFR only,2.3438024520874023
COL1A2,EGFR only,3.145153045654297
COL1A2,EGFR only,0.0
COL1A2,EGFR only,2.7415051460266113
COL1A2,EGFR only,2.2846834659576416
COL1A2,EGFR only,2.5712432861328125
COL1A2,EGFR only,2.5123722553253174
COL1A2,EGFR only,0.0
COL1A2,EGFR only,2.9969940185546875
COL1A2,EGFR only,2.6048552989959717
COL1A2,EGFR only,0.0
COL1A2,EGFR only,0.0
COL1A2,EGFR only,2.912936210632324
COL1A2,EGFR only,3.3056273460388184
COL1A2,EGFR only,1.7947224378585815
COL1A2,EGFR only,0.0
COL1A2,EGFR only,2.1027703285217285
COL1A2,EGFR only,0.0
COL1A2,EGFR only,2.1328847408294678
COL1A2,EGFR only,0.0
COL1A2,EGFR only,2.041043996810913
COL1A2,EGFR only,2.615790843963623
COL1A2,EGFR only,2.626499652862549
COL1A2,EGFR only,2.676274538040161
COL1A2,EGFR only,2.3185980319976807
COL1A2,EGFR only,2.666285991668701
COL1A2,EGFR only,0.0
COL1A2,EGFR only,2.9779767990112305
COL1A2,EGFR only,3.010608673095703
COL1A2,EGFR only,2.303072452545166
COL1A2,EGFR only,1.9542807340621948
COL1A2,EGFR only,2.6733999252319336
COL1A2,EGFR only,2.8482866287231445
COL1A2,EGFR only,0.0
COL1A2,EGFR only,2.409088373184204
COL1A2,EGFR only,0.0
COL1A2,EGFR only,1.685882568359375
COL1A2,EGFR only,2.1713578701019287
COL1A2,EGFR only,0.0
COL1A2,EGFR only,2.491961717605591
COL1A2,EGFR only,3.0529091358184814
COL1A2,EGFR only,2.7515459060668945
COL1A2,EGFR only,2.3773016929626465
COL1A2,EGFR only,2.4282734394073486
COL1A2,EGFR only,2.0075502395629883
COL1A2,EGFR only,2.0204293727874756
COL1A2,EGFR only,2.262484312057495
COL1A2,EGFR only,0.0
COL1A2,EGFR only,1.985382080078125
COL1A2,EGFR only,2.1538195610046387
COL1A2,EGFR only,3.1673202514648438
COL1A2,EGFR only,2.4364404678344727
COL1A2,EGFR only,2.3690857887268066
COL1A2,EGFR only,3.162384033203125
COL1A2,EGFR only,0.0
COL1A2,EGFR only,2.454535722732544
COL1A2,EGFR only,2.8991122245788574
COL1A2,EGFR only,1.6734459400177002
COL1A2,EGFR only,2.313178539276123
COL1A2,EGFR only,2.1144416332244873
COL1A2,EGFR only,2.983755111694336
COL1A2,EGFR only,2.419992208480835
COL1A2,EGFR only,3.0397257804870605
COL1A2,EGFR only,2.8895599842071533
COL1A2,EGFR only,2.431955099105835
COL1A2,EGFR only,0.0
COL1A2,EGFR only,2.7126986980438232
COL1A2,EGFR only,0.0
COL1A2,EGFR only,2.3710505962371826
COL1A2,EGFR only,0.0
COL1A2,EGFR only,2.3933539390563965
COL1A2,EGFR only,2.751267910003662
COL1A2,EGFR only,0.0
COL1A2,EGFR only,3.0309882164001465
COL1A2,EGFR only,2.004303455352783
COL1A2,EGFR only,2.115971803665161
COL1A2,EGFR only,2.5969972610473633
COL1A2,EGFR only,2.67053484916687
COL1A2,EGFR only,2.7301571369171143
COL1A2,EGFR only,0.0
COL1A2,EGFR only,2.7709298133850098
COL1A2,EGFR only,0.0
COL1A2,EGFR only,0.0
COL1A2,EGFR only,2.0290536880493164
COL1A2,EGFR only,2.199357748031616
COL1A2,EGFR only,0.0
COL1A2,EGFR only,0.0
COL1A2,EGFR only,2.675093412399292
COL1A2,EGFR only,3.169341802597046
COL1A2,EGFR only,0.0
COL1A2,EGFR only,2.9345920085906982
COL1A2,EGFR only,2.031595230102539
COL1A2,EGFR only,0.0
COL1A2,EGFR only,0.0
COL1A2,EGFR only,2.312504529953003
COL1A2,EGFR only,2.3136472702026367
COL1A2,EGFR only,2.4885222911834717
COL1A2,EGFR only,2.6361806392669678
COL1A2,EGFR only,2.920596122741699
COL1A2,EGFR only,2.5510077476501465
COL1A2,EGFR only,3.0133609771728516
COL1A2,EGFR only,3.1106297969818115
COL1A2,EGFR only,0.0
COL1A2,EGFR only,2.4097514152526855
COL1A2,EGFR only,2.4825246334075928
COL1A2,EGFR only,2.5955464839935303
COL1A2,EGFR only,2.4080464839935303
COL1A2,EGFR only,2.6621382236480713
COL1A2,EGFR only,2.5316107273101807
COL1A2,EGFR only,0.0
COL1A2,EGFR only,2.8391170501708984
COL1A2,EGFR only,0.0
COL1A2,EGFR only,0.0
COL1A2,EGFR only,2.6156630516052246
COL1A2,EGFR only,2.5092623233795166
COL1A2,EGFR only,3.448469400405884
COL1A2,EGFR only,2.679396152496338
COL1A2,EGFR only,2.440737724304199
COL1A2,EGFR only,2.651475667953491
COL1A2,EGFR only,2.762709617614746
COL1A2,EGFR only,2.055488348007202
COL1A2,EGFR only,2.6723577976226807
COL1A2,EGFR only,2.6170105934143066
COL1A2,EGFR only,0.0
COL1A2,EGFR only,0.0
COL1A2,EGFR only,2.672534704208374
COL1A2,EGFR only,2.4971718788146973
COL1A2,EGFR only,1.871583342552185
COL1A2,EGFR only,2.4883861541748047
COL1A2,EGFR only,2.4031131267547607
COL1A2,EGFR only,0.0
COL1A2,EGFR only,2.0587408542633057
COL1A2,EGFR only,3.3060600757598877
COL1A2,EGFR only,2.8143954277038574
COL1A2,EGFR only,2.5293073654174805
COL1A2,EGFR only,0.0
COL1A2,EGFR only,2.917410373687744
COL1A2,EGFR only,2.247873306274414
COL1A2,EGFR only,2.7572898864746094
COL1A2,EGFR only,0.0
COL1A2,EGFR only,0.0
COL1A2,EGFR only,3.2036049365997314
COL1A2,EGFR only,2.476950168609619
COL1A2,EGFR only,2.465700387954712
COL1A2,EGFR only,2.3981308937072754
COL1A2,EGFR only,2.698093891143799
COL1A2,EGFR only,2.655771255493164
COL1A2,EGFR only,0.0
COL1A2,EGFR only,2.777787685394287
COL1A2,EGFR only,0.0
COL1A2,EGFR only,2.9004600048065186
COL1A2,EGFR only,3.531367778778076
COL1A2,EGFR only,0.0
COL1A2,EGFR only,2.4090631008148193
COL1A2,EGFR only,3.043137550354004
COL1A2,EGFR only,3.344489812850952
COL1A2,EGFR only,2.576404333114624
COL1A2,EGFR only,2.6691360473632812
COL1A2,EGFR only,2.726658582687378
COL1A2,EGFR only,2.784214973449707
COL1A2,EGFR only,0.0
COL1A2,EGFR only,0.0
COL1A2,EGFR only,0.0
COL1A2,EGFR only,2.627734422683716
COL1A2,EGFR only,0.0
COL1A2,EGFR only,2.7797019481658936
COL1A2,EGFR only,2.1080265045166016
COL1A2,EGFR only,2.681776762008667
COL1A2,EGFR only,2.6956655979156494
COL1A2,EGFR only,2.506101608276367
COL1A2,EGFR only,2.507366895675659
COL1A2,EGFR only,2.77319598197937
COL1A2,EGFR only,2.550469160079956
COL1A2,EGFR only,3.1132235527038574
COL1A2,EGFR only,2.6116628646850586
COL1A2,EGFR only,2.4886653423309326
COL1A2,EGFR only,0.0
COL1A2,EGFR only,2.872040033340454
COL1A2,EGFR only,2.623033046722412
COL1A2,EGFR only,2.695291519165039
COL1A2,EGFR only,0.0
COL1A2,EGFR only,2.4219000339508057
COL1A2,EGFR only,3.1384735107421875
COL1A2,EGFR only,3.0732719898223877
COL1A2,EGFR only,3.310913324356079
COL1A2,EGFR only,2.76098370552063
COL1A2,EGFR only,0.0
COL1A2,EGFR only,2.792335271835327
COL1A2,EGFR only,3.1382546424865723
COL1A2,EGFR only,2.6471147537231445
COL1A2,EGFR only,2.6268317699432373
COL1A2,EGFR only,0.0
COL1A2,EGFR only,0.0
COL1A2,EGFR only,2.390558958053589
COL1A2,EGFR only,2.5933046340942383
COL1A2,EGFR only,2.459517002105713
COL1A2,EGFR only,0.0
COL1A2,EGFR only,2.66153883934021
COL1A2,EGFR only,1.962230920791626
COL1A2,EGFR only,0.0
COL1A2,EGFR only,2.4762210845947266
COL1A2,EGFR only,1.931076169013977
COL1A2,EGFR only,1.714678168296814
COL1A2,EGFR only,0.0
COL1A2,EGFR only,0.0
COL1A2,EGFR only,2.2950432300567627
COL1A2,EGFR only,0.0
COL1A2,EGFR only,2.16365385055542
COL1A2,EGFR only,2.042267322540283
COL1A2,EGFR only,0.0
COL1A2,EGFR only,2.53242564201355
COL1A2,EGFR only,1.6581417322158813
COL1A2,EGFR only,2.330354928970337
COL1A2,EGFR only,2.0815606117248535
COL1A2,EGFR only,2.3396475315093994
COL1A2,EGFR only,2.6964845657348633
COL1A2,EGFR only,2.646151304244995
COL1A2,EGFR only,3.013643741607666
COL1A2,EGFR only,2.2848453521728516
COL1A2,EGFR only,2.3723607063293457
COL1A2,EGFR only,2.233314037322998
COL1A2,EGFR only,2.507779836654663
COL1A2,EGFR only,2.358189582824707
COL1A2,EGFR only,0.0
COL1A2,EGFR only,2.9225246906280518
COL1A2,EGFR only,1.9515538215637207
COL1A2,EGFR only,3.035759925842285
COL1A2,EGFR only,2.2668159008026123
COL1A2,EGFR only,2.370013952255249
COL1A2,EGFR only,2.633774995803833
COL1A2,EGFR only,0.0
COL1A2,EGFR only,0.0
COL1A2,EGFR only,2.9145913124084473
COL1A2,EGFR only,2.389914035797119
COL1A2,EGFR only,2.4721992015838623
COL1A2,EGFR only,2.79658842086792
COL1A2,EGFR only,2.8142316341400146
COL1A2,EGFR only,2.1779160499572754
COL1A2,EGFR only,3.144697904586792
COL1A2,EGFR only,3.60101318359375
COL1A2,EGFR only,2.4456734657287598
COL1A2,EGFR only,2.490393877029419
COL1A2,EGFR only,0.0
COL1A2,EGFR only,3.0342752933502197
COL1A2,EGFR only,0.0
COL1A2,EGFR only,2.3004310131073
COL1A2,EGFR only,2.919548511505127
COL1A2,EGFR only,0.0
COL1A2,EGFR only,2.2638227939605713
COL1A2,EGFR only,2.7474305629730225
COL1A2,EGFR only,2.6144793033599854
COL1A2,EGFR only,0.0
COL1A2,EGFR only,2.1520566940307617
COL1A2,EGFR only,0.0
COL1A2,EGFR only,3.0136024951934814
COL1A2,EGFR only,2.6240127086639404
COL1A2,EGFR only,3.403648853302002
COL1A2,EGFR only,2.879699468612671
COL1A2,EGFR only,0.0
COL1A2,EGFR only,1.7171682119369507
COL1A2,EGFR only,1.7255367040634155
COL1A2,EGFR only,2.20745587348938
COL1A2,EGFR only,1.63712477684021
COL1A2,EGFR only,3.1906096935272217
COL1A2,EGFR only,0.0
COL1A2,EGFR only,2.575671434402466
COL1A2,EGFR only,2.575216770172119
COL1A2,EGFR only,0.0
COL1A2,EGFR only,2.5879364013671875
COL1A2,EGFR only,2.5094151496887207
COL1A2,EGFR only,2.984863042831421
COL1A2,EGFR only,2.196343183517456
COL1A2,EGFR only,0.0
COL1A2,EGFR only,0.0
COL1A2,EGFR only,0.0
COL1A2,EGFR only,0.0
COL1A2,EGFR only,2.6640493869781494
COL1A2,EGFR only,2.8151204586029053
COL1A2,EGFR only,2.230087995529175
COL1A2,EGFR only,2.9099135398864746
COL1A2,EGFR only,2.4651706218719482
COL1A2,EGFR only,2.6980950832366943
COL1A2,EGFR only,3.326178789138794
COL1A2,EGFR only,2.496192455291748
COL1A2,EGFR only,2.0061564445495605
COL1A2,EGFR only,2.7726902961730957
COL1A2,EGFR only,2.4382410049438477
COL1A2,EGFR only,2.7084977626800537
COL1A2,EGFR only,1.8420048952102661
COL1A2,EGFR only,2.918804168701172
COL1A2,EGFR only,2.704084873199463
COL1A2,EGFR only,0.0
COL1A2,EGFR only,2.6790528297424316
COL1A2,EGFR only,2.6205637454986572
COL1A2,EGFR only,2.5798392295837402
COL1A2,EGFR only,2.7108798027038574
COL1A2,EGFR only,1.8410810232162476
COL1A2,EGFR only,0.0
COL1A2,EGFR only,2.5770251750946045
COL1A2,EGFR only,2.496030330657959
COL1A2,EGFR only,2.2824645042419434
COL1A2,EGFR only,1.9990053176879883
COL1A2,EGFR only,2.750774383544922
COL1A2,EGFR only,2.176788806915283
COL1A2,EGFR only,0.0
COL1A2,EGFR only,2.4320385456085205
COL1A2,EGFR only,1.8952646255493164
COL1A2,EGFR only,2.879729747772217
COL1A2,EGFR only,2.3183631896972656
COL1A2,EGFR only,0.0
COL1A2,EGFR only,2.517350196838379
COL1A2,EGFR only,0.0
COL1A2,EGFR only,2.4231739044189453
COL1A2,EGFR only,2.386908531188965
COL1A2,EGFR only,0.0
COL1A2,EGFR only,2.668830156326294
COL1A2,EGFR only,3.0302984714508057
COL1A2,EGFR only,3.691169261932373
COL1A2,EGFR only,0.0
COL1A2,EGFR only,2.372359275817871
COL1A2,EGFR only,2.747252941131592
COL1A2,EGFR only,2.2248592376708984
COL1A2,EGFR only,0.0
COL1A2,EGFR only,2.7858705520629883
COL1A2,EGFR only,2.734935998916626
COL1A2,EGFR only,2.0553762912750244
COL1A2,EGFR only,2.168095111846924
COL1A2,EGFR only,0.0
COL1A2,EGFR only,2.15061354637146
COL1A2,EGFR only,0.0
COL1A2,EGFR only,0.0
COL1A2,EGFR only,2.5101828575134277
COL1A2,EGFR only,3.074268341064453
COL1A2,EGFR only,2.58949875831604
COL1A2,EGFR only,2.693859577178955
COL1A2,EGFR only,2.4602673053741455
COL1A2,EGFR only,0.0
COL1A2,EGFR only,0.0
COL1A2,EGFR only,2.3121111392974854
COL1A2,EGFR only,2.2861175537109375
COL1A2,EGFR only,2.875251054763794
COL1A2,EGFR only,3.5001423358917236
COL1A2,EGFR only,2.395336627960205
COL1A2,EGFR only,2.4434518814086914
COL1A2,EGFR only,2.721439838409424
COL1A2,EGFR only,2.989973545074463
COL1A2,EGFR only,0.0
COL1A2,EGFR only,2.0929815769195557
COL1A2,EGFR only,2.4764389991760254
COL1A2,EGFR only,0.0
COL1A2,EGFR only,2.2557384967803955
COL1A2,EGFR only,2.5665223598480225
COL1A2,EGFR only,2.69451904296875
COL1A2,EGFR only,2.2533676624298096
COL1A2,EGFR only,2.0163092613220215
COL1A2,EGFR only,2.4212088584899902
COL1A2,EGFR only,3.037036657333374
COL1A2,EGFR only,0.0
COL1A2,EGFR only,3.0056440830230713
COL1A2,EGFR only,2.304450273513794
COL1A2,EGFR only,1.3155293464660645
COL1A2,EGFR only,0.0
COL1A2,EGFR only,0.0
COL1A2,EGFR only,1.797999382019043
COL1A2,EGFR only,2.1977598667144775
COL1A2,EGFR only,0.0
COL1A2,EGFR only,0.0
COL1A2,EGFR only,2.6984550952911377
COL1A2,EGFR only,0.0
COL1A2,EGFR only,2.660590171813965
COL1A2,EGFR only,2.902923345565796
COL1A2,EGFR only,2.8998584747314453
COL1A2,EGFR only,3.454529047012329
COL1A2,EGFR only,0.0
COL1A2,EGFR only,3.078572988510132
COL1A2,EGFR only,1.8797293901443481
COL1A2,EGFR only,2.7570340633392334
COL1A2,EGFR only,2.1893796920776367
COL1A2,EGFR only,2.4759573936462402
COL1A2,EGFR only,2.25081729888916
COL1A2,EGFR only,3.1657156944274902
COL1A2,EGFR only,2.002349853515625
COL1A2,EGFR only,3.524468183517456
COL1A2,EGFR only,0.0
COL1A2,EGFR only,3.3334476947784424
COL1A2,EGFR only,3.339708089828491
COL1A2,EGFR only,2.2899937629699707
COL1A2,EGFR only,1.5253475904464722
COL1A2,EGFR only,1.6274561882019043
COL1A2,EGFR only,2.198291063308716
COL1A2,EGFR only,1.8763692378997803
COL1A2,EGFR only,2.009509563446045
COL1A2,EGFR only,2.516860008239746
COL1A2,EGFR only,2.7009637355804443
COL1A2,EGFR only,2.8732035160064697
COL1A2,EGFR only,3.2012341022491455
COL1A2,EGFR only,3.342172384262085
COL1A2,EGFR only,3.240593671798706
COL1A2,EGFR only,3.2620956897735596
COL1A2,EGFR only,3.5781891345977783
COL1A2,EGFR only,3.262026071548462
COL1A2,EGFR only,3.7362842559814453
COL1A2,EGFR only,2.511373519897461
COL1A2,EGFR only,0.0
COL1A2,EGFR only,0.0
COL1A2,EGFR only,0.0
COL1A2,EGFR only,2.084963083267212
COL1A2,EGFR only,1.7623507976531982
COL1A2,EGFR only,2.7812137603759766
COL1A2,EGFR only,3.14437198638916
COL1A2,EGFR only,2.3613319396972656
COL1A2,EGFR only,2.417572498321533
COL1A2,EGFR only,0.0
COL1A2,EGFR only,1.82358717918396
COL1A2,EGFR only,2.5045621395111084
COL1A2,EGFR only,0.0
COL1A2,EGFR only,3.061297655105591
COL1A2,EGFR only,3.4174487590789795
COL1A2,EGFR only,2.9972963333129883
COL1A2,EGFR only,3.0267727375030518
COL1A2,EGFR only,1.619531273841858
COL1A2,EGFR only,2.0007433891296387
COL1A2,EGFR only,2.7680108547210693
COL1A2,EGFR only,3.292018175125122
COL1A2,EGFR only,1.6494805812835693
COL1A2,EGFR only,2.9881253242492676
COL1A2,EGFR only,2.029003620147705
COL1A2,EGFR only,3.3407135009765625
COL1A2,EGFR only,2.7663867473602295
COL1A2,EGFR only,0.0
COL1A2,EGFR only,1.9975864887237549
COL1A2,EGFR only,3.402634620666504
COL1A2,EGFR only,2.842803716659546
COL1A2,EGFR only,3.400770902633667
COL1A2,EGFR only,3.6331567764282227
COL1A2,EGFR only,3.0339553356170654
COL1A2,EGFR only,3.0098180770874023
COL1A2,EGFR only,3.3961234092712402
COL1A2,EGFR only,3.1020219326019287
COL1A2,EGFR only,2.6728572845458984
COL1A2,EGFR only,2.67861008644104
COL1A2,EGFR only,2.3906588554382324
COL1A2,EGFR only,2.524799346923828
COL1A2,EGFR only,0.0
COL1A2,EGFR only,2.381711721420288
COL1A2,EGFR only,2.3444855213165283
COL1A2,EGFR only,2.348111391067505
COL1A2,EGFR only,3.2742180824279785
COL1A2,EGFR only,2.7044732570648193
COL1A2,EGFR only,2.617708683013916
COL1A2,EGFR only,2.293881416320801
COL1A2,EGFR only,3.0393409729003906
COL1A2,EGFR only,1.2326409816741943
COL1A2,EGFR only,2.3556301593780518
COL1A2,EGFR only,3.093738079071045
COL1A2,EGFR only,2.413719654083252
COL1A2,EGFR only,2.7497260570526123
COL1A2,EGFR only,0.0
COL1A2,EGFR only,3.0613749027252197
COL1A2,EGFR only,2.6124329566955566
COL1A2,EGFR only,3.5285274982452393
COL1A2,EGFR only,3.0996081829071045
COL1A2,EGFR only,0.0
COL1A2,EGFR only,2.963433027267456
COL1A2,EGFR only,3.032668113708496
COL1A2,EGFR only,2.0286829471588135
COL1A2,EGFR only,3.211196184158325
COL1A2,EGFR only,2.494222640991211
COL1A2,EGFR only,3.0204837322235107
COL1A2,EGFR only,3.05743145942688
COL1A2,EGFR only,3.039123058319092
COL1A2,EGFR only,3.4296562671661377
COL1A2,EGFR only,3.099515438079834
COL1A2,EGFR only,0.0
COL1A2,EGFR only,2.773677110671997
COL1A2,EGFR only,2.726764678955078
COL1A2,EGFR only,3.2548258304595947
COL1A2,EGFR only,2.9295477867126465
COL1A2,EGFR only,2.794642210006714
COL1A2,EGFR only,2.8363521099090576
COL1A2,EGFR only,2.769414186477661
COL1A2,EGFR only,2.7127697467803955
COL1A2,EGFR only,3.3463032245635986
COL1A2,EGFR only,3.1344399452209473
COL1A2,EGFR only,2.5030601024627686
COL1A2,EGFR only,3.2374067306518555
COL1A2,EGFR only,2.306778907775879
COL1A2,EGFR only,3.012932300567627
COL1A2,EGFR only,2.6930062770843506
COL1A2,EGFR only,2.7973618507385254
COL1A2,EGFR only,3.2388734817504883
COL1A2,EGFR only,2.318974256515503
COL1A2,EGFR only,1.8296953439712524
COL1A2,EGFR only,3.2269949913024902
COL1A2,EGFR only,3.1203064918518066
COL1A2,EGFR only,2.8606817722320557
COL1A2,EGFR only,1.9633409976959229
COL1A2,EGFR only,3.057021379470825
COL1A2,EGFR only,2.75178861618042
COL1A2,EGFR only,2.6216115951538086
COL1A2,EGFR only,3.2611165046691895
COL1A2,EGFR only,2.7982277870178223
COL1A2,EGFR only,3.2617404460906982
COL1A2,EGFR only,2.222086191177368
COL1A2,EGFR only,2.377514600753784
COL1A2,EGFR only,2.940033197402954
COL1A2,EGFR only,2.9592576026916504
COL1A2,EGFR only,3.1487083435058594
COL1A2,EGFR only,2.9882302284240723
COL1A2,EGFR only,0.0
COL1A2,EGFR only,3.0552196502685547
COL1A2,EGFR only,2.308046817779541
COL1A2,EGFR only,2.720360279083252
COL1A2,EGFR only,2.5198798179626465
COL1A2,EGFR only,2.073964834213257
COL1A2,EGFR only,3.3717384338378906
COL1A2,EGFR only,3.5093748569488525
COL1A2,EGFR only,2.7568113803863525
COL1A2,EGFR only,2.84324312210083
COL1A2,EGFR only,2.6161766052246094
COL1A2,EGFR only,0.0
COL1A2,EGFR only,3.157499313354492
COL1A2,EGFR only,3.091749668121338
COL1A2,EGFR only,2.4809083938598633
COL1A2,EGFR only,3.045903205871582
COL1A2,EGFR only,3.1215832233428955
COL1A2,EGFR only,3.523393392562866
COL1A2,EGFR only,3.1100714206695557
COL1A2,EGFR only,2.693326473236084
COL1A2,EGFR only,0.0
COL1A2,EGFR only,2.8797459602355957
COL1A2,EGFR only,2.672562837600708
COL1A2,EGFR only,3.176121234893799
COL1A2,EGFR only,2.5334205627441406
COL1A2,EGFR only,3.2100861072540283
COL1A2,EGFR only,0.0
COL1A2,EGFR only,2.780272960662842
COL1A2,EGFR only,3.019509792327881
COL1A2,EGFR only,2.8659534454345703
COL1A2,EGFR only,2.9220898151397705
COL1A2,EGFR only,3.004138469696045
COL1A2,EGFR only,2.6308064460754395
COL1A2,EGFR only,3.0205745697021484
COL1A2,EGFR only,2.517204761505127
COL1A2,EGFR only,2.9852912425994873
COL1A2,EGFR only,3.3859000205993652
COL1A2,EGFR only,1.7430015802383423
COL1A2,EGFR only,2.9670002460479736
COL1A2,EGFR only,2.7961156368255615
COL1A2,EGFR only,3.2495152950286865
COL1A2,EGFR only,3.0804717540740967
COL1A2,EGFR only,0.0
COL1A2,EGFR only,2.3922457695007324
COL1A2,EGFR only,2.5336053371429443
COL1A2,EGFR only,2.6246635913848877
COL1A2,EGFR only,0.0
COL1A2,EGFR only,2.2596120834350586
COL1A2,EGFR only,3.0137252807617188
COL1A2,EGFR only,2.9146625995635986
COL1A2,EGFR only,3.185981035232544
COL1A2,EGFR only,3.9077203273773193
COL1A2,EGFR only,2.8272664546966553
COL1A2,EGFR only,3.078429937362671
COL1A2,EGFR only,2.5316314697265625
COL1A2,EGFR only,2.3261566162109375
COL1A2,EGFR only,2.535011053085327
COL1A2,EGFR only,0.0
COL1A2,EGFR only,0.0
COL1A2,EGFR only,0.0
COL1A2,EGFR only,3.272151470184326
COL1A2,EGFR only,2.304257392883301
COL1A2,EGFR only,1.6117064952850342
COL1A2,EGFR only,2.455536365509033
COL1A2,EGFR only,3.3176279067993164
COL1A2,EGFR only,2.3743271827697754
COL1A2,EGFR only,3.195281744003296
COL1A2,EGFR only,3.385084867477417
COL1A2,EGFR only,2.583866596221924
COL1A2,EGFR only,0.0
COL1A2,EGFR only,3.1748132705688477
COL1A2,EGFR only,3.49428653717041
COL1A2,EGFR only,2.930795192718506
COL1A2,EGFR only,3.3023974895477295
COL1A2,EGFR only,2.377063512802124
COL1A2,EGFR only,2.630023956298828
COL1A2,EGFR only,3.126905918121338
COL1A2,EGFR only,2.9566307067871094
COL1A2,EGFR only,3.1515798568725586
COL1A2,EGFR only,2.723074436187744
COL1A2,EGFR only,2.7196667194366455
COL1A2,EGFR only,3.503934621810913
COL1A2,EGFR only,0.0
COL1A2,EGFR only,2.6286704540252686
COL1A2,EGFR only,2.3550994396209717
COL1A2,EGFR only,3.5301878452301025
COL1A2,EGFR only,2.068819761276245
COL1A2,EGFR only,3.0968875885009766
COL1A2,EGFR only,2.827606678009033
COL1A2,EGFR only,2.6400210857391357
COL1A2,EGFR only,0.0
COL1A2,EGFR only,3.023771286010742
COL1A2,EGFR only,3.0541388988494873
COL1A2,EGFR only,2.6324098110198975
COL1A2,EGFR only,2.6658267974853516
COL1A2,EGFR only,3.5482938289642334
COL1A2,EGFR only,2.869096279144287
COL1A2,EGFR only,3.2028379440307617
COL1A2,EGFR only,2.800825357437134
COL1A2,EGFR only,3.1466622352600098
COL1A2,EGFR only,3.184030055999756
COL1A2,EGFR only,2.8100719451904297
COL1A2,EGFR only,0.0
COL1A2,EGFR only,2.865098714828491
COL1A2,EGFR only,2.9329679012298584
COL1A2,EGFR only,3.103877544403076
COL1A2,EGFR only,3.239927053451538
COL1A2,EGFR only,3.1506426334381104
COL1A2,EGFR only,2.695063352584839
COL1A2,EGFR only,0.0
COL1A2,EGFR only,0.0
COL1A2,EGFR only,2.793753147125244
COL1A2,EGFR only,1.1874321699142456
COL1A2,EGFR only,0.0
COL1A2,EGFR only,3.0606915950775146
COL1A2,EGFR only,3.090437650680542
COL1A2,EGFR only,1.9223688840866089
COL1A2,EGFR only,2.3567240238189697
COL1A2,EGFR only,3.2921297550201416
COL1A2,EGFR only,0.0
COL1A2,EGFR only,2.9139492511749268
COL1A2,EGFR only,1.9735487699508667
COL1A2,EGFR only,0.0
COL1A2,EGFR only,2.364182949066162
COL1A2,EGFR only,2.9221205711364746
COL1A2,EGFR only,3.7357449531555176
COL1A2,EGFR only,2.499039649963379
COL1A2,EGFR only,3.7679977416992188
COL1A2,EGFR only,3.3098721504211426
COL1A2,EGFR only,2.3726978302001953
COL1A2,EGFR only,0.0
COL1A2,EGFR only,0.0
COL1A2,EGFR only,0.0
COL1A2,EGFR only,2.702075958251953
COL1A2,EGFR only,3.45024037361145
COL1A2,EGFR only,3.262733221054077
COL1A2,EGFR only,3.3842058181762695
COL1A2,EGFR only,2.8415961265563965
COL1A2,EGFR only,3.334078550338745
COL1A2,EGFR only,0.0
COL1A2,EGFR only,0.0
COL1A2,EGFR only,2.7883989810943604
COL1A2,EGFR only,3.305485963821411
COL1A2,EGFR only,1.620322585105896
COL1A2,EGFR only,1.6449991464614868
COL1A2,EGFR only,3.1752021312713623
COL1A2,EGFR only,0.0
COL1A2,EGFR only,0.0
COL1A2,EGFR only,1.3038650751113892
COL1A2,EGFR only,0.0
COL1A2,EGFR only,0.0
COL1A2,EGFR only,0.0
COL1A2,EGFR only,3.533975839614868
COL1A2,EGFR only,3.265564441680908
COL1A2,EGFR only,0.0
COL1A2,EGFR only,2.583930253982544
COL1A2,EGFR only,1.7476571798324585
COL1A2,EGFR only,3.491838216781616
COL1A2,EGFR only,3.5189390182495117
COL1A2,EGFR only,3.409250020980835
COL1A2,EGFR only,0.0
COL1A2,EGFR only,2.402228355407715
COL1A2,EGFR only,3.469001054763794
COL1A2,EGFR only,2.8525145053863525
COL1A2,EGFR only,2.3750433921813965
COL1A2,EGFR only,0.0
COL1A2,EGFR only,0.0
COL1A2,EGFR only,0.0
COL1A2,EGFR only,2.217782497406006
COL1A2,EGFR only,1.7829337120056152
COL1A2,EGFR only,3.0596959590911865
COL1A2,EGFR only,2.712280035018921
COL1A2,EGFR only,2.7867932319641113
COL1A2,EGFR only,3.322772264480591
COL1A2,EGFR only,0.0
COL1A2,EGFR only,3.494785785675049
COL1A2,EGFR only,3.4302656650543213
COL1A2,EGFR only,0.0
COL1A2,EGFR only,2.0382232666015625
COL1A2,EGFR only,0.0
COL1A2,EGFR only,3.4708213806152344
COL1A2,EGFR only,1.2400617599487305
COL1A2,EGFR only,3.3133041858673096
COL1A2,EGFR only,2.804248094558716
COL1A2,EGFR only,0.0
COL1A2,EGFR only,0.0
COL1A2,EGFR only,0.0
COL1A2,EGFR only,0.0
COL1A2,EGFR only,0.0
COL1A2,EGFR only,3.0200388431549072
COL1A2,EGFR only,0.0
COL1A2,EGFR only,0.0
COL1A2,EGFR only,2.606182098388672
COL1A2,EGFR only,0.0
COL1A2,EGFR only,0.0
COL1A2,EGFR only,0.0
COL1A2,EGFR only,0.0
COL1A2,EGFR only,1.6635351181030273
COL1A2,EGFR only,0.0
COL1A2,EGFR only,2.0529251098632812
COL1A2,EGFR only,0.0
COL1A2,EGFR only,0.0
COL1A2,EGFR only,2.396169662475586
COL1A2,EGFR only,0.0
COL1A2,EGFR only,0.0
COL1A2,EGFR only,0.0
COL1A2,EGFR only,0.0
COL1A2,EGFR only,3.1500155925750732
COL1A2,EGFR only,2.9940662384033203
COL1A2,EGFR only,3.2949917316436768
COL1A2,EGFR only,3.349066734313965
COL1A2,EGFR only,3.4624931812286377
COL1A2,EGFR only,3.344696283340454
COL1A2,EGFR only,3.116919994354248
COL1A2,EGFR only,3.4221129417419434
COL1A2,EGFR only,1.8447198867797852
COL1A2,EGFR only,3.062427282333374
COL1A2,EGFR only,2.2120895385742188
COL1A2,EGFR only,2.6119656562805176
COL1A2,EGFR only,3.0842080116271973
COL1A2,EGFR only,3.4218475818634033
COL1A2,EGFR only,3.333428144454956
COL1A2,EGFR only,3.0597434043884277
COL1A2,EGFR only,3.3909265995025635
COL1A2,EGFR only,3.1416945457458496
COL1A2,EGFR only,3.47894287109375
COL1A2,EGFR only,2.7833683490753174
COL1A2,EGFR only,3.1555182933807373
COL1A2,EGFR only,2.469959259033203
COL1A2,EGFR only,3.2733190059661865
COL1A2,EGFR only,3.1266441345214844
COL1A2,EGFR only,3.3434970378875732
COL1A2,EGFR only,2.936579704284668
COL1A2,EGFR only,3.20959734916687
COL1A2,EGFR only,3.3840272426605225
COL1A2,EGFR only,3.062716484069824
COL1A2,EGFR only,3.427102565765381
COL1A2,EGFR only,3.144589900970459
COL1A2,EGFR only,2.6375975608825684
COL1A2,EGFR only,0.0
COL1A2,EGFR only,2.8565897941589355
COL1A2,EGFR only,3.4125828742980957
COL1A2,EGFR only,3.583845615386963
COL1A2,EGFR only,2.5077524185180664
COL1A2,EGFR only,0.0
COL1A2,EGFR only,2.5800867080688477
COL1A2,EGFR only,2.9959704875946045
COL1A2,EGFR only,3.4030468463897705
COL1A2,EGFR only,3.0138580799102783
COL1A2,EGFR only,2.9256813526153564
COL1A2,EGFR only,3.5321044921875
COL1A2,EGFR only,3.155967950820923
COL1A2,EGFR only,3.649792194366455
COL1A2,EGFR only,2.74895977973938
COL1A2,EGFR only,3.4289824962615967
COL1A2,EGFR only,3.5215978622436523
COL1A2,EGFR only,3.3133270740509033
COL1A2,EGFR only,3.4145894050598145
COL1A2,EGFR only,3.0797412395477295
COL1A2,EGFR only,3.2499382495880127
COL1A2,EGFR only,3.603254795074463
COL1A2,EGFR only,3.423372268676758
COL1A2,EGFR only,3.1616058349609375
COL1A2,EGFR only,3.0151848793029785
COL1A2,EGFR only,3.46454119682312
COL1A2,EGFR only,3.2838895320892334
COL1A2,EGFR only,3.694918632507324
COL1A2,EGFR only,3.45719838142395
COL1A2,EGFR only,2.605275869369507
COL1A2,EGFR only,3.2147789001464844
COL1A2,EGFR only,3.5191574096679688
COL1A2,EGFR only,3.473019599914551
COL1A2,EGFR only,2.9016335010528564
COL1A2,EGFR only,3.3079190254211426
COL1A2,EGFR only,3.4190244674682617
COL1A2,EGFR only,3.0115694999694824
COL1A2,EGFR only,3.168912410736084
COL1A2,EGFR only,3.857895612716675
COL1A2,EGFR only,3.465205669403076
COL1A2,EGFR only,3.67653226852417
COL1A2,EGFR only,3.847841739654541
COL1A2,EGFR only,4.0861592292785645
COL1A2,EGFR only,3.597418785095215
COL1A2,EGFR only,3.533210515975952
COL1A2,EGFR only,3.1370882987976074
COL1A2,EGFR only,3.0524377822875977
COL1A2,EGFR only,3.249068260192871
COL1A2,EGFR only,3.44474458694458
COL1A2,EGFR only,3.3403573036193848
COL1A2,EGFR only,2.655068874359131
COL1A2,EGFR only,0.0
COL1A2,EGFR only,3.006406307220459
COL1A2,EGFR only,0.0
COL1A2,EGFR only,2.0086662769317627
COL1A2,EGFR only,2.485839366912842
COL1A2,EGFR only,2.709994316101074
COL1A2,EGFR only,2.610875368118286
COL1A2,EGFR only,1.666357159614563
COL1A2,EGFR only,2.3158676624298096
COL1A2,EGFR only,1.812208890914917
COL1A2,EGFR only,2.9582679271698
COL1A2,EGFR only,2.7657382488250732
COL1A2,EGFR only,3.2904717922210693
COL1A2,EGFR only,3.217700958251953
COL1A2,EGFR only,0.0
COL1A2,EGFR only,0.0
COL1A2,EGFR only,0.0
COL1A2,EGFR only,3.3286662101745605
COL1A2,EGFR only,3.1516826152801514
COL1A2,EGFR only,3.1065123081207275
COL1A2,EGFR only,3.2388484477996826
COL1A2,EGFR only,3.270392417907715
COL1A2,EGFR only,3.3137924671173096
COL1A2,EGFR only,3.3894805908203125
COL1A2,EGFR only,3.097799777984619
COL1A2,EGFR only,3.0491318702697754
COL1A2,EGFR only,3.077563524246216
COL1A2,EGFR only,3.383103370666504
COL1A2,EGFR only,3.168027877807617
COL1A2,EGFR only,3.2772936820983887
COL1A2,EGFR only,2.9039158821105957
COL1A2,EGFR only,2.944984197616577
COL1A2,EGFR only,3.162804126739502
COL1A2,EGFR only,3.009765148162842
COL1A2,EGFR only,3.2914583683013916
COL1A2,EGFR only,3.5695769786834717
COL1A2,EGFR only,3.2793402671813965
COL1A2,EGFR only,3.073479652404785
COL1A2,EGFR only,3.123375177383423
COL1A2,EGFR only,3.2461678981781006
COL1A2,EGFR only,3.2269740104675293
COL1A2,EGFR only,3.104832172393799
COL1A2,EGFR only,2.848803997039795
COL1A2,EGFR only,3.161513328552246
COL1A2,EGFR only,3.0620336532592773
COL1A2,EGFR only,2.990131378173828
COL1A2,EGFR only,3.2025821208953857
COL1A2,EGFR only,3.095508575439453
COL1A2,EGFR only,3.0797805786132812
COL1A2,EGFR only,2.612961530685425
COL1A2,EGFR only,3.1618785858154297
COL1A2,EGFR only,2.7709906101226807
COL1A2,EGFR only,2.9200971126556396
COL1A2,EGFR only,2.701753616333008
COL1A2,EGFR only,2.5307133197784424
COL1A2,EGFR only,2.484464645385742
COL1A2,EGFR only,2.665008783340454
COL1A2,EGFR only,2.713667631149292
COL1A2,EGFR only,2.9327890872955322
COL1A2,EGFR only,2.215258836746216
COL1A2,EGFR only,2.734752655029297
COL1A2,EGFR only,2.907688856124878
COL1A2,EGFR only,3.0680348873138428
COL1A2,EGFR only,2.573185443878174
COL1A2,EGFR only,2.5346803665161133
COL1A2,EGFR only,2.7188515663146973
COL1A2,EGFR only,2.491088390350342
COL1A2,EGFR only,3.0395495891571045
COL1A2,EGFR only,1.9839810132980347
COL1A2,EGFR only,2.831632137298584
COL1A2,EGFR only,2.2600624561309814
COL1A2,EGFR only,2.5291008949279785
COL1A2,EGFR only,2.813673496246338
COL1A2,EGFR only,2.5553953647613525
COL1A2,EGFR only,2.670243978500366
COL1A2,EGFR only,1.942488193511963
COL1A2,EGFR only,2.8188111782073975
COL1A2,EGFR only,2.7952911853790283
COL1A2,EGFR only,2.871397018432617
COL1A2,EGFR only,2.577188491821289
COL1A2,EGFR only,2.1948812007904053
COL1A2,EGFR only,2.619339942932129
COL1A2,EGFR only,1.9264092445373535
COL1A2,EGFR only,2.663546562194824
COL1A2,EGFR only,2.7905242443084717
COL1A2,EGFR only,2.710566520690918
COL1A2,EGFR only,0.0
COL1A2,EGFR only,1.8285253047943115
COL1A2,EGFR only,3.068970203399658
COL1A2,EGFR only,0.0
COL1A2,EGFR only,2.8025693893432617
COL1A2,EGFR only,2.7265520095825195
COL1A2,EGFR only,1.827117919921875
COL1A2,EGFR only,2.3277177810668945
COL1A2,EGFR only,2.133031129837036
COL1A2,EGFR only,2.3778164386749268
COL1A2,EGFR only,2.042475700378418
COL1A2,EGFR only,1.9256762266159058
COL1A2,EGFR only,2.6688499450683594
COL1A2,EGFR only,2.892390251159668
COL1A2,EGFR only,3.002479076385498
COL1A2,EGFR only,2.804811716079712
COL1A2,EGFR only,2.1902265548706055
COL1A2,EGFR only,2.638115644454956
COL1A2,EGFR only,3.2604079246520996
COL1A2,EGFR only,3.4768028259277344
COL1A2,EGFR only,2.6876585483551025
COL1A2,EGFR only,2.4480648040771484
COL1A2,EGFR only,2.6558079719543457
COL1A2,EGFR only,2.8307859897613525
COL1A2,EGFR only,3.0606725215911865
COL1A2,EGFR only,3.1148295402526855
COL1A2,EGFR only,2.906691074371338
COL1A2,EGFR only,3.274118185043335
COL1A2,EGFR only,3.086674213409424
COL1A2,EGFR only,2.867412567138672
COL1A2,EGFR only,3.558772087097168
COL1A2,EGFR only,2.900131940841675
COL1A2,EGFR only,2.968735456466675
COL1A2,EGFR only,2.8559677600860596
COL1A2,EGFR only,2.7128982543945312
COL1A2,EGFR only,2.8058884143829346
COL1A2,EGFR only,3.314040422439575
COL1A2,EGFR only,2.3379387855529785
COL1A2,EGFR only,2.7430291175842285
COL1A2,EGFR only,3.2958037853240967
COL1A2,EGFR only,3.0397067070007324
COL1A2,EGFR only,1.818221092224121
COL1A2,EGFR only,3.130042791366577
COL1A2,EGFR only,2.9348506927490234
COL1A2,EGFR only,2.658208131790161
COL1A2,EGFR only,3.2484283447265625
COL1A2,EGFR only,3.1171605587005615
COL1A2,EGFR only,2.7146553993225098
COL1A2,EGFR only,2.624962091445923
COL1A2,EGFR only,2.85721492767334
COL1A2,EGFR only,2.829862594604492
COL1A2,EGFR only,2.275970935821533
COL1A2,EGFR only,2.5451366901397705
COL1A2,EGFR only,3.420865297317505
COL1A2,EGFR only,2.6629183292388916
COL1A2,EGFR only,2.6393251419067383
COL1A2,EGFR only,3.4392929077148438
COL1A2,EGFR only,3.2081868648529053
COL1A2,EGFR only,2.683466672897339
COL1A2,EGFR only,2.736968755722046
COL1A2,EGFR only,2.8743581771850586
COL1A2,EGFR only,2.8006482124328613
COL1A2,EGFR only,2.8965280055999756
COL1A2,EGFR only,2.7882978916168213
COL1A2,EGFR only,3.276466131210327
COL1A2,EGFR only,2.709399461746216
COL1A2,EGFR only,3.4088172912597656
COL1A2,EGFR only,3.005138635635376
COL1A2,EGFR only,3.242420196533203
COL1A2,EGFR only,2.942857265472412
COL1A2,EGFR only,2.0385501384735107
COL1A2,EGFR only,3.3181920051574707
COL1A2,EGFR only,3.09875750541687
COL1A2,EGFR only,3.049591302871704
COL1A2,EGFR only,3.0393528938293457
COL1A2,EGFR only,2.415558338165283
COL1A2,EGFR only,3.145270586013794
COL1A2,EGFR only,3.221623182296753
COL1A2,EGFR only,2.799278974533081
COL1A2,EGFR only,2.7768352031707764
COL1A2,EGFR only,3.397698163986206
COL1A2,EGFR only,3.0951242446899414
COL1A2,EGFR only,3.0167572498321533
COL1A2,EGFR only,2.84049391746521
COL1A2,EGFR only,3.1934781074523926
COL1A2,EGFR only,3.014232635498047
COL1A2,EGFR only,3.0141470432281494
COL1A2,EGFR only,2.6874372959136963
COL1A2,EGFR only,3.6074209213256836
COL1A2,EGFR only,2.443875312805176
COL1A2,EGFR only,2.6375110149383545
COL1A2,EGFR only,3.32041335105896
COL1A2,EGFR only,3.0130789279937744
COL1A2,EGFR only,2.9023337364196777
COL1A2,EGFR only,3.0606956481933594
COL1A2,EGFR only,2.682478427886963
COL1A2,EGFR only,2.895683765411377
COL1A2,EGFR only,2.760469436645508
COL1A2,EGFR only,3.024095058441162
COL1A2,EGFR only,3.192934513092041
COL1A2,EGFR only,3.226555347442627
COL1A2,EGFR only,3.200486421585083
COL1A2,EGFR only,3.327636480331421
COL1A2,EGFR only,3.0854690074920654
COL1A2,EGFR only,3.150817394256592
COL1A2,EGFR only,3.4462087154388428
COL1A2,EGFR only,2.8805582523345947
COL1A2,EGFR only,3.295025110244751
COL1A2,EGFR only,3.129946708679199
COL1A2,EGFR only,3.1962552070617676
COL1A2,EGFR only,3.705660343170166
COL1A2,EGFR only,2.8668031692504883
COL1A2,EGFR only,3.84663987159729
COL1A2,EGFR only,3.179386854171753
COL1A2,EGFR only,3.3438360691070557
COL1A2,EGFR only,2.8306660652160645
COL1A2,EGFR only,2.951605796813965
COL1A2,EGFR only,3.167847156524658
COL1A2,EGFR only,3.5131847858428955
COL1A2,EGFR only,4.043513774871826
COL1A2,EGFR only,3.2837698459625244
COL1A2,EGFR only,3.0749120712280273
COL1A2,EGFR only,2.934278726577759
COL1A2,EGFR only,3.243332862854004
COL1A2,EGFR only,3.4079768657684326
COL1A2,EGFR only,3.0638327598571777
COL1A2,EGFR only,3.256180763244629
COL1A2,EGFR only,3.5967254638671875
COL1A2,EGFR only,3.614978313446045
COL1A2,EGFR only,3.356057643890381
COL1A2,EGFR only,3.1685125827789307
COL1A2,EGFR only,2.765389919281006
COL1A2,EGFR only,3.184957265853882
COL1A2,EGFR only,3.214895248413086
COL1A2,EGFR only,2.7616660594940186
COL1A2,EGFR only,3.517408609390259
COL1A2,EGFR only,3.0781819820404053
COL1A2,EGFR only,3.169985055923462
COL1A2,EGFR only,3.352189540863037
COL1A2,EGFR only,3.433189868927002
COL1A2,EGFR only,3.3614115715026855
COL1A2,EGFR only,2.7881886959075928
COL1A2,EGFR only,3.1966629028320312
COL1A2,EGFR only,2.9380548000335693
COL1A2,EGFR only,3.396437168121338
COL1A2,EGFR only,2.844680070877075
COL1A2,EGFR only,3.1852710247039795
COL1A2,EGFR only,3.166753053665161
COL1A2,EGFR only,3.2853500843048096
COL1A2,EGFR only,3.1239655017852783
COL1A2,EGFR only,2.9697508811950684
COL1A2,EGFR only,3.4296681880950928
COL1A2,EGFR only,3.2463457584381104
COL1A2,EGFR only,3.433180809020996
COL1A2,EGFR only,3.152815341949463
COL1A2,EGFR only,3.1541337966918945
COL1A2,EGFR only,3.2454566955566406
COL1A2,EGFR only,3.377065896987915
COL1A2,EGFR only,3.497681140899658
COL1A2,EGFR only,3.227414608001709
COL1A2,EGFR only,3.413984537124634
COL1A2,EGFR only,3.159794330596924
COL1A2,EGFR only,3.5247650146484375
COL1A2,EGFR only,2.8985159397125244
COL1A2,EGFR only,3.0750997066497803
COL1A2,EGFR only,2.956070899963379
COL1A2,EGFR only,3.2934136390686035
COL1A2,EGFR only,2.982729434967041
COL1A2,EGFR only,3.110751152038574
COL1A2,EGFR only,3.267958879470825
COL1A2,EGFR only,3.2189340591430664
COL1A2,EGFR only,3.1239378452301025
COL1A2,EGFR only,3.3975131511688232
COL1A2,EGFR only,3.1939916610717773
COL1A2,EGFR only,3.245865821838379
COL1A2,EGFR only,3.2158451080322266
COL1A2,EGFR only,3.2135696411132812
COL1A2,EGFR only,2.649394989013672
COL1A2,EGFR only,3.273559093475342
COL1A2,EGFR only,3.275601625442505
COL1A2,EGFR only,3.2436416149139404
COL1A2,EGFR only,3.177184820175171
COL1A2,EGFR only,3.3849728107452393
COL1A2,EGFR only,2.6155312061309814
COL1A2,EGFR only,2.6106173992156982
COL1A2,EGFR only,2.15431547164917
COL1A2,EGFR only,2.304518938064575
COL1A2,EGFR only,2.4533443450927734
COL1A2,EGFR only,2.703068971633911
COL1A2,EGFR only,2.916654586791992
COL1A2,EGFR only,2.924105405807495
COL1A2,EGFR only,2.4314029216766357
COL1A2,EGFR only,2.518428325653076
COL1A2,EGFR only,3.141417980194092
COL1A2,EGFR only,2.276404619216919
COL1A2,EGFR only,2.512984275817871
COL1A2,EGFR only,2.44303035736084
COL1A2,EGFR only,2.607229709625244
COL1A2,EGFR only,2.5009162425994873
COL1A2,EGFR only,2.8817620277404785
COL1A2,EGFR only,2.102360248565674
COL1A2,EGFR only,2.198714017868042
COL1A2,EGFR only,2.3112106323242188
COL1A2,EGFR only,3.189681053161621
COL1A2,EGFR only,2.3464646339416504
COL1A2,EGFR only,2.257671356201172
COL1A2,EGFR only,2.6123218536376953
COL1A2,EGFR only,2.0708131790161133
COL1A2,EGFR only,2.787583589553833
COL1A2,EGFR only,2.3918609619140625
COL1A2,EGFR only,2.8247318267822266
COL1A2,EGFR only,2.493443012237549
COL1A2,EGFR only,2.4341745376586914
COL1A2,EGFR only,2.9066712856292725
COL1A2,EGFR only,2.928030252456665
COL1A2,EGFR only,2.3877859115600586
COL1A2,EGFR only,3.0209689140319824
COL1A2,EGFR only,2.9014837741851807
COL1A2,EGFR only,2.6400251388549805
COL1A2,EGFR only,2.8810958862304688
COL1A2,EGFR only,2.810350179672241
COL1A2,EGFR only,2.4862241744995117
COL1A2,EGFR only,2.7401561737060547
COL1A2,EGFR only,2.91806697845459
COL1A2,EGFR only,0.0
COL1A2,EGFR only,2.6070384979248047
COL1A2,EGFR only,2.533486843109131
COL1A2,EGFR only,2.795553207397461
COL1A2,EGFR only,2.3779823780059814
COL1A2,EGFR only,2.700585126876831
COL1A2,EGFR only,3.084540843963623
COL1A2,EGFR only,2.8565611839294434
COL1A2,EGFR only,2.613723039627075
COL1A2,EGFR only,2.5708985328674316
COL1A2,EGFR only,0.0
COL1A2,EGFR only,2.9042580127716064
COL1A2,EGFR only,2.0089023113250732
COL1A2,EGFR only,2.5847606658935547
COL1A2,EGFR only,2.3572490215301514
COL1A2,EGFR only,2.8340299129486084
COL1A2,EGFR only,2.730448007583618
COL1A2,EGFR only,2.870239496231079
COL1A2,EGFR only,2.5660274028778076
COL1A2,EGFR only,2.689741849899292
COL1A2,EGFR only,2.842740535736084
COL1A2,EGFR only,2.781947135925293
COL1A2,EGFR only,2.7768232822418213
COL1A2,EGFR only,2.3911490440368652
COL1A2,EGFR only,2.1218252182006836
COL1A2,EGFR only,2.7029240131378174
COL1A2,EGFR only,2.8248047828674316
COL1A2,EGFR only,2.8767800331115723
COL1A2,EGFR only,2.9441781044006348
COL1A2,EGFR only,2.681802749633789
COL1A2,EGFR only,2.0559213161468506
COL1A2,EGFR only,2.2160515785217285
COL1A2,EGFR only,2.4842841625213623
COL1A2,EGFR only,2.7566518783569336
COL1A2,EGFR only,2.1663832664489746
COL1A2,EGFR only,2.11934232711792
COL1A2,EGFR only,1.940966010093689
COL1A2,EGFR only,2.0973730087280273
COL1A2,EGFR only,2.2659168243408203
COL1A2,EGFR only,2.0376975536346436
COL1A2,EGFR only,2.586839437484741
COL1A2,EGFR only,2.2033751010894775
COL1A2,EGFR only,2.551664352416992
COL1A2,EGFR only,2.7532401084899902
COL1A2,EGFR only,2.2777490615844727
COL1A2,EGFR only,2.5831122398376465
COL1A2,EGFR only,2.6545705795288086
COL1A2,EGFR only,1.191211223602295
COL1A2,EGFR only,2.419482707977295
COL1A2,EGFR only,2.406540632247925
COL1A2,EGFR only,2.2954845428466797
COL1A2,EGFR only,2.3980066776275635
COL1A2,EGFR only,2.0801050662994385
COL1A2,EGFR only,2.3373844623565674
COL1A2,EGFR only,2.0573954582214355
COL1A2,EGFR only,2.4977476596832275
COL1A2,EGFR only,2.611255645751953
COL1A2,EGFR only,1.7419991493225098
COL1A2,EGFR only,2.216806411743164
COL1A2,EGFR only,2.427316665649414
COL1A2,EGFR only,2.458893060684204
COL1A2,EGFR only,1.6557151079177856
COL1A2,EGFR only,1.8642066717147827
COL1A2,EGFR only,2.115784168243408
COL1A2,EGFR only,2.2299299240112305
COL1A2,EGFR only,2.577690362930298
COL1A2,EGFR only,2.474078893661499
COL1A2,EGFR only,2.2254223823547363
COL1A2,EGFR only,2.5327365398406982
COL1A2,EGFR only,2.280505895614624
COL1A2,EGFR only,2.5302915573120117
COL1A2,EGFR only,2.5715038776397705
COL1A2,EGFR only,2.3342108726501465
COL1A2,EGFR only,2.3868565559387207
COL1A2,EGFR only,2.5116357803344727
COL1A2,EGFR only,2.683136224746704
COL1A2,EGFR only,2.397038221359253
COL1A2,EGFR only,2.1491403579711914
COL1A2,EGFR only,2.117000102996826
COL1A2,EGFR only,2.415508508682251
COL1A2,EGFR only,2.1245572566986084
COL1A2,EGFR only,2.679840087890625
COL1A2,EGFR only,2.324838876724243
COL1A2,EGFR only,1.836692452430725
COL1A2,EGFR only,2.7425074577331543
COL1A2,EGFR only,2.3753745555877686
COL1A2,EGFR only,2.5339324474334717
COL1A2,EGFR only,2.4047558307647705
COL1A2,EGFR only,2.2797021865844727
COL1A2,EGFR only,2.1189701557159424
COL1A2,EGFR only,2.253357172012329
COL1A2,EGFR only,2.6804723739624023
COL1A2,EGFR only,2.311469793319702
COL1A2,EGFR only,2.2311196327209473
COL1A2,EGFR only,2.517427921295166
COL1A2,EGFR only,2.1057803630828857
COL1A2,EGFR only,2.4928948879241943
COL1A2,EGFR only,2.5738792419433594
COL1A2,EGFR only,1.9823731184005737
COL1A2,EGFR only,2.5882277488708496
COL1A2,EGFR only,2.318305492401123
COL1A2,EGFR only,1.115818977355957
COL1A2,EGFR only,0.0
COL1A2,EGFR only,1.327398419380188
COL1A2,EGFR only,2.3707079887390137
COL1A2,EGFR only,2.981426954269409
COL1A2,EGFR only,2.5288264751434326
COL1A2,EGFR only,2.815709352493286
COL1A2,EGFR only,2.5221900939941406
COL1A2,EGFR only,2.498260259628296
COL1A2,EGFR only,2.789606809616089
COL1A2,EGFR only,1.7915118932724
COL1A2,EGFR only,3.8638663291931152
COL1A2,EGFR only,2.963366746902466
COL1A2,EGFR only,3.229470729827881
COL1A2,EGFR only,0.7097486257553101
COL1A2,EGFR only,2.942958354949951
COL1A2,EGFR only,1.2084450721740723
COL1A2,EGFR only,4.098018646240234
COL1A2,EGFR only,3.2308835983276367
COL1A2,EGFR only,3.049342393875122
COL1A2,EGFR only,0.0
COL1A2,EGFR only,3.046252727508545
COL1A2,EGFR only,3.269929885864258
COL1A2,EGFR only,1.8423067331314087
COL1A2,EGFR only,2.437502145767212
COL1A2,EGFR only,0.0
COL1A2,EGFR only,1.9714645147323608
COL1A2,EGFR only,3.182340621948242
COL1A2,EGFR only,2.9777650833129883
COL1A2,EGFR only,2.976749897003174
COL1A2,EGFR only,0.43270114064216614
COL1A2,EGFR only,0.020686263218522072
COL1A2,EGFR only,3.0639665126800537
COL1A2,EGFR only,2.733226776123047
COL1A2,EGFR only,3.036090135574341
COL1A2,EGFR only,1.8047677278518677
COL1A2,EGFR only,2.0185272693634033
COL1A2,EGFR only,3.473545789718628
COL1A2,EGFR only,0.0
COL1A2,EGFR only,2.859459161758423
COL1A2,EGFR only,0.0
COL1A2,EGFR only,2.308526039123535
COL1A2,EGFR only,2.978773832321167
COL1A2,EGFR only,2.060115098953247
COL1A2,EGFR only,1.837200403213501
COL1A2,EGFR only,2.9565372467041016
COL1A2,EGFR only,0.4245394766330719
COL1A2,EGFR only,3.2399895191192627
COL1A2,EGFR only,1.800223708152771
COL1A2,EGFR only,2.86556339263916
COL1A2,EGFR only,3.12449312210083
COL1A2,EGFR only,3.4519081115722656
COL1A2,EGFR only,3.5110344886779785
COL1A2,EGFR only,0.0
COL1A2,EGFR only,2.8761959075927734
COL1A2,EGFR only,1.3503470420837402
COL1A2,EGFR only,0.0
COL1A2,EGFR only,0.9558688402175903
COL1A2,EGFR only,2.7967441082000732
COL1A2,EGFR only,3.2335867881774902
COL1A2,EGFR only,2.1901044845581055
COL1A2,EGFR only,2.3494014739990234
COL1A2,EGFR only,2.1819467544555664
COL1A2,EGFR only,1.6220874786376953
COL1A2,EGFR only,2.7949295043945312
COL1A2,EGFR only,2.766441583633423
COL1A2,EGFR only,0.0
COL1A2,EGFR only,2.465459108352661
COL1A2,EGFR only,2.3179924488067627
COL1A2,EGFR only,1.6666733026504517
COL1A2,EGFR only,3.257483959197998
COL1A2,EGFR only,3.2311954498291016
COL1A2,EGFR only,3.0841331481933594
COL1A2,EGFR only,3.310633659362793
COL1A2,EGFR only,0.0
COL1A2,EGFR only,3.203336238861084
COL1A2,EGFR only,1.2366570234298706
COL1A2,EGFR only,0.5108094215393066
COL1A2,EGFR only,0.5445863008499146
COL1A2,EGFR only,2.159560441970825
COL1A2,EGFR only,2.924610137939453
COL1A2,EGFR only,3.3555471897125244
COL1A2,EGFR only,3.510377883911133
COL1A2,EGFR only,2.5071449279785156
COL1A2,EGFR only,3.1891493797302246
COL1A2,EGFR only,2.3718695640563965
COL1A2,EGFR only,2.5947132110595703
COL1A2,EGFR only,1.3726204633712769
COL1A2,EGFR only,0.0
COL1A2,EGFR only,2.4255542755126953
COL1A2,EGFR only,3.480886459350586
COL1A2,EGFR only,3.00457501411438
COL1A2,EGFR only,1.3371106386184692
COL1A2,EGFR only,2.648613929748535
COL1A2,EGFR only,3.106065034866333
COL1A2,EGFR only,0.026308849453926086
COL1A2,EGFR only,3.077695608139038
COL1A2,EGFR only,2.087848663330078
COL1A2,EGFR only,0.2720494866371155
COL1A2,EGFR only,0.0
COL1A2,EGFR only,0.0
COL1A2,EGFR only,3.4205353260040283
COL1A2,EGFR only,1.5103803873062134
COL1A2,EGFR only,0.0
COL1A2,EGFR only,2.5103092193603516
COL1A2,EGFR only,2.594099283218384
COL1A2,EGFR only,2.1418349742889404
COL1A2,EGFR only,3.2774596214294434
COL1A2,EGFR only,2.4867818355560303
COL1A2,EGFR only,2.5349462032318115
COL1A2,EGFR only,2.888838529586792
COL1A2,EGFR only,0.0
COL1A2,EGFR only,0.0
COL1A2,EGFR only,1.7797703742980957
COL1A2,EGFR only,2.0945920944213867
COL1A2,EGFR only,3.2526957988739014
COL1A2,EGFR only,3.2027950286865234
COL1A2,EGFR only,3.095736026763916
COL1A2,EGFR only,2.893306016921997
COL1A2,EGFR only,0.0
COL1A2,EGFR only,2.5634922981262207
COL1A2,EGFR only,2.4429359436035156
COL1A2,EGFR only,2.6977219581604004
COL1A2,EGFR only,2.0582005977630615
COL1A2,EGFR only,2.542825937271118
COL1A2,EGFR only,2.835019111633301
COL1A2,EGFR only,1.0900789499282837
COL1A2,EGFR only,2.3365414142608643
COL1A2,EGFR only,1.972773551940918
COL1A2,EGFR only,1.5826927423477173
COL1A2,EGFR only,1.4788835048675537
COL1A2,EGFR only,1.4084882736206055
COL1A2,EGFR only,2.0713729858398438
COL1A2,EGFR only,2.5364201068878174
COL1A2,EGFR only,2.459092617034912
COL1A2,EGFR only,2.2641348838806152
COL1A2,EGFR only,2.346587896347046
COL1A2,EGFR only,1.3029930591583252
COL1A2,EGFR only,3.1457715034484863
COL1A2,EGFR only,2.513676404953003
COL1A2,EGFR only,2.0170979499816895
COL1A2,EGFR only,1.712926983833313
COL1A2,EGFR only,2.0957541465759277
COL1A2,EGFR only,2.2538468837738037
COL1A2,EGFR only,2.2052950859069824
COL1A2,EGFR only,0.9563446044921875
COL1A2,EGFR only,1.8851737976074219
COL1A2,EGFR only,2.439823627471924
COL1A2,EGFR only,2.0860061645507812
COL1A2,EGFR only,1.2232303619384766
COL1A2,EGFR only,2.970339298248291
COL1A2,EGFR only,2.4973320960998535
COL1A2,EGFR only,2.2328810691833496
COL1A2,EGFR only,0.8867732286453247
COL1A2,EGFR only,1.8542304039001465
COL1A2,EGFR only,1.9229501485824585
COL1A2,EGFR only,0.8804401159286499
COL1A2,EGFR only,2.1321113109588623
COL1A2,EGFR only,2.314216375350952
COL1A2,EGFR only,3.4069066047668457
COL1A2,EGFR only,3.2448067665100098
COL1A2,EGFR only,3.2965219020843506
COL1A2,EGFR only,3.6700453758239746
COL1A2,EGFR only,3.668168544769287
COL1A2,EGFR only,0.0
COL1A2,EGFR only,0.0
COL1A2,EGFR only,2.977705240249634
COL1A2,EGFR only,3.2873263359069824
COL1A2,EGFR only,3.3042843341827393
COL1A2,EGFR only,3.533769369125366
COL1A2,EGFR only,3.301628351211548
COL1A2,EGFR only,3.612659454345703
COL1A2,EGFR only,2.8820712566375732
COL1A2,EGFR only,3.4611268043518066
COL1A2,EGFR only,3.4170854091644287
COL1A2,EGFR only,3.5358126163482666
COL1A2,EGFR only,3.3629422187805176
COL1A2,EGFR only,3.330118179321289
COL1A2,EGFR only,3.675090789794922
COL1A2,EGFR only,3.511868953704834
COL1A2,EGFR only,3.455156087875366
COL1A2,EGFR only,3.528024435043335
COL1A2,EGFR only,3.678584575653076
COL1A2,EGFR only,3.5554158687591553
COL1A2,EGFR only,3.708662271499634
COL1A2,EGFR only,3.5325868129730225
COL1A2,EGFR only,3.493303060531616
COL1A2,EGFR only,3.523664951324463
COL1A2,EGFR only,3.6880178451538086
COL1A2,EGFR only,3.5639631748199463
COL1A2,EGFR only,3.72969913482666
COL1A2,EGFR only,3.598867893218994
COL1A2,EGFR only,3.7200605869293213
COL1A2,EGFR only,3.576906442642212
COL1A2,EGFR only,3.7445828914642334
COL1A2,EGFR only,3.5699939727783203
COL1A2,EGFR only,3.692406415939331
COL1A2,EGFR only,3.6965255737304688
COL1A2,EGFR only,3.5469727516174316
COL1A2,EGFR only,3.647005796432495
COL1A2,EGFR only,3.658332586288452
COL1A2,EGFR only,3.4826278686523438
COL1A2,EGFR only,3.43660569190979
COL1A2,EGFR only,3.631826400756836
COL1A2,EGFR only,3.598771095275879
COL1A2,EGFR only,3.756368637084961
COL1A2,EGFR only,3.86306095123291
COL1A2,EGFR only,3.787496566772461
COL1A2,EGFR only,3.7646093368530273
COL1A2,EGFR only,3.1599717140197754
COL1A2,EGFR only,3.7222952842712402
COL1A2,EGFR only,3.6604104042053223
COL1A2,EGFR only,3.735579013824463
COL1A2,EGFR only,3.806096315383911
COL1A2,EGFR only,3.6317992210388184
COL1A2,EGFR only,3.5924744606018066
COL1A2,EGFR only,3.565384864807129
COL1A2,EGFR only,3.2214643955230713
COL1A2,EGFR only,3.660115957260132
COL1A2,EGFR only,3.5207879543304443
COL1A2,EGFR only,3.4601006507873535
COL1A2,EGFR only,3.726294755935669
COL1A2,EGFR only,3.5658750534057617
COL1A2,EGFR only,3.339864730834961
COL1A2,EGFR only,3.7797577381134033
COL1A2,EGFR only,3.393756628036499
COL1A2,EGFR only,3.481900930404663
COL1A2,EGFR only,2.8691282272338867
COL1A2,EGFR only,2.814204454421997
COL1A2,EGFR only,2.764296293258667
COL1A2,EGFR only,0.9586981534957886
COL1A2,EGFR only,2.5777108669281006
COL1A2,EGFR only,2.6902015209198
COL1A2,EGFR only,0.0
COL1A2,EGFR only,2.4444005489349365
COL1A2,EGFR only,2.4883511066436768
COL1A2,EGFR only,2.787520408630371
COL1A2,EGFR only,1.1290881633758545
COL1A2,EGFR only,2.5606653690338135
COL1A2,EGFR only,2.4119536876678467
COL1A2,EGFR only,2.309461832046509
COL1A2,EGFR only,3.2758350372314453
COL1A2,EGFR only,2.6739866733551025
COL1A2,EGFR only,2.706826686859131
COL1A2,EGFR only,2.4279773235321045
COL1A2,EGFR only,2.4589176177978516
COL1A2,EGFR only,2.7325053215026855
COL1A2,EGFR only,2.402979612350464
COL1A2,EGFR only,2.6920065879821777
COL1A2,EGFR only,2.7392845153808594
COL1A2,EGFR only,2.731874942779541
COL1A2,EGFR only,2.6410391330718994
COL1A2,EGFR only,2.5857107639312744
COL1A2,EGFR only,2.7614240646362305
COL1A2,EGFR only,2.519561529159546
COL1A2,EGFR only,2.7579545974731445
COL1A2,EGFR only,2.3311920166015625
COL1A2,EGFR only,2.5386064052581787
COL1A2,EGFR only,2.877072811126709
COL1A2,EGFR only,2.5449914932250977
COL1A2,EGFR only,3.01554536819458
COL1A2,EGFR only,2.821152925491333
COL1A2,EGFR only,2.822345018386841
COL1A2,EGFR only,2.853848695755005
COL1A2,EGFR only,2.6105456352233887
COL1A2,EGFR only,2.765547513961792
COL1A2,EGFR only,2.1213510036468506
COL1A2,EGFR only,1.8361362218856812
COL1A2,EGFR only,1.503460168838501
COL1A2,EGFR only,2.0929465293884277
COL1A2,EGFR only,2.354839563369751
COL1A2,EGFR only,1.9259908199310303
COL1A2,EGFR only,2.212322950363159
COL1A2,EGFR only,2.8642818927764893
COL1A2,EGFR only,2.455923318862915
COL1A2,EGFR only,2.8958075046539307
COL1A2,EGFR only,1.7719875574111938
COL1A2,EGFR only,2.3640542030334473
COL1A2,EGFR only,2.393328905105591
COL1A2,EGFR only,2.6265861988067627
COL1A2,EGFR only,2.5240345001220703
COL1A2,EGFR only,2.5684657096862793
COL1A2,EGFR only,2.042893409729004
COL1A2,EGFR only,2.1602840423583984
COL1A2,EGFR only,2.785625457763672
COL1A2,EGFR only,2.9570159912109375
COL1A2,EGFR only,2.8389406204223633
COL1A2,EGFR only,2.853358507156372
COL1A2,EGFR only,2.453064441680908
COL1A2,EGFR only,2.8119893074035645
COL1A2,EGFR only,3.1385443210601807
COL1A2,EGFR only,2.495059013366699
COL1A2,EGFR only,2.4604098796844482
COL1A2,EGFR only,2.1304030418395996
COL1A2,EGFR only,2.854562282562256
COL1A2,EGFR only,2.5218687057495117
COL1A2,EGFR only,2.7072291374206543
COL1A2,EGFR only,2.410061836242676
COL1A2,EGFR only,2.4375758171081543
COL1A2,EGFR only,2.671788215637207
COL1A2,EGFR only,2.8016631603240967
COL1A2,EGFR only,3.068617820739746
COL1A2,EGFR only,2.4888806343078613
COL1A2,EGFR only,2.91591739654541
COL1A2,EGFR only,2.9296250343322754
COL1A2,EGFR only,1.632583737373352
COL1A2,EGFR only,2.3985188007354736
COL1A2,EGFR only,0.0
COL1A2,EGFR only,2.888394355773926
COL1A2,EGFR only,2.7906579971313477
COL1A2,EGFR only,2.671945571899414
COL1A2,EGFR only,1.6017277240753174
COL1A2,EGFR only,2.1123640537261963
COL1A2,EGFR only,2.5736658573150635
COL1A2,EGFR only,2.804502487182617
COL1A2,EGFR only,2.7200608253479004
COL1A2,EGFR only,2.9915270805358887
COL1A2,EGFR only,2.521096706390381
COL1A2,EGFR only,2.3768649101257324
COL1A2,EGFR only,2.1074225902557373
COL1A2,EGFR only,2.453857183456421
COL1A2,EGFR only,1.7564716339111328
COL1A2,EGFR only,2.848209857940674
COL1A2,EGFR only,2.622781276702881
COL1A2,EGFR only,3.0316476821899414
COL1A2,EGFR only,2.7587451934814453
COL1A2,EGFR only,2.849895715713501
COL1A2,EGFR only,2.2718968391418457
COL1A2,EGFR only,0.0
COL1A2,EGFR only,2.8671915531158447
COL1A2,EGFR only,2.9182302951812744
COL1A2,EGFR only,2.753812789916992
COL1A2,EGFR only,0.0
COL1A2,EGFR only,2.9228649139404297
COL1A2,EGFR only,2.074965000152588
COL1A2,EGFR only,1.867233157157898
COL1A2,EGFR only,3.0337512493133545
COL1A2,EGFR only,2.861130475997925
COL1A2,EGFR only,2.3121511936187744
COL1A2,EGFR only,2.7054569721221924
COL1A2,EGFR only,2.99123477935791
COL1A2,EGFR only,1.86673903465271
COL1A2,EGFR only,2.8423149585723877
COL1A2,EGFR only,2.8282470703125
COL1A2,EGFR only,2.775010347366333
COL1A2,EGFR only,3.1418206691741943
COL1A2,EGFR only,2.994659900665283
COL1A2,EGFR only,2.65944504737854
COL1A2,EGFR only,2.9280502796173096
COL1A2,EGFR only,2.9323387145996094
COL1A2,EGFR only,2.3534603118896484
COL1A2,EGFR only,2.987245559692383
COL1A2,EGFR only,3.1311182975769043
COL1A2,EGFR only,2.760026216506958
COL1A2,EGFR only,2.794644594192505
COL1A2,EGFR only,2.8017828464508057
COL1A2,EGFR only,0.0
COL1A2,EGFR only,2.6556479930877686
COL1A2,EGFR only,1.7673225402832031
COL1A2,EGFR only,2.739140748977661
COL1A2,EGFR only,2.9437716007232666
COL1A2,EGFR only,2.74172043800354
COL1A2,EGFR only,2.7256665229797363
COL1A2,EGFR only,2.808642625808716
COL1A2,EGFR only,2.837864398956299
COL1A2,EGFR only,2.417210340499878
COL1A2,EGFR only,2.783257484436035
COL1A2,EGFR only,2.8847005367279053
COL1A2,EGFR only,2.9517054557800293
COL1A2,EGFR only,2.9834344387054443
COL1A2,EGFR only,2.680346965789795
COL1A2,EGFR only,2.8990297317504883
COL1A2,EGFR only,0.0
COL1A2,EGFR only,2.5293304920196533
COL1A2,EGFR only,2.8499090671539307
COL1A2,EGFR only,2.2314505577087402
COL1A2,EGFR only,2.525789976119995
COL1A2,EGFR only,2.799666166305542
COL1A2,EGFR only,2.344395637512207
COL1A2,EGFR only,3.0270681381225586
COL1A2,EGFR only,2.7907164096832275
COL1A2,EGFR only,2.994009017944336
COL1A2,EGFR only,2.8176558017730713
COL1A2,EGFR only,2.545707941055298
COL1A2,EGFR only,2.6812946796417236
COL1A2,EGFR only,3.093012809753418
COL1A2,EGFR only,2.85410475730896
COL1A2,EGFR only,2.8850767612457275
COL1A2,EGFR only,2.7685110569000244
COL1A2,EGFR only,2.8816306591033936
COL1A2,EGFR only,3.0470752716064453
COL1A2,EGFR only,0.0
COL1A2,EGFR only,2.5713367462158203
COL1A2,EGFR only,2.3089759349823
COL1A2,EGFR only,2.228515863418579
COL1A2,EGFR only,2.8653388023376465
COL1A2,EGFR only,2.8598897457122803
COL1A2,EGFR only,2.7685253620147705
COL1A2,EGFR only,2.8160383701324463
COL1A2,EGFR only,2.675804376602173
COL1A2,EGFR only,2.667090892791748
COL1A2,EGFR only,2.3523108959198
COL1A2,EGFR only,3.2406082153320312
COL1A2,EGFR only,2.7333567142486572
COL1A2,EGFR only,2.569035053253174
COL1A2,EGFR only,3.086911916732788
COL1A2,EGFR only,1.8300837278366089
COL1A2,EGFR only,2.2433676719665527
COL1A2,EGFR only,3.0290279388427734
COL1A2,EGFR only,2.5638880729675293
COL1A2,EGFR only,2.9604640007019043
COL1A2,EGFR only,2.8355233669281006
COL1A2,EGFR only,2.9808130264282227
COL1A2,EGFR only,3.1499059200286865
COL1A2,EGFR only,2.1803998947143555
COL1A2,EGFR only,2.695065498352051
COL1A2,EGFR only,2.686084508895874
COL1A2,EGFR only,2.622248411178589
COL1A2,EGFR only,2.2990944385528564
COL1A2,EGFR only,3.0954644680023193
COL1A2,EGFR only,2.448117733001709
COL1A2,EGFR only,2.718179225921631
COL1A2,EGFR only,2.3262901306152344
COL1A2,EGFR only,1.8953953981399536
COL1A2,EGFR only,0.0
COL1A2,EGFR only,2.4944186210632324
COL1A2,EGFR only,3.2060387134552
COL1A2,EGFR only,2.1178832054138184
COL1A2,EGFR only,2.000002384185791
COL1A2,EGFR only,2.141439437866211
COL1A2,EGFR only,2.5645105838775635
COL1A2,EGFR only,2.7187442779541016
COL1A2,EGFR only,2.8716626167297363
COL1A2,EGFR only,2.3524270057678223
COL1A2,EGFR only,2.114105463027954
COL1A2,EGFR only,2.691300630569458
COL1A2,EGFR only,3.010352849960327
COL1A2,EGFR only,2.831305742263794
COL1A2,EGFR only,2.8615479469299316
COL1A2,EGFR only,3.0812554359436035
COL1A2,EGFR only,2.570767641067505
COL1A2,EGFR only,2.6196863651275635
COL1A2,EGFR only,2.0987422466278076
COL1A2,EGFR only,2.116870641708374
COL1A2,EGFR only,2.8202695846557617
COL1A2,EGFR only,1.9720457792282104
COL1A2,EGFR only,2.408784866333008
COL1A2,EGFR only,2.7717173099517822
COL1A2,EGFR only,2.741300582885742
COL1A2,EGFR only,2.1017189025878906
COL1A2,EGFR only,2.522144317626953
COL1A2,EGFR only,0.0
COL1A2,EGFR only,2.955775499343872
COL1A2,EGFR only,2.3939552307128906
COL1A2,EGFR only,2.3596158027648926
COL1A2,EGFR only,2.7153842449188232
COL1A2,EGFR only,0.0
COL1A2,EGFR only,2.04573392868042
COL1A2,EGFR only,2.1195590496063232
COL1A2,EGFR only,3.0300238132476807
COL1A2,EGFR only,2.219261407852173
COL1A2,EGFR only,2.31036114692688
COL1A2,EGFR only,2.5072460174560547
COL1A2,EGFR only,2.566655158996582
COL1A2,EGFR only,2.9498190879821777
COL1A2,EGFR only,0.0
COL1A2,EGFR only,2.42677640914917
COL1A2,EGFR only,3.15340518951416
COL1A2,EGFR only,2.555213212966919
COL1A2,EGFR only,2.1240932941436768
COL1A2,EGFR only,2.873424768447876
COL1A2,EGFR only,2.672534227371216
COL1A2,EGFR only,3.104802370071411
COL1A2,EGFR only,3.0308070182800293
COL1A2,EGFR only,2.9856653213500977
COL1A2,EGFR only,3.020160436630249
COL1A2,EGFR only,3.017068386077881
COL1A2,EGFR only,2.079738140106201
COL1A2,EGFR only,3.1002516746520996
COL1A2,EGFR only,3.075303316116333
COL1A2,EGFR only,3.241657018661499
COL1A2,EGFR only,2.46960711479187
COL1A2,EGFR only,2.4905455112457275
COL1A2,EGFR only,2.8269472122192383
COL1A2,EGFR only,2.5774552822113037
COL1A2,EGFR only,0.0
COL1A2,EGFR only,2.4210267066955566
COL1A2,EGFR only,3.279792308807373
COL1A2,EGFR only,2.9186851978302
COL1A2,EGFR only,2.1903669834136963
COL1A2,EGFR only,2.581939697265625
COL1A2,EGFR only,2.7704708576202393
COL1A2,EGFR only,3.0860366821289062
COL1A2,EGFR only,3.107534646987915
COL1A2,EGFR only,2.5415444374084473
COL1A2,EGFR only,2.700497627258301
COL1A2,EGFR only,3.1084940433502197
COL1A2,EGFR only,2.7579548358917236
COL1A2,EGFR only,0.0
COL1A2,EGFR only,2.192232608795166
COL1A2,EGFR only,2.5754642486572266
COL1A2,EGFR only,2.13628888130188
COL1A2,EGFR only,2.7655866146087646
COL1A2,EGFR only,3.0371580123901367
COL1A2,EGFR only,2.9362759590148926
COL1A2,EGFR only,2.4530608654022217
COL1A2,EGFR only,2.2927744388580322
COL1A2,EGFR only,3.2299423217773438
COL1A2,EGFR only,0.0
COL1A2,EGFR only,3.1722280979156494
COL1A2,EGFR only,2.911048650741577
COL1A2,EGFR only,3.0135180950164795
COL1A2,EGFR only,2.1382076740264893
COL1A2,EGFR only,2.5951430797576904
COL1A2,EGFR only,2.3341689109802246
COL1A2,EGFR only,0.0
COL1A2,EGFR only,3.1435837745666504
COL1A2,EGFR only,2.26731538772583
COL1A2,EGFR only,2.562811851501465
COL1A2,EGFR only,3.07883882522583
COL1A2,EGFR only,3.032381772994995
COL1A2,EGFR only,2.243699073791504
COL1A2,EGFR only,2.4182662963867188
COL1A2,EGFR only,2.5918571949005127
COL1A2,EGFR only,3.1847352981567383
COL1A2,EGFR only,2.6787216663360596
COL1A2,EGFR only,3.108708381652832
COL1A2,EGFR only,2.9714643955230713
COL1A2,EGFR only,2.2899510860443115
COL1A2,EGFR only,2.2414820194244385
COL1A2,EGFR only,2.8600823879241943
COL1A2,EGFR only,3.146439790725708
COL1A2,EGFR only,3.1050291061401367
COL1A2,EGFR only,2.638021230697632
COL1A2,EGFR only,2.2334749698638916
COL1A2,EGFR only,2.592837333679199
COL1A2,EGFR only,2.9115021228790283
COL1A2,EGFR only,2.4803850650787354
COL1A2,EGFR only,0.0
COL1A2,EGFR only,2.5795719623565674
COL1A2,EGFR only,3.0986194610595703
COL1A2,EGFR only,2.739922285079956
COL1A2,EGFR only,2.6007256507873535
COL1A2,EGFR only,2.345188617706299
COL1A2,EGFR only,3.0986533164978027
COL1A2,EGFR only,0.0
COL1A2,EGFR only,0.0
COL1A2,EGFR only,0.0
COL1A2,EGFR only,2.417404890060425
COL1A2,EGFR only,2.8763628005981445
COL1A2,EGFR only,3.0597918033599854
COL1A2,EGFR only,2.2747061252593994
COL1A2,EGFR only,0.0
COL1A2,EGFR only,2.456874370574951
COL1A2,EGFR only,2.9043405055999756
COL1A2,EGFR only,2.185865879058838
COL1A2,EGFR only,3.530535936355591
COL1A2,EGFR only,2.9051289558410645
COL1A2,EGFR only,2.819981336593628
COL1A2,EGFR only,2.824676752090454
COL1A2,EGFR only,3.0857152938842773
COL1A2,EGFR only,2.9274773597717285
COL1A2,EGFR only,3.0297999382019043
COL1A2,EGFR only,2.97074556350708
COL1A2,EGFR only,3.2803537845611572
COL1A2,EGFR only,0.0
COL1A2,EGFR only,3.355647325515747
COL1A2,EGFR only,2.9003214836120605
COL1A2,EGFR only,0.0
COL1A2,EGFR only,2.968984365463257
COL1A2,EGFR only,3.045410633087158
COL1A2,EGFR only,0.0
COL1A2,EGFR only,2.5320167541503906
COL1A2,EGFR only,2.4929275512695312
COL1A2,EGFR only,3.014364242553711
COL1A2,EGFR only,0.0
COL1A2,EGFR only,3.3288755416870117
COL1A2,EGFR only,0.0
COL1A2,EGFR only,2.5133886337280273
COL1A2,EGFR only,2.7829267978668213
COL1A2,EGFR only,3.16986083984375
COL1A2,EGFR only,3.1389646530151367
COL1A2,EGFR only,3.2804977893829346
COL1A2,EGFR only,3.1708343029022217
COL1A2,EGFR only,3.242875576019287
COL1A2,EGFR only,3.577760696411133
COL1A2,EGFR only,3.6198532581329346
COL1A2,EGFR only,3.324301242828369
COL1A2,EGFR only,3.506269693374634
COL1A2,EGFR only,3.710097312927246
COL1A2,EGFR only,3.6939187049865723
COL1A2,EGFR only,3.4185221195220947
COL1A2,EGFR only,3.2933974266052246
COL1A2,EGFR only,3.348552942276001
COL1A2,EGFR only,3.6090030670166016
COL1A2,EGFR only,3.3997623920440674
COL1A2,EGFR only,3.1580429077148438
COL1A2,EGFR only,3.7174031734466553
COL1A2,EGFR only,3.131235361099243
COL1A2,EGFR only,3.499521255493164
COL1A2,EGFR only,3.566312313079834
COL1A2,EGFR only,3.4187750816345215
COL1A2,EGFR only,3.7430338859558105
COL1A2,EGFR only,3.7948622703552246
COL1A2,EGFR only,3.3706979751586914
COL1A2,EGFR only,3.576463222503662
COL1A2,EGFR only,3.4419143199920654
COL1A2,EGFR only,3.509411096572876
COL1A2,EGFR only,3.516528606414795
COL1A2,EGFR only,3.555281162261963
COL1A2,EGFR only,3.5451035499572754
COL1A2,EGFR only,3.8886687755584717
COL1A2,EGFR only,0.0
COL1A2,EGFR only,3.6023786067962646
COL1A2,EGFR only,3.7671422958374023
COL1A2,EGFR only,0.0
COL1A2,EGFR only,3.9535300731658936
COL1A2,EGFR only,3.753411293029785
COL1A2,EGFR only,3.131802558898926
COL1A2,EGFR only,3.7366464138031006
COL1A2,EGFR only,0.0
COL1A2,EGFR only,3.9033379554748535
COL1A2,EGFR only,3.491668939590454
COL1A2,EGFR only,3.687265634536743
COL1A2,EGFR only,3.60135817527771
COL1A2,EGFR only,0.0
COL1A2,EGFR only,2.67340350151062
COL1A2,EGFR only,4.113667011260986
COL1A2,EGFR only,3.331185817718506
COL1A2,EGFR only,3.365208864212036
COL1A2,EGFR only,2.762716293334961
COL1A2,EGFR only,3.135984420776367
COL1A2,EGFR only,3.6416823863983154
COL1A2,EGFR only,2.718325614929199
COL1A2,EGFR only,2.2063374519348145
COL1A2,EGFR only,3.8386542797088623
COL1A2,EGFR only,3.1658523082733154
COL1A2,EGFR only,3.6021878719329834
COL1A2,EGFR only,4.0677642822265625
COL1A2,EGFR only,3.8432726860046387
COL1A2,EGFR only,3.770833730697632
COL1A2,EGFR only,3.3486156463623047
COL1A2,EGFR only,3.4540674686431885
COL1A2,EGFR only,3.8605244159698486
COL1A2,EGFR only,3.4775466918945312
COL1A2,Both,2.2539355754852295
COL1A2,Both,2.6638290882110596
COL1A2,Both,1.8649382591247559
COL1A2,Both,1.0893652439117432
COL1A2,Both,1.924699306488037
COL1A2,Both,0.0
COL1A2,Both,0.0
COL1A2,Both,2.1780202388763428
COL1A2,Both,2.828707218170166
COL1A2,Both,2.4253103733062744
COL1A2,Both,0.0
COL1A2,Both,3.2343649864196777
COL1A2,Both,5.338021755218506
COL1A2,Both,3.6586053371429443
COL1A2,Both,5.145933628082275
COL1A2,Both,3.515470504760742
COL1A2,Both,1.9820798635482788
COL1A2,Both,2.7752881050109863
COL1A2,Both,3.045215368270874
COL1A2,Both,3.860405445098877
COL1A2,Both,3.1625523567199707
COL1A2,Both,2.9135239124298096
COL1A2,Both,4.262372970581055
COL1A2,Both,2.714984178543091
COL1A2,Both,2.586352586746216
COL1A2,Both,5.034645080566406
COL1A2,Both,3.5673727989196777
COL1A2,Both,2.851050853729248
COL1A2,Both,3.4023165702819824
COL1A2,Both,2.6369242668151855
COL1A2,Both,4.0100860595703125
COL1A2,Both,3.881040334701538
COL1A2,Both,3.8281524181365967
COL1A2,Both,2.920969009399414
COL1A2,Both,3.8089706897735596
COL1A2,Both,5.769344806671143
COL1A2,Both,2.987316608428955
COL1A2,Both,1.211326003074646
COL1A2,Both,2.039429187774658
COL1A2,Both,2.5309817790985107
COL1A2,Both,2.936934471130371
COL1A2,Both,2.5310251712799072
COL1A2,Both,2.4018285274505615
COL1A2,Both,0.0
COL1A2,Both,2.632584571838379
COL1A2,Both,1.821114182472229
COL1A2,Both,2.373727321624756
COL1A2,Both,2.4397459030151367
COL1A2,Both,2.536259412765503
COL1A2,Both,2.4863667488098145
COL1A2,Both,2.654387950897217
COL1A2,Both,2.1854019165039062
COL1A2,Both,3.360276937484741
COL1A2,Both,2.4199280738830566
COL1A2,Both,0.0
COL1A2,Both,2.56756854057312
COL1A2,Both,2.4602444171905518
COL1A2,Both,2.476363182067871
COL1A2,Both,0.0
COL1A2,Both,1.9951014518737793
COL1A2,Both,2.0433876514434814
COL1A2,Both,2.1108336448669434
COL1A2,Both,2.415512800216675
COL1A2,Both,2.73500919342041
COL1A2,Both,1.9816389083862305
COL1A2,Both,2.4288206100463867
COL1A2,Both,2.378591775894165
COL1A2,Both,2.7163991928100586
COL1A2,Both,2.2147533893585205
COL1A2,Both,2.4380624294281006
COL1A2,Both,2.2030506134033203
COL1A2,Both,2.3482859134674072
COL1A2,Both,2.4179298877716064
COL1A2,Both,1.7417712211608887
COL1A2,Both,2.1102685928344727
COL1A2,Both,1.8906519412994385
COL1A2,Both,0.0
COL1A2,Both,1.9991905689239502
COL1A2,Both,0.0
COL1A2,Both,2.7670462131500244
COL1A2,Both,2.863341808319092
COL1A2,Both,2.1978533267974854
COL1A2,Both,1.836347222328186
COL1A2,Both,1.8074955940246582
COL1A2,Both,2.559356927871704
COL1A2,Both,2.1956839561462402
COL1A2,Both,2.0882649421691895
COL1A2,Both,2.587425708770752
COL1A2,Both,2.8680715560913086
COL1A2,Both,2.248384475708008
COL1A2,Both,2.3499972820281982
COL1A2,Both,2.4398581981658936
COL1A2,Both,2.277111053466797
COL1A2,Both,2.8581395149230957
COL1A2,Both,2.613457202911377
COL1A2,Both,2.231991767883301
COL1A2,Both,1.987787127494812
COL1A2,Both,2.855445146560669
COL1A2,Both,2.706012010574341
COL1A2,Both,2.1866703033447266
COL1A2,Both,2.621866464614868
COL1A2,Both,2.3962645530700684
COL1A2,Both,0.0
COL1A2,Both,2.0431931018829346
COL1A2,Both,2.3618767261505127
COL1A2,Both,1.699889063835144
COL1A2,Both,2.839488983154297
COL1A2,Both,1.7651339769363403
COL1A2,Both,2.842822551727295
COL1A2,Both,2.197582960128784
COL1A2,Both,0.0
COL1A2,Both,2.1363635063171387
COL1A2,Both,2.630894184112549
COL1A2,Both,2.0769472122192383
COL1A2,Both,2.3898167610168457
COL1A2,Both,2.7399842739105225
COL1A2,Both,1.8387235403060913
COL1A2,Both,2.174520492553711
COL1A2,Both,2.548722982406616
COL1A2,Both,2.4179530143737793
COL1A2,Both,2.297152042388916
COL1A2,Both,2.179579496383667
COL1A2,Both,2.8353443145751953
COL1A2,Both,1.6515626907348633
COL1A2,Both,2.3543269634246826
COL1A2,Both,2.7096381187438965
COL1A2,Both,2.30538272857666
COL1A2,Both,1.4066470861434937
COL1A2,Both,2.338102102279663
COL1A2,Both,2.408802032470703
COL1A2,Both,2.4767539501190186
COL1A2,Both,3.12602162361145
COL1A2,Both,2.4027318954467773
COL1A2,Both,2.6215291023254395
COL1A2,Both,2.43072772026062
COL1A2,Both,2.790031909942627
COL1A2,Both,0.0
COL1A2,Both,2.5306639671325684
COL1A2,Both,1.1328204870224
COL1A2,Both,2.091529130935669
COL1A2,Both,2.4083614349365234
COL1A2,Both,2.7501344680786133
COL1A2,Both,2.5922796726226807
COL1A2,Both,2.849545955657959
COL1A2,Both,2.1773648262023926
COL1A2,Both,2.4988176822662354
COL1A2,Both,2.2485098838806152
COL1A2,Both,1.886573076248169
COL1A2,Both,2.429135799407959
COL1A2,Both,2.7897844314575195
COL1A2,Both,2.4521944522857666
COL1A2,Both,2.5945467948913574
COL1A2,Both,2.5263328552246094
COL1A2,Both,2.436633348464966
COL1A2,Both,2.6670920848846436
COL1A2,Both,1.87633216381073
COL1A2,Both,2.514469623565674
COL1A2,Both,2.4579577445983887
COL1A2,Both,2.463296890258789
COL1A2,Both,2.9225287437438965
COL1A2,Both,2.328033685684204
COL1A2,Both,2.319640874862671
COL1A2,Both,2.014072895050049
COL1A2,Both,2.538651943206787
COL1A2,Both,1.6093639135360718
COL1A2,Both,1.8433818817138672
COL1A2,Both,2.271979808807373
COL1A2,Both,2.462467670440674
COL1A2,Both,2.32405948638916
COL1A2,Both,2.6371939182281494
COL1A2,Both,2.4787068367004395
COL1A2,Both,2.466196298599243
COL1A2,Both,2.3125412464141846
COL1A2,Both,2.6820802688598633
COL1A2,Both,2.76891827583313
COL1A2,Both,2.246757984161377
COL1A2,Both,2.5405936241149902
COL1A2,Both,2.2045674324035645
COL1A2,Both,1.9782204627990723
COL1A2,Both,2.54944109916687
COL1A2,Both,2.661433696746826
COL1A2,Both,2.2336506843566895
COL1A2,Both,1.7680847644805908
COL1A2,Both,2.369964599609375
COL1A2,Both,2.8142240047454834
COL1A2,Both,1.8244096040725708
COL1A2,Both,2.5348949432373047
COL1A2,Both,2.577030897140503
COL1A2,Both,2.6347548961639404
COL1A2,Both,2.389033079147339
COL1A2,Both,2.9822909832000732
COL1A2,Both,2.403000831604004
COL1A2,Both,0.0
COL1A2,Both,2.37422776222229
COL1A2,Both,2.040113687515259
COL1A2,Both,1.9143840074539185
COL1A2,Both,2.721480131149292
COL1A2,Both,2.3388776779174805
COL1A2,Both,2.064141273498535
COL1A2,Both,2.2884278297424316
COL1A2,Both,2.204449415206909
COL1A2,Both,1.702425479888916
COL1A2,Both,2.1464364528656006
COL1A2,Both,2.602102518081665
COL1A2,Both,2.5742604732513428
COL1A2,Both,2.537766218185425
COL1A2,Both,2.3085577487945557
COL1A2,Both,2.6510417461395264
COL1A2,Both,2.595966339111328
COL1A2,Both,2.0899534225463867
COL1A2,Both,0.0
COL1A2,Both,2.394726514816284
COL1A2,Both,2.4935669898986816
COL1A2,Both,2.745584726333618
COL1A2,Both,0.0
COL1A2,Both,2.232891082763672
COL1A2,Both,2.4329655170440674
COL1A2,Both,1.8278967142105103
COL1A2,Both,0.0
COL1A2,Both,1.5022907257080078
COL1A2,Both,1.9043611288070679
COL1A2,Both,2.46897554397583
COL1A2,Both,2.6805782318115234
COL1A2,Both,2.645549774169922
COL1A2,Both,2.42671537399292
COL1A2,Both,2.769923448562622
COL1A2,Both,2.464852809906006
COL1A2,Both,2.522909164428711
COL1A2,Both,2.5713274478912354
COL1A2,Both,2.9927563667297363
COL1A2,Both,0.0
COL1A2,Both,2.3608436584472656
COL1A2,Both,1.9089469909667969
COL1A2,Both,2.686880111694336
COL1A2,Both,2.2866318225860596
COL1A2,Both,2.8563475608825684
COL1A2,Both,1.9603193998336792
COL1A2,Both,2.3649778366088867
COL1A2,Both,1.5706007480621338
COL1A2,Both,2.665280818939209
COL1A2,Both,1.9775493144989014
COL1A2,Both,2.281895875930786
COL1A2,Both,1.9085103273391724
COL1A2,Both,2.614499568939209
COL1A2,Both,2.6169135570526123
COL1A2,Both,1.5692394971847534
COL1A2,Both,2.0684640407562256
COL1A2,Both,2.092543601989746
COL1A2,Both,2.519559383392334
COL1A2,Both,1.9770143032073975
COL1A2,Both,2.3441085815429688
COL1A2,Both,3.0462758541107178
COL1A2,Both,2.7291431427001953
COL1A2,Both,2.912569522857666
COL1A2,Both,2.3324437141418457
COL1A2,Both,2.645292282104492
COL1A2,Both,2.2578940391540527
COL1A2,Both,2.6859047412872314
COL1A2,Both,2.250417947769165
COL1A2,Both,2.3551132678985596
COL1A2,Both,1.9227430820465088
COL1A2,Both,2.09138822555542
COL1A2,Both,2.660743236541748
COL1A2,Both,2.590481758117676
COL1A2,Both,2.916463613510132
COL1A2,Both,2.083691358566284
COL1A2,Both,1.9421266317367554
COL1A2,Both,1.3676948547363281
COL1A2,Both,2.8047380447387695
COL1A2,Both,2.1918435096740723
COL1A2,Both,2.54849910736084
COL1A2,Both,2.2523789405822754
COL1A2,Both,0.0
COL1A2,Both,1.7822515964508057
COL1A2,Both,2.5470943450927734
COL1A2,Both,2.830551862716675
COL1A2,Both,1.6060435771942139
COL1A2,Both,2.312973976135254
COL1A2,Both,2.7641496658325195
COL1A2,Both,2.6010029315948486
COL1A2,Both,2.3025293350219727
COL1A2,Both,2.047036647796631
COL1A2,Both,1.9691652059555054
COL1A2,Both,1.961240291595459
COL1A2,Both,2.1660170555114746
COL1A2,Both,0.0
COL1A2,Both,0.0
COL1A2,Both,2.4094388484954834
COL1A2,Both,2.6581645011901855
COL1A2,Both,2.325674295425415
COL1A2,Both,2.9551632404327393
COL1A2,Both,2.58300518989563
COL1A2,Both,2.6516239643096924
COL1A2,Both,2.7029712200164795
COL1A2,Both,2.3236942291259766
COL1A2,Both,2.6618492603302
COL1A2,Both,2.272157669067383
COL1A2,Both,2.095518112182617
COL1A2,Both,2.8070762157440186
COL1A2,Both,2.3425588607788086
COL1A2,Both,2.8109235763549805
COL1A2,Both,2.1779322624206543
COL1A2,Both,2.9266088008880615
COL1A2,Both,2.60046648979187
COL1A2,Both,2.458195209503174
COL1A2,Both,1.8131146430969238
COL1A2,Both,0.0
COL1A2,Both,2.0627222061157227
COL1A2,Both,2.270200252532959
COL1A2,Both,2.361867666244507
COL1A2,Both,2.1961324214935303
COL1A2,Both,1.9388713836669922
COL1A2,Both,1.8524138927459717
COL1A2,Both,2.3152427673339844
COL1A2,Both,0.0
COL1A2,Both,2.3396382331848145
COL1A2,Both,2.5701963901519775
COL1A2,Both,1.8417636156082153
COL1A2,Both,2.3293495178222656
COL1A2,Both,1.9910422563552856
COL1A2,Both,0.0
COL1A2,Both,2.584554433822632
COL1A2,Both,2.5123698711395264
COL1A2,Both,2.2560393810272217
COL1A2,Both,2.397742509841919
COL1A2,Both,2.5300936698913574
COL1A2,Both,2.277230739593506
COL1A2,Both,2.3070788383483887
COL1A2,Both,2.4776265621185303
COL1A2,Both,2.150053024291992
COL1A2,Both,2.6978600025177
COL1A2,Both,2.8188815116882324
COL1A2,Both,2.750049114227295
COL1A2,Both,2.0196452140808105
COL1A2,Both,2.6402883529663086
COL1A2,Both,2.535761594772339
COL1A2,Both,2.0189220905303955
COL1A2,Both,0.0
COL1A2,Both,2.649245500564575
COL1A2,Both,0.0
COL1A2,Both,2.626887083053589
COL1A2,Both,2.1303088665008545
COL1A2,Both,2.3532886505126953
COL1A2,Both,2.2323904037475586
COL1A2,Both,2.432391881942749
COL1A2,Both,0.0
COL1A2,Both,2.6543662548065186
COL1A2,Both,2.644526958465576
COL1A2,Both,2.2844786643981934
COL1A2,Both,1.638617992401123
COL1A2,Both,1.853766918182373
COL1A2,Both,0.0
COL1A2,Both,2.5972070693969727
COL1A2,Both,2.3546531200408936
COL1A2,Both,1.953041911125183
COL1A2,Both,2.4688291549682617
COL1A2,Both,2.1191864013671875
COL1A2,Both,2.728708505630493
COL1A2,Both,0.0
COL1A2,Both,2.5934746265411377
COL1A2,Both,1.76201331615448
COL1A2,Both,2.6115007400512695
COL1A2,Both,2.1550400257110596
COL1A2,Both,2.420132637023926
COL1A2,Both,2.359039068222046
COL1A2,Both,2.597998857498169
COL1A2,Both,3.1739964485168457
COL1A2,Both,2.1091952323913574
COL1A2,Both,2.690370798110962
COL1A2,Both,2.681295394897461
COL1A2,Both,2.5567946434020996
COL1A2,Both,2.324514627456665
COL1A2,Both,2.305096387863159
COL1A2,Both,2.613867998123169
COL1A2,Both,2.3316569328308105
COL1A2,Both,2.264758825302124
COL1A2,Both,1.154614806175232
COL1A2,Both,2.684387445449829
COL1A2,Both,2.197389602661133
COL1A2,Both,2.0405538082122803
COL1A2,Both,0.0
COL1A2,Both,2.4699575901031494
COL1A2,Both,2.220855951309204
COL1A2,Both,2.6790590286254883
COL1A2,Both,2.7780704498291016
COL1A2,Both,1.668640375137329
COL1A2,Both,2.5794999599456787
COL1A2,Both,2.883721113204956
COL1A2,Both,0.0
COL1A2,Both,2.2329823970794678
COL1A2,Both,2.2735989093780518
COL1A2,Both,2.2935070991516113
COL1A2,Both,1.5367376804351807
COL1A2,Both,1.6479332447052002
COL1A2,Both,2.0697546005249023
COL1A2,Both,0.0
COL1A2,Both,2.601558208465576
COL1A2,Both,2.513733386993408
COL1A2,Both,2.308866500854492
COL1A2,Both,2.020392656326294
COL1A2,Both,1.8719305992126465
COL1A2,Both,2.328507900238037
COL1A2,Both,2.5079431533813477
COL1A2,Both,1.465891718864441
COL1A2,Both,2.233619451522827
COL1A2,Both,1.9198654890060425
COL1A2,Both,1.8710075616836548
COL1A2,Both,1.8627781867980957
COL1A2,Both,2.5827414989471436
COL1A2,Both,2.8293962478637695
COL1A2,Both,1.7372066974639893
COL1A2,Both,3.0747883319854736
COL1A2,Both,2.6461293697357178
COL1A2,Both,2.6540071964263916
COL1A2,Both,2.482170581817627
COL1A2,Both,2.2076873779296875
COL1A2,Both,2.8755249977111816
COL1A2,Both,2.5065598487854004
COL1A2,Both,1.9875227212905884
COL1A2,Both,3.356790065765381
COL1A2,Both,2.526527166366577
COL1A2,Both,0.0
COL1A2,Both,3.1065115928649902
COL1A2,Both,2.30116868019104
COL1A2,Both,2.694199800491333
COL1A2,Both,1.725258708000183
COL1A2,Both,2.3659286499023438
COL1A2,Both,2.9470553398132324
COL1A2,Both,2.48125958442688
COL1A2,Both,1.7082599401474
COL1A2,Both,2.0840656757354736
COL1A2,Both,2.6223480701446533
COL1A2,Both,2.2866499423980713
COL1A2,Both,2.827566623687744
COL1A2,Both,2.085526704788208
COL1A2,Both,2.113133430480957
COL1A2,Both,2.7001564502716064
COL1A2,Both,2.6568312644958496
COL1A2,Both,2.248915672302246
COL1A2,Both,2.4811489582061768
COL1A2,Both,1.834696888923645
COL1A2,Both,2.624516010284424
COL1A2,Both,2.5238828659057617
COL1A2,Both,2.1695618629455566
COL1A2,Both,2.0960581302642822
COL1A2,Both,2.8628149032592773
COL1A2,Both,0.0
COL1A2,Both,2.4656083583831787
COL1A2,Both,1.7142232656478882
COL1A2,Both,2.763329029083252
COL1A2,Both,2.4876444339752197
COL1A2,Both,2.661525249481201
COL1A2,Both,1.8447396755218506
COL1A2,Both,1.759194254875183
COL1A2,Both,2.4483625888824463
COL1A2,Both,2.6057956218719482
COL1A2,Both,2.586848020553589
COL1A2,Both,2.2856085300445557
COL1A2,Both,2.7774770259857178
COL1A2,Both,1.6361379623413086
COL1A2,Both,2.2755069732666016
COL1A2,Both,2.509242534637451
COL1A2,Both,2.109311580657959
COL1A2,Both,2.1967647075653076
COL1A2,Both,2.1140713691711426
COL1A2,Both,2.9358766078948975
COL1A2,Both,1.6004801988601685
COL1A2,Both,2.3946022987365723
COL1A2,Both,2.7883007526397705
COL1A2,Both,2.9629108905792236
COL1A2,Both,2.023444414138794
COL1A2,Both,2.543377161026001
COL1A2,Both,1.8855030536651611
COL1A2,Both,2.5376698970794678
COL1A2,Both,2.215527057647705
COL1A2,Both,0.0
COL1A2,Both,2.14213490486145
COL1A2,Both,2.5423078536987305
COL1A2,Both,2.064121723175049
COL1A2,Both,2.3687567710876465
COL1A2,Both,2.7494609355926514
COL1A2,Both,2.6566596031188965
COL1A2,Both,2.0886807441711426
COL1A2,Both,2.6224024295806885
COL1A2,Both,2.3194146156311035
COL1A2,Both,2.157277822494507
COL1A2,Both,1.923963189125061
COL1A2,Both,2.221853256225586
COL1A2,Both,2.7439522743225098
COL1A2,Both,2.265678644180298
COL1A2,Both,2.7498838901519775
COL1A2,Both,2.3719091415405273
COL1A2,Both,2.491093635559082
COL1A2,Both,2.2877485752105713
COL1A2,Both,2.5178756713867188
COL1A2,Both,1.9285823106765747
COL1A2,Both,2.236074447631836
COL1A2,Both,2.2901899814605713
COL1A2,Both,2.1188840866088867
COL1A2,Both,1.9350019693374634
COL1A2,Both,1.9290120601654053
COL1A2,Both,2.8205008506774902
COL1A2,Both,2.1052567958831787
COL1A2,Both,2.3972034454345703
COL1A2,Both,2.2075181007385254
COL1A2,Both,1.9685604572296143
COL1A2,Both,2.5126101970672607
COL1A2,Both,2.5002329349517822
COL1A2,Both,2.0830235481262207
COL1A2,Both,2.5663816928863525
COL1A2,Both,2.886902093887329
COL1A2,Both,2.653177261352539
COL1A2,Both,2.4859566688537598
COL1A2,Both,2.3851988315582275
COL1A2,Both,2.5903971195220947
COL1A2,Both,2.60068678855896
COL1A2,Both,2.583340883255005
COL1A2,Both,1.8490245342254639
COL1A2,Both,2.4417166709899902
COL1A2,Both,1.9163100719451904
COL1A2,Both,1.9335116147994995
COL1A2,Both,1.9056001901626587
COL1A2,Both,2.6963038444519043
COL1A2,Both,1.3994194269180298
COL1A2,Both,1.538878083229065
COL1A2,Both,1.8102812767028809
COL1A2,Both,2.8361401557922363
COL1A2,Both,2.5533294677734375
COL1A2,Both,2.1215813159942627
COL1A2,Both,0.0
COL1A2,Both,2.698235511779785
COL1A2,Both,1.9900612831115723
COL1A2,Both,2.2415010929107666
COL1A2,Both,2.3721368312835693
COL1A2,Both,1.6701204776763916
COL1A2,Both,1.9507251977920532
COL1A2,Both,2.499825954437256
COL1A2,Both,2.289740800857544
COL1A2,Both,2.362299919128418
COL1A2,Both,2.3499982357025146
COL1A2,Both,2.308457851409912
COL1A2,Both,2.692739248275757
COL1A2,Both,2.368891477584839
COL1A2,Both,2.662609100341797
COL1A2,Both,2.692826747894287
COL1A2,Both,2.1779630184173584
COL1A2,Both,2.7445225715637207
COL1A2,Both,2.4011528491973877
COL1A2,Both,0.0
COL1A2,Both,2.1463634967803955
COL1A2,Both,2.6765940189361572
COL1A2,Both,2.563988208770752
COL1A2,Both,2.4821009635925293
COL1A2,Both,2.4595041275024414
COL1A2,Both,2.4855380058288574
COL1A2,Both,2.569140911102295
COL1A2,Both,2.421307325363159
COL1A2,Both,1.9256422519683838
COL1A2,Both,2.6112687587738037
COL1A2,Both,1.8969420194625854
COL1A2,Both,2.726285457611084
COL1A2,Both,2.3908514976501465
COL1A2,Both,2.29343581199646
COL1A2,Both,2.1096031665802
COL1A2,Both,2.4068310260772705
COL1A2,Both,2.2984769344329834
COL1A2,Both,2.5317039489746094
COL1A2,Both,2.600010633468628
COL1A2,Both,0.0
COL1A2,Both,2.1246120929718018
COL1A2,Both,2.0135278701782227
COL1A2,Both,2.752918243408203
COL1A2,Both,2.3859457969665527
COL1A2,Both,2.138390302658081
COL1A2,Both,2.5338070392608643
COL1A2,Both,1.9339442253112793
COL1A2,Both,2.231565475463867
COL1A2,Both,2.0229506492614746
COL1A2,Both,1.6421949863433838
COL1A2,Both,2.54860520362854
COL1A2,Both,0.0
COL1A2,Both,2.3956308364868164
COL1A2,Both,2.7160327434539795
COL1A2,Both,2.6199419498443604
COL1A2,Both,0.0
COL1A2,Both,2.8094043731689453
COL1A2,Both,2.2114665508270264
COL1A2,Both,2.4169652462005615
COL1A2,Both,1.2146679162979126
COL1A2,Both,2.4584059715270996
COL1A2,Both,2.4045329093933105
COL1A2,Both,2.1362597942352295
COL1A2,Both,2.580589771270752
COL1A2,Both,2.796402931213379
COL1A2,Both,1.2729308605194092
COL1A2,Both,2.2970681190490723
COL1A2,Both,2.569124460220337
COL1A2,Both,2.656742811203003
COL1A2,Both,2.608478307723999
COL1A2,Both,2.688728094100952
COL1A2,Both,1.8094733953475952
COL1A2,Both,2.417306661605835
COL1A2,Both,2.6180038452148438
COL1A2,Both,2.252727508544922
COL1A2,Both,2.5171666145324707
COL1A2,Both,2.563141345977783
COL1A2,Both,2.388819456100464
COL1A2,Both,2.4955761432647705
COL1A2,Both,2.7972090244293213
COL1A2,Both,2.3150179386138916
COL1A2,Both,2.2981531620025635
COL1A2,Both,2.542849063873291
COL1A2,Both,2.7614834308624268
COL1A2,Both,1.7303440570831299
COL1A2,Both,2.7161033153533936
COL1A2,Both,2.5733282566070557
COL1A2,Both,2.4549872875213623
COL1A2,Both,2.6765763759613037
COL1A2,Both,2.385204315185547
COL1A2,Both,2.687859535217285
COL1A2,Both,1.5230953693389893
COL1A2,Both,2.13521671295166
COL1A2,Both,2.5431599617004395
COL1A2,Both,2.338101863861084
COL1A2,Both,2.5672099590301514
COL1A2,Both,2.714054822921753
COL1A2,Both,2.176136016845703
COL1A2,Both,2.2396228313446045
COL1A2,Both,0.0
COL1A2,Both,0.0
COL1A2,Both,1.8310704231262207
COL1A2,Both,2.596496343612671
COL1A2,Both,2.4114365577697754
COL1A2,Both,2.204752206802368
COL1A2,Both,1.8111920356750488
COL1A2,Both,2.3789453506469727
COL1A2,Both,2.638599395751953
COL1A2,Both,2.7757086753845215
COL1A2,Both,1.300450325012207
COL1A2,Both,2.377206802368164
COL1A2,Both,2.5368096828460693
COL1A2,Both,2.876840591430664
COL1A2,Both,2.2647664546966553
COL1A2,Both,2.5922186374664307
COL1A2,Both,2.9951882362365723
COL1A2,Both,2.5877785682678223
COL1A2,Both,2.655238389968872
COL1A2,Both,2.2838339805603027
COL1A2,Both,0.0
COL1A2,Both,2.3991641998291016
COL1A2,Both,2.286672353744507
COL1A2,Both,1.7648537158966064
COL1A2,Both,1.6379947662353516
COL1A2,Both,2.540069580078125
COL1A2,Both,2.5323233604431152
COL1A2,Both,2.4151034355163574
COL1A2,Both,2.254506826400757
COL1A2,Both,2.29532790184021
COL1A2,Both,1.657581090927124
COL1A2,Both,1.977318286895752
COL1A2,Both,2.774392604827881
COL1A2,Both,2.455104112625122
COL1A2,Both,2.238931179046631
COL1A2,Both,2.469417095184326
COL1A2,Both,2.2483699321746826
COL1A2,Both,2.331981658935547
COL1A2,Both,0.0
COL1A2,Both,2.800872325897217
COL1A2,Both,2.1339049339294434
COL1A2,Both,2.2246007919311523
COL1A2,Both,1.653157353401184
COL1A2,Both,2.9473934173583984
COL1A2,Both,2.084444284439087
COL1A2,Both,2.453892707824707
COL1A2,Both,2.5548465251922607
COL1A2,Both,2.2403345108032227
COL1A2,Both,2.618539571762085
COL1A2,Both,2.561943769454956
COL1A2,Both,1.8705997467041016
COL1A2,Both,2.650203227996826
COL1A2,Both,1.543007493019104
COL1A2,Both,2.5503265857696533
COL1A2,Both,2.627772092819214
COL1A2,Both,2.208864688873291
COL1A2,Both,2.4666240215301514
COL1A2,Both,2.821563243865967
COL1A2,Both,1.9749325513839722
COL1A2,Both,2.50952410697937
COL1A2,Both,1.7289692163467407
COL1A2,Both,2.1181745529174805
COL1A2,Both,2.6054635047912598
COL1A2,Both,2.3363754749298096
COL1A2,Both,2.224569320678711
COL1A2,Both,2.6820595264434814
COL1A2,Both,2.4939699172973633
COL1A2,Both,2.5097899436950684
COL1A2,Both,2.20853590965271
COL1A2,Both,2.0347204208374023
COL1A2,Both,2.951517343521118
COL1A2,Both,2.3310649394989014
COL1A2,Both,2.4144458770751953
COL1A2,Both,2.5368266105651855
COL1A2,Both,2.532560348510742
COL1A2,Both,2.614494562149048
COL1A2,Both,2.4576072692871094
COL1A2,Both,2.4641993045806885
COL1A2,Both,2.664170980453491
COL1A2,Both,2.5814871788024902
COL1A2,Both,2.426866054534912
COL1A2,Both,2.2738373279571533
COL1A2,Both,2.4575514793395996
COL1A2,Both,2.7601318359375
COL1A2,Both,0.0
COL1A2,Both,2.4482057094573975
COL1A2,Both,1.9945334196090698
COL1A2,Both,2.148773193359375
COL1A2,Both,2.3225622177124023
COL1A2,Both,3.036539316177368
COL1A2,Both,2.2218198776245117
COL1A2,Both,2.5713696479797363
COL1A2,Both,2.2776148319244385
COL1A2,Both,1.8082951307296753
COL1A2,Both,2.0297152996063232
COL1A2,Both,2.69940447807312
COL1A2,Both,2.082141637802124
COL1A2,Both,2.157515287399292
COL1A2,Both,2.1935536861419678
COL1A2,Both,2.270343542098999
COL1A2,Both,2.641386032104492
COL1A2,Both,2.556414842605591
COL1A2,Both,2.7022454738616943
COL1A2,Both,2.5207533836364746
COL1A2,Both,1.9710307121276855
COL1A2,Both,0.9390067458152771
COL1A2,Both,2.1123578548431396
COL1A2,Both,2.1683692932128906
COL1A2,Both,1.954879641532898
COL1A2,Both,2.423973560333252
COL1A2,Both,2.372633218765259
COL1A2,Both,3.0251171588897705
COL1A2,Both,1.9314805269241333
COL1A2,Both,2.5230822563171387
COL1A2,Both,2.4003677368164062
COL1A2,Both,2.4812612533569336
COL1A2,Both,2.407614231109619
COL1A2,Both,1.870658040046692
COL1A2,Both,2.540938138961792
COL1A2,Both,1.7833195924758911
COL1A2,Both,2.4635605812072754
COL1A2,Both,2.747286081314087
COL1A2,Both,2.5355045795440674
COL1A2,Both,3.057600736618042
COL1A2,Both,2.9925637245178223
COL1A2,Both,2.366293430328369
COL1A2,Both,1.9411834478378296
COL1A2,Both,2.032457113265991
COL1A2,Both,2.6232707500457764
COL1A2,Both,0.0
COL1A2,Both,2.366471290588379
COL1A2,Both,2.3769640922546387
COL1A2,Both,2.2112009525299072
COL1A2,Both,2.843446731567383
COL1A2,Both,2.3027608394622803
COL1A2,Both,2.254122495651245
COL1A2,Both,2.383755922317505
COL1A2,Both,2.2772302627563477
COL1A2,Both,2.4504270553588867
COL1A2,Both,2.3216819763183594
COL1A2,Both,2.494828939437866
COL1A2,Both,2.4941651821136475
COL1A2,Both,0.0
COL1A2,Both,0.0
COL1A2,Both,2.774991512298584
COL1A2,Both,2.6331067085266113
COL1A2,Both,2.2717549800872803
COL1A2,Both,2.5745327472686768
COL1A2,Both,2.729410171508789
COL1A2,Both,2.70127534866333
COL1A2,Both,0.0
COL1A2,Both,2.4664206504821777
COL1A2,Both,2.3744020462036133
COL1A2,Both,2.567666530609131
COL1A2,Both,2.7155990600585938
COL1A2,Both,2.613399028778076
COL1A2,Both,2.6144521236419678
COL1A2,Both,0.0
COL1A2,Both,2.539604663848877
COL1A2,Both,2.6928815841674805
COL1A2,Both,2.5413427352905273
COL1A2,Both,2.6245968341827393
COL1A2,Both,2.5940754413604736
COL1A2,Both,2.643293857574463
COL1A2,Both,2.0134317874908447
COL1A2,Both,2.254260540008545
COL1A2,Both,2.341602325439453
COL1A2,Both,2.2825565338134766
COL1A2,Both,2.5184075832366943
COL1A2,Both,2.0018861293792725
COL1A2,Both,2.2879672050476074
COL1A2,Both,0.0
COL1A2,Both,2.233350992202759
COL1A2,Both,1.6954375505447388
COL1A2,Both,2.4582574367523193
COL1A2,Both,2.5017662048339844
COL1A2,Both,2.05963397026062
COL1A2,Both,2.4597795009613037
COL1A2,Both,1.7463406324386597
COL1A2,Both,2.571047067642212
COL1A2,Both,2.702744483947754
COL1A2,Both,2.2606844902038574
COL1A2,Both,1.9610230922698975
COL1A2,Both,2.054549217224121
COL1A2,Both,2.3769476413726807
COL1A2,Both,2.712740898132324
COL1A2,Both,2.5330581665039062
COL1A2,Both,2.1979775428771973
COL1A2,Both,2.2271511554718018
COL1A2,Both,2.2913849353790283
COL1A2,Both,2.6548588275909424
COL1A2,Both,2.2082273960113525
COL1A2,Both,2.9112768173217773
COL1A2,Both,2.668654203414917
COL1A2,Both,1.6608655452728271
COL1A2,Both,2.228707790374756
COL1A2,Both,2.5265889167785645
COL1A2,Both,2.3820748329162598
COL1A2,Both,1.6925523281097412
COL1A2,Both,2.8470399379730225
COL1A2,Both,2.2214646339416504
COL1A2,Both,2.5216331481933594
COL1A2,Both,2.0513463020324707
COL1A2,Both,1.6859920024871826
COL1A2,Both,2.1979517936706543
COL1A2,Both,1.8058428764343262
COL1A2,Both,2.3856728076934814
COL1A2,Both,1.8967375755310059
COL1A2,Both,2.4715816974639893
COL1A2,Both,2.6879491806030273
COL1A2,Both,0.0
COL1A2,Both,2.035574436187744
COL1A2,Both,2.720402240753174
COL1A2,Both,2.8244311809539795
COL1A2,Both,0.0
COL1A2,Both,2.741889476776123
COL1A2,Both,2.226773262023926
COL1A2,Both,2.6211342811584473
COL1A2,Both,0.0
COL1A2,Both,2.434427261352539
COL1A2,Both,1.8028185367584229
COL1A2,Both,2.4929323196411133
COL1A2,Both,2.4471030235290527
COL1A2,Both,2.372899055480957
COL1A2,Both,2.3038318157196045
COL1A2,Both,2.564311981201172
COL1A2,Both,1.9396281242370605
COL1A2,Both,2.8613088130950928
COL1A2,Both,2.552286148071289
COL1A2,Both,2.201961040496826
COL1A2,Both,1.1289968490600586
COL1A2,Both,1.609604835510254
COL1A2,Both,2.6059117317199707
COL1A2,Both,1.9088664054870605
COL1A2,Both,1.766977310180664
COL1A2,Both,2.270648241043091
COL1A2,Both,2.609187364578247
COL1A2,Both,2.1971726417541504
COL1A2,Both,2.67099928855896
COL1A2,Both,2.3890843391418457
COL1A2,Both,0.0
COL1A2,Both,1.8333121538162231
COL1A2,Both,1.8893665075302124
COL1A2,Both,2.308861494064331
COL1A2,Both,2.4701552391052246
COL1A2,Both,1.9892016649246216
COL1A2,Both,2.743187189102173
COL1A2,Both,2.695699453353882
COL1A2,Both,2.479559898376465
COL1A2,Both,2.461772918701172
COL1A2,Both,0.0
COL1A2,Both,2.6208512783050537
COL1A2,Both,2.7655489444732666
COL1A2,Both,0.0
COL1A2,Both,1.9471615552902222
COL1A2,Both,1.834453821182251
COL1A2,Both,1.7229526042938232
COL1A2,Both,2.2739145755767822
COL1A2,Both,1.9489202499389648
COL1A2,Both,2.5880236625671387
COL1A2,Both,3.0274839401245117
COL1A2,Both,3.1042051315307617
COL1A2,Both,2.1532468795776367
COL1A2,Both,2.38039493560791
COL1A2,Both,2.2435269355773926
COL1A2,Both,2.5092761516571045
COL1A2,Both,2.8614165782928467
COL1A2,Both,2.118504285812378
COL1A2,Both,2.232287883758545
COL1A2,Both,2.731326103210449
COL1A2,Both,2.6064226627349854
COL1A2,Both,2.422346591949463
COL1A2,Both,2.008556365966797
COL1A2,Both,2.789019823074341
COL1A2,Both,3.0996832847595215
COL1A2,Both,2.4100780487060547
COL1A2,Both,1.727756381034851
COL1A2,Both,2.314326763153076
COL1A2,Both,2.2642569541931152
COL1A2,Both,2.45469331741333
COL1A2,Both,2.554368495941162
COL1A2,Both,2.507150173187256
COL1A2,Both,2.73864483833313
COL1A2,Both,2.4825170040130615
COL1A2,Both,2.523371934890747
COL1A2,Both,2.2555477619171143
COL1A2,Both,2.8812406063079834
COL1A2,Both,2.157630205154419
COL1A2,Both,2.165955066680908
COL1A2,Both,2.21779727935791
COL1A2,Both,2.271120071411133
COL1A2,Both,2.554521322250366
COL1A2,Both,2.6730055809020996
COL1A2,Both,2.5881338119506836
COL1A2,Both,2.647791624069214
COL1A2,Both,2.630816698074341
COL1A2,Both,2.6305127143859863
COL1A2,Both,2.515512228012085
COL1A2,Both,2.804612874984741
COL1A2,Both,2.5886120796203613
COL1A2,Both,2.635432004928589
COL1A2,Both,2.6537280082702637
COL1A2,Both,0.0
COL1A2,Both,2.1393187046051025
COL1A2,Both,2.3685576915740967
COL1A2,Both,1.1687397956848145
COL1A2,Both,2.286539316177368
COL1A2,Both,2.112097978591919
COL1A2,Both,1.8854385614395142
COL1A2,Both,2.096585512161255
COL1A2,Both,2.2741971015930176
COL1A2,Both,1.9987083673477173
COL1A2,Both,2.710719585418701
COL1A2,Both,2.5902292728424072
COL1A2,Both,2.604482650756836
COL1A2,Both,2.860896110534668
COL1A2,Both,2.648254871368408
COL1A2,Both,2.260681390762329
COL1A2,Both,2.304710626602173
COL1A2,Both,2.963801145553589
COL1A2,Both,2.8677167892456055
COL1A2,Both,2.225295305252075
COL1A2,Both,2.3662426471710205
COL1A2,Both,2.224447250366211
COL1A2,Both,2.356105089187622
COL1A2,Both,2.6790246963500977
COL1A2,Both,2.6186137199401855
COL1A2,Both,2.1973228454589844
COL1A2,Both,2.607788324356079
COL1A2,Both,2.489004135131836
COL1A2,Both,2.8699686527252197
COL1A2,Both,2.4189839363098145
COL1A2,Both,2.561936855316162
COL1A2,Both,2.4844138622283936
COL1A2,Both,2.348566770553589
COL1A2,Both,2.0204005241394043
COL1A2,Both,1.919839859008789
COL1A2,Both,1.8850785493850708
COL1A2,Both,2.673520803451538
COL1A2,Both,2.6531805992126465
COL1A2,Both,2.4441370964050293
COL1A2,Both,2.3260161876678467
COL1A2,Both,2.4132978916168213
COL1A2,Both,2.272663116455078
COL1A2,Both,1.6326020956039429
COL1A2,Both,2.1846375465393066
COL1A2,Both,2.3753740787506104
COL1A2,Both,2.5777666568756104
COL1A2,Both,2.397792339324951
COL1A2,Both,2.439851760864258
COL1A2,Both,2.613032579421997
COL1A2,Both,2.2732675075531006
COL1A2,Both,2.300894260406494
COL1A2,Both,2.918527364730835
COL1A2,Both,2.1813316345214844
COL1A2,Both,2.488548517227173
COL1A2,Both,0.0
COL1A2,Both,2.419987201690674
COL1A2,Both,2.3976731300354004
COL1A2,Both,2.6532785892486572
COL1A2,Both,1.951117992401123
COL1A2,Both,2.5949251651763916
COL1A2,Both,1.9888310432434082
COL1A2,Both,2.3569540977478027
COL1A2,Both,2.814434051513672
COL1A2,Both,2.0369656085968018
COL1A2,Both,2.755326747894287
COL1A2,Both,2.661515712738037
COL1A2,Both,3.108586311340332
COL1A2,Both,2.972417116165161
COL1A2,Both,2.174381971359253
COL1A2,Both,2.177950382232666
COL1A2,Both,2.354102849960327
COL1A2,Both,2.1983935832977295
COL1A2,Both,2.6989710330963135
COL1A2,Both,2.689732074737549
COL1A2,Both,2.635054588317871
COL1A2,Both,0.0
COL1A2,Both,2.116025924682617
COL1A2,Both,2.355321168899536
COL1A2,Both,2.2838943004608154
COL1A2,Both,2.499691963195801
COL1A2,Both,2.032038927078247
COL1A2,Both,2.1640758514404297
COL1A2,Both,2.7581589221954346
COL1A2,Both,2.235840320587158
COL1A2,Both,2.22670578956604
COL1A2,Both,2.519040822982788
COL1A2,Both,2.6905016899108887
COL1A2,Both,1.976284146308899
COL1A2,Both,2.1955060958862305
COL1A2,Both,2.4756226539611816
COL1A2,Both,2.5161709785461426
COL1A2,Both,2.535093307495117
COL1A2,Both,2.104445219039917
COL1A2,Both,2.1397385597229004
COL1A2,Both,2.8784339427948
COL1A2,Both,2.101431131362915
COL1A2,Both,2.1522951126098633
COL1A2,Both,2.3778858184814453
COL1A2,Both,2.4836299419403076
COL1A2,Both,2.6071207523345947
COL1A2,Both,2.499295473098755
COL1A2,Both,2.279041290283203
COL1A2,Both,2.617861032485962
COL1A2,Both,2.5470714569091797
COL1A2,Both,2.362778425216675
COL1A2,Both,2.3945748805999756
COL1A2,Both,2.077430248260498
COL1A2,Both,2.282135248184204
COL1A2,Both,1.6984901428222656
COL1A2,Both,1.7819855213165283
COL1A2,Both,2.693819761276245
COL1A2,Both,2.1001780033111572
COL1A2,Both,2.9424290657043457
COL1A2,Both,2.215353012084961
COL1A2,Both,0.0
COL1A2,Both,2.3530781269073486
COL1A2,Both,2.4697632789611816
COL1A2,Both,1.153156042098999
COL1A2,Both,2.3116118907928467
COL1A2,Both,2.12637996673584
COL1A2,Both,2.260685682296753
COL1A2,Both,2.4510414600372314
COL1A2,Both,3.0135889053344727
COL1A2,Both,1.8390518426895142
COL1A2,Both,2.691110849380493
COL1A2,Both,2.084890365600586
COL1A2,Both,2.965913772583008
COL1A2,Both,2.642007350921631
COL1A2,Both,2.130176305770874
COL1A2,Both,2.3899080753326416
COL1A2,Both,2.476226329803467
COL1A2,Both,2.345733404159546
COL1A2,Both,2.751779317855835
COL1A2,Both,2.544360637664795
COL1A2,Both,2.082613468170166
COL1A2,Both,2.349320650100708
COL1A2,Both,2.51192569732666
COL1A2,Both,2.7570879459381104
COL1A2,Both,2.236508846282959
COL1A2,Both,2.6472678184509277
COL1A2,Both,2.2326934337615967
COL1A2,Both,2.4654016494750977
COL1A2,Both,2.6609151363372803
COL1A2,Both,2.559563159942627
COL1A2,Both,2.6630921363830566
COL1A2,Both,2.4208145141601562
COL1A2,Both,2.6774961948394775
COL1A2,Both,1.3234965801239014
COL1A2,Both,2.231738567352295
COL1A2,Both,0.0
COL1A2,Both,2.7591021060943604
COL1A2,Both,1.8986172676086426
COL1A2,Both,2.1494734287261963
COL1A2,Both,1.9733177423477173
COL1A2,Both,2.5360970497131348
COL1A2,Both,2.3249919414520264
COL1A2,Both,2.624324083328247
COL1A2,Both,2.402118682861328
COL1A2,Both,2.7673466205596924
COL1A2,Both,2.523106813430786
COL1A2,Both,2.4048421382904053
COL1A2,Both,2.465824842453003
COL1A2,Both,2.579317092895508
COL1A2,Both,2.046128511428833
COL1A2,Both,2.654104471206665
COL1A2,Both,2.176279306411743
COL1A2,Both,2.1624574661254883
COL1A2,Both,0.0
COL1A2,Both,2.66713547706604
COL1A2,Both,2.5590996742248535
COL1A2,Both,2.4492411613464355
COL1A2,Both,2.5887558460235596
COL1A2,Both,2.606320381164551
COL1A2,Both,2.7743732929229736
COL1A2,Both,2.20743465423584
COL1A2,Both,1.7412415742874146
COL1A2,Both,0.0
COL1A2,Both,2.2098865509033203
COL1A2,Both,2.579129934310913
COL1A2,Both,2.0806713104248047
COL1A2,Both,2.368960380554199
COL1A2,Both,2.5268325805664062
COL1A2,Both,2.1577489376068115
COL1A2,Both,2.5794618129730225
COL1A2,Both,2.3952689170837402
COL1A2,Both,2.23677134513855
COL1A2,Both,1.9032243490219116
COL1A2,Both,2.5393929481506348
COL1A2,Both,1.5864825248718262
COL1A2,Both,2.441174268722534
COL1A2,Both,2.5005369186401367
COL1A2,Both,2.732989549636841
COL1A2,Both,2.6193442344665527
COL1A2,Both,2.690335273742676
COL1A2,Both,2.3652470111846924
COL1A2,Both,2.7513439655303955
COL1A2,Both,2.9573378562927246
COL1A2,Both,2.685701608657837
COL1A2,Both,2.271263599395752
COL1A2,Both,1.9729845523834229
COL1A2,Both,2.223348379135132
COL1A2,Both,1.9702510833740234
COL1A2,Both,2.4575772285461426
COL1A2,Both,2.6645431518554688
COL1A2,Both,3.1869492530822754
COL1A2,Both,2.5823707580566406
COL1A2,Both,0.0
COL1A2,Both,2.7630045413970947
COL1A2,Both,2.5599372386932373
COL1A2,Both,0.0
COL1A2,Both,2.555433750152588
COL1A2,Both,1.8636932373046875
COL1A2,Both,2.649600028991699
COL1A2,Both,2.0771117210388184
COL1A2,Both,2.5526316165924072
COL1A2,Both,1.7551871538162231
COL1A2,Both,2.502863883972168
COL1A2,Both,2.163508415222168
COL1A2,Both,2.275052309036255
COL1A2,Both,1.8933587074279785
COL1A2,Both,2.7526798248291016
COL1A2,Both,2.6265716552734375
COL1A2,Both,2.5991594791412354
COL1A2,Both,2.647230863571167
COL1A2,Both,3.169196605682373
COL1A2,Both,1.8948619365692139
COL1A2,Both,2.3545525074005127
COL1A2,Both,2.5174245834350586
COL1A2,Both,2.6102161407470703
COL1A2,Both,2.5128235816955566
COL1A2,Both,2.154362678527832
COL1A2,Both,2.153611660003662
COL1A2,Both,2.259093999862671
COL1A2,Both,2.333834409713745
COL1A2,Both,2.1621530055999756
COL1A2,Both,2.4371297359466553
COL1A2,Both,2.123757839202881
COL1A2,Both,2.6743671894073486
COL1A2,Both,2.4825358390808105
COL1A2,Both,2.7358005046844482
COL1A2,Both,3.2511982917785645
COL1A2,Both,2.393929958343506
COL1A2,Both,2.003227949142456
COL1A2,Both,0.0
COL1A2,Both,2.445707082748413
COL1A2,Both,2.646759271621704
COL1A2,Both,2.4727985858917236
COL1A2,Both,1.1955196857452393
COL1A2,Both,2.375234842300415
COL1A2,Both,1.852869987487793
COL1A2,Both,2.3151931762695312
COL1A2,Both,2.321582555770874
COL1A2,Both,2.379912853240967
COL1A2,Both,2.6586403846740723
COL1A2,Both,2.245469331741333
COL1A2,Both,1.9385896921157837
COL1A2,Both,2.4025933742523193
COL1A2,Both,2.251225233078003
COL1A2,Both,2.373002290725708
COL1A2,Both,2.8289339542388916
COL1A2,Both,2.668771982192993
COL1A2,Both,2.2906787395477295
COL1A2,Both,2.4137699604034424
COL1A2,Both,2.3232219219207764
COL1A2,Both,2.6930789947509766
COL1A2,Both,2.4667859077453613
COL1A2,Both,2.929861068725586
COL1A2,Both,2.1663613319396973
COL1A2,Both,1.9352164268493652
COL1A2,Both,2.6875245571136475
COL1A2,Both,2.5523581504821777
COL1A2,Both,2.5281643867492676
COL1A2,Both,2.7648515701293945
COL1A2,Both,2.527272939682007
COL1A2,Both,2.4742188453674316
COL1A2,Both,2.556252956390381
COL1A2,Both,2.3474972248077393
COL1A2,Both,1.8374545574188232
COL1A2,Both,1.7749825716018677
COL1A2,Both,2.2344236373901367
COL1A2,Both,2.5867233276367188
COL1A2,Both,2.668339490890503
COL1A2,Both,1.7444753646850586
COL1A2,Both,2.3483335971832275
COL1A2,Both,2.4364006519317627
COL1A2,Both,2.623568058013916
COL1A2,Both,1.9147138595581055
COL1A2,Both,2.4187722206115723
COL1A2,Both,2.4597573280334473
COL1A2,Both,2.50691556930542
COL1A2,Both,2.433306932449341
COL1A2,Both,0.0
COL1A2,Both,2.930202007293701
COL1A2,Both,2.4032340049743652
COL1A2,Both,1.366134762763977
COL1A2,Both,2.2406485080718994
COL1A2,Both,2.1522459983825684
COL1A2,Both,2.848879814147949
COL1A2,Both,2.440218687057495
COL1A2,Both,2.5783872604370117
COL1A2,Both,2.708017349243164
COL1A2,Both,1.9179245233535767
COL1A2,Both,2.0836846828460693
COL1A2,Both,2.15837025642395
COL1A2,Both,2.306530475616455
COL1A2,Both,2.2290122509002686
COL1A2,Both,1.9424036741256714
COL1A2,Both,2.3621444702148438
COL1A2,Both,2.344144821166992
COL1A2,Both,0.0
COL1A2,Both,2.1128005981445312
COL1A2,Both,2.3362808227539062
COL1A2,Both,3.2263715267181396
COL1A2,Both,2.5599586963653564
COL1A2,Both,2.611550807952881
COL1A2,Both,2.831979513168335
COL1A2,Both,1.8977952003479004
COL1A2,Both,1.978011965751648
COL1A2,Both,2.159970760345459
COL1A2,Both,2.6555335521698
COL1A2,Both,0.0
COL1A2,Both,2.362802028656006
COL1A2,Both,3.0750296115875244
COL1A2,Both,2.5761332511901855
COL1A2,Both,2.1370599269866943
COL1A2,Both,2.612785816192627
COL1A2,Both,1.6418166160583496
COL1A2,Both,1.6516547203063965
COL1A2,Both,2.532820701599121
COL1A2,Both,2.4372313022613525
COL1A2,Both,0.0
COL1A2,Both,1.833477258682251
COL1A2,Both,2.2624001502990723
COL1A2,Both,2.2454135417938232
COL1A2,Both,2.3140947818756104
COL1A2,Both,2.1840696334838867
COL1A2,Both,2.381068229675293
COL1A2,Both,2.3246827125549316
COL1A2,Both,2.5301313400268555
COL1A2,Both,1.6780235767364502
COL1A2,Both,2.4932286739349365
COL1A2,Both,2.510385036468506
COL1A2,Both,2.876185178756714
COL1A2,Both,2.5311591625213623
COL1A2,Both,2.2382283210754395
COL1A2,Both,2.0948498249053955
COL1A2,Both,2.0330560207366943
COL1A2,Both,2.54180645942688
COL1A2,Both,1.6291484832763672
COL1A2,Both,2.6075053215026855
COL1A2,Both,2.099184036254883
COL1A2,Both,2.468087673187256
COL1A2,Both,2.7479748725891113
COL1A2,Both,2.7569684982299805
COL1A2,Both,2.3150475025177
COL1A2,Both,2.2622182369232178
COL1A2,Both,2.602077007293701
COL1A2,Both,2.527540445327759
COL1A2,Both,2.3059704303741455
COL1A2,Both,2.645732879638672
COL1A2,Both,2.7985146045684814
COL1A2,Both,0.0
COL1A2,Both,2.756135940551758
COL1A2,Both,2.5392837524414062
COL1A2,Both,1.8326276540756226
COL1A2,Both,2.0397722721099854
COL1A2,Both,2.6412460803985596
COL1A2,Both,2.286855459213257
COL1A2,Both,2.308884382247925
COL1A2,Both,1.998839020729065
COL1A2,Both,1.9746248722076416
COL1A2,Both,2.6155760288238525
COL1A2,Both,1.817030668258667
COL1A2,Both,2.2860941886901855
COL1A2,Both,2.701404571533203
COL1A2,Both,1.3725597858428955
COL1A2,Both,1.9498627185821533
COL1A2,Both,2.435487985610962
COL1A2,Both,1.7541821002960205
COL1A2,Both,2.5754387378692627
COL1A2,Both,2.7016916275024414
COL1A2,Both,2.543416976928711
COL1A2,Both,2.7472667694091797
COL1A2,Both,2.5201451778411865
COL1A2,Both,2.1115949153900146
COL1A2,Both,1.5010215044021606
COL1A2,Both,0.0
COL1A2,Both,2.5122005939483643
COL1A2,Both,0.0
COL1A2,Both,0.0
COL1A2,Both,1.9524617195129395
COL1A2,Both,2.3684041500091553
COL1A2,Both,3.021374225616455
COL1A2,Both,2.1588246822357178
COL1A2,Both,2.352139949798584
COL1A2,Both,2.2971978187561035
COL1A2,Both,2.531053066253662
COL1A2,Both,2.8120920658111572
COL1A2,Both,2.9584124088287354
COL1A2,Both,2.1539840698242188
COL1A2,Both,2.4627151489257812
COL1A2,Both,2.5494565963745117
COL1A2,Both,2.765868902206421
COL1A2,Both,2.1397156715393066
COL1A2,Both,0.0
COL1A2,Both,2.10323429107666
COL1A2,Both,2.3784217834472656
COL1A2,Both,2.348830461502075
COL1A2,Both,1.9409210681915283
COL1A2,Both,2.5329036712646484
COL1A2,Both,2.330738067626953
COL1A2,Both,2.6778151988983154
COL1A2,Both,1.5289254188537598
COL1A2,Both,0.0
COL1A2,Both,2.3751168251037598
COL1A2,Both,2.2966060638427734
COL1A2,Both,3.0626847743988037
COL1A2,Both,1.98149573802948
COL1A2,Both,1.9779858589172363
COL1A2,Both,2.5949811935424805
COL1A2,Both,0.0
COL1A2,Both,1.5045619010925293
COL1A2,Both,2.825322389602661
COL1A2,Both,2.615088701248169
COL1A2,Both,2.310615301132202
COL1A2,Both,2.637195587158203
COL1A2,Both,2.6927263736724854
COL1A2,Both,2.854519844055176
COL1A2,Both,0.0
COL1A2,Both,2.1032891273498535
COL1A2,Both,2.700610637664795
COL1A2,Both,2.73449444770813
COL1A2,Both,2.5143940448760986
COL1A2,Both,2.3330447673797607
COL1A2,Both,2.7193527221679688
COL1A2,Both,1.8239188194274902
COL1A2,Both,2.6331627368927
COL1A2,Both,2.4691436290740967
COL1A2,Both,3.1408956050872803
COL1A2,Both,2.083927631378174
COL1A2,Both,2.2459053993225098
COL1A2,Both,2.2762081623077393
COL1A2,Both,1.653135061264038
COL1A2,Both,2.6130943298339844
COL1A2,Both,2.7007896900177
COL1A2,Both,2.2878010272979736
COL1A2,Both,2.560072422027588
COL1A2,Both,1.2201285362243652
COL1A2,Both,2.1872565746307373
COL1A2,Both,2.4937617778778076
COL1A2,Both,2.2714643478393555
COL1A2,Both,1.6456193923950195
COL1A2,Both,2.0512585639953613
COL1A2,Both,2.572474241256714
COL1A2,Both,2.316087484359741
COL1A2,Both,2.6240086555480957
COL1A2,Both,2.7591803073883057
COL1A2,Both,2.447422981262207
COL1A2,Both,2.1427412033081055
COL1A2,Both,1.9082435369491577
COL1A2,Both,2.058427333831787
COL1A2,Both,0.0
COL1A2,Both,2.4498417377471924
COL1A2,Both,2.668135166168213
COL1A2,Both,1.9240504503250122
COL1A2,Both,2.4178402423858643
COL1A2,Both,2.47027325630188
COL1A2,Both,2.683110237121582
COL1A2,Both,0.0
COL1A2,Both,2.4447145462036133
COL1A2,Both,2.509188413619995
COL1A2,Both,2.595944404602051
COL1A2,Both,2.5792486667633057
COL1A2,Both,2.2998340129852295
COL1A2,Both,2.3946619033813477
COL1A2,Both,2.6831307411193848
COL1A2,Both,2.4344987869262695
COL1A2,Both,2.601666212081909
COL1A2,Both,2.4873249530792236
COL1A2,Both,1.9353187084197998
COL1A2,Both,1.3398592472076416
COL1A2,Both,2.6806998252868652
COL1A2,Both,2.590407371520996
COL1A2,Both,2.190791368484497
COL1A2,Both,2.7159314155578613
COL1A2,Both,2.5566272735595703
COL1A2,Both,2.3719375133514404
COL1A2,Both,2.4469857215881348
COL1A2,Both,2.6554105281829834
COL1A2,Both,2.5572571754455566
COL1A2,Both,1.9697833061218262
COL1A2,Both,2.422999858856201
COL1A2,Both,2.062570571899414
COL1A2,Both,2.4513940811157227
COL1A2,Both,2.517444372177124
COL1A2,Both,2.627180576324463
COL1A2,Both,2.450197458267212
COL1A2,Both,1.7721003293991089
COL1A2,Both,2.6979730129241943
COL1A2,Both,3.025679349899292
COL1A2,Both,1.6822664737701416
COL1A2,Both,2.57536244392395
COL1A2,Both,3.158012866973877
COL1A2,Both,2.5771865844726562
COL1A2,Both,2.60886549949646
COL1A2,Both,2.2688777446746826
COL1A2,Both,2.4197723865509033
COL1A2,Both,2.485738754272461
COL1A2,Both,0.0
COL1A2,Both,2.5428287982940674
COL1A2,Both,2.0604288578033447
COL1A2,Both,2.112896680831909
COL1A2,Both,1.3646457195281982
COL1A2,Both,2.223097085952759
COL1A2,Both,2.3576583862304688
COL1A2,Both,2.027730703353882
COL1A2,Both,2.138504981994629
COL1A2,Both,2.289212942123413
COL1A2,Both,2.3065526485443115
COL1A2,Both,2.5322751998901367
COL1A2,Both,2.6301393508911133
COL1A2,Both,2.2816059589385986
COL1A2,Both,2.531646490097046
COL1A2,Both,2.2862372398376465
COL1A2,Both,2.4798080921173096
COL1A2,Both,2.2940449714660645
COL1A2,Both,2.593531370162964
COL1A2,Both,2.0291383266448975
COL1A2,Both,2.7131474018096924
COL1A2,Both,2.4881389141082764
COL1A2,Both,2.386136293411255
COL1A2,Both,2.1304962635040283
COL1A2,Both,2.7221009731292725
COL1A2,Both,2.0314536094665527
COL1A2,Both,2.3993000984191895
COL1A2,Both,2.8320789337158203
COL1A2,Both,2.3336424827575684
COL1A2,Both,1.572076439857483
COL1A2,Both,1.78202486038208
COL1A2,Both,2.6595778465270996
COL1A2,Both,2.5671398639678955
COL1A2,Both,1.8340516090393066
COL1A2,Both,1.692274570465088
COL1A2,Both,2.5411365032196045
COL1A2,Both,2.3789050579071045
COL1A2,Both,0.0
COL1A2,Both,2.6355390548706055
COL1A2,Both,0.0
COL1A2,Both,2.306123733520508
COL1A2,Both,2.1126232147216797
COL1A2,Both,2.640653133392334
COL1A2,Both,1.7961297035217285
COL1A2,Both,2.4689834117889404
COL1A2,Both,2.156090021133423
COL1A2,Both,2.0707290172576904
COL1A2,Both,1.9961782693862915
COL1A2,Both,2.223173141479492
COL1A2,Both,2.517261505126953
COL1A2,Both,2.931002140045166
COL1A2,Both,1.8247488737106323
COL1A2,Both,2.0858941078186035
COL1A2,Both,2.0466816425323486
COL1A2,Both,2.373164653778076
COL1A2,Both,2.780205011367798
COL1A2,Both,1.5562716722488403
COL1A2,Both,2.314149856567383
COL1A2,Both,2.2903239727020264
COL1A2,Both,1.9695045948028564
COL1A2,Both,1.7168269157409668
COL1A2,Both,2.5720715522766113
COL1A2,Both,2.5396416187286377
COL1A2,Both,2.690403461456299
COL1A2,Both,2.450902223587036
COL1A2,Both,2.662322521209717
COL1A2,Both,2.5845158100128174
COL1A2,Both,2.487680673599243
COL1A2,Both,1.944657325744629
COL1A2,Both,2.432727813720703
COL1A2,Both,2.834212303161621
COL1A2,Both,1.917849063873291
COL1A2,Both,2.679409980773926
COL1A2,Both,2.4903504848480225
COL1A2,Both,2.151414632797241
COL1A2,Both,2.7401206493377686
COL1A2,Both,1.948826789855957
COL1A2,Both,2.4333274364471436
COL1A2,Both,2.009572982788086
COL1A2,Both,1.9114526510238647
COL1A2,Both,2.4120867252349854
COL1A2,Both,1.468430995941162
COL1A2,Both,2.3238909244537354
COL1A2,Both,2.3752663135528564
COL1A2,Both,1.9609084129333496
COL1A2,Both,2.5490410327911377
COL1A2,Both,2.571897506713867
COL1A2,Both,2.3862009048461914
COL1A2,Both,1.9722141027450562
COL1A2,Both,2.194812536239624
COL1A2,Both,2.9192755222320557
COL1A2,Both,2.3287179470062256
COL1A2,Both,2.1989827156066895
COL1A2,Both,2.2652907371520996
COL1A2,Both,2.629936456680298
COL1A2,Both,1.9294670820236206
COL1A2,Both,1.9180142879486084
COL1A2,Both,2.17779278755188
COL1A2,Both,2.2044711112976074
COL1A2,Both,1.9129149913787842
COL1A2,Both,2.3822543621063232
COL1A2,Both,2.274043083190918
COL1A2,Both,0.0
COL1A2,Both,2.4892852306365967
COL1A2,Both,2.33547043800354
COL1A2,Both,2.301940441131592
COL1A2,Both,2.6357901096343994
COL1A2,Both,0.0
COL1A2,Both,2.3159403800964355
COL1A2,Both,2.9123895168304443
COL1A2,Both,2.706221342086792
COL1A2,Both,1.8814783096313477
COL1A2,Both,2.513005495071411
COL1A2,Both,2.460887908935547
COL1A2,Both,2.4709084033966064
COL1A2,Both,2.386335849761963
COL1A2,Both,1.9756965637207031
COL1A2,Both,2.333362340927124
COL1A2,Both,1.8064347505569458
COL1A2,Both,2.0466456413269043
COL1A2,Both,2.2569637298583984
COL1A2,Both,2.3593316078186035
COL1A2,Both,1.9978525638580322
COL1A2,Both,2.4604313373565674
COL1A2,Both,2.1352925300598145
COL1A2,Both,2.509303092956543
COL1A2,Both,2.6368980407714844
COL1A2,Both,1.9498904943466187
COL1A2,Both,2.6672353744506836
COL1A2,Both,2.4558985233306885
COL1A2,Both,2.1969757080078125
COL1A2,Both,1.0908055305480957
COL1A2,Both,0.0
COL1A2,Both,2.3702147006988525
COL1A2,Both,2.507331132888794
COL1A2,Both,1.9664232730865479
COL1A2,Both,2.4152655601501465
COL1A2,Both,2.523442268371582
COL1A2,Both,2.765479326248169
COL1A2,Both,2.6057169437408447
COL1A2,Both,2.31573486328125
COL1A2,Both,2.3734960556030273
COL1A2,Both,0.0
COL1A2,Both,2.54008150100708
COL1A2,Both,3.0141782760620117
COL1A2,Both,2.5258243083953857
COL1A2,Both,0.0
COL1A2,Both,2.0162816047668457
COL1A2,Both,2.4718666076660156
COL1A2,Both,2.6818511486053467
COL1A2,Both,1.5714129209518433
COL1A2,Both,2.303570032119751
COL1A2,Both,2.5769050121307373
COL1A2,Both,2.5008158683776855
COL1A2,Both,2.2337465286254883
COL1A2,Both,2.2103652954101562
COL1A2,Both,0.0
COL1A2,Both,1.7697263956069946
COL1A2,Both,2.3992719650268555
COL1A2,Both,2.155566930770874
COL1A2,Both,2.5499401092529297
COL1A2,Both,2.4344122409820557
COL1A2,Both,2.4918582439422607
COL1A2,Both,2.070864677429199
COL1A2,Both,2.4130380153656006
COL1A2,Both,2.004089117050171
COL1A2,Both,1.9612594842910767
COL1A2,Both,2.457833766937256
COL1A2,Both,2.3103394508361816
COL1A2,Both,2.2340707778930664
COL1A2,Both,1.96086585521698
COL1A2,Both,2.7642762660980225
COL1A2,Both,2.521803379058838
COL1A2,Both,2.397397756576538
COL1A2,Both,2.077420711517334
COL1A2,Both,2.371344566345215
COL1A2,Both,1.8642112016677856
COL1A2,Both,2.486163377761841
COL1A2,Both,2.7467873096466064
COL1A2,Both,2.2951855659484863
COL1A2,Both,0.0
COL1A2,Both,2.2678964138031006
COL1A2,Both,2.627913475036621
COL1A2,Both,2.78759503364563
COL1A2,Both,2.684576988220215
COL1A2,Both,2.5753135681152344
COL1A2,Both,2.829017162322998
COL1A2,Both,2.194579839706421
COL1A2,Both,2.881248712539673
COL1A2,Both,2.3929390907287598
COL1A2,Both,2.598607301712036
COL1A2,Both,2.1174228191375732
COL1A2,Both,0.0
COL1A2,Both,2.692662477493286
COL1A2,Both,2.3615212440490723
COL1A2,Both,2.71928071975708
COL1A2,Both,2.4292588233947754
COL1A2,Both,2.159471273422241
COL1A2,Both,2.0841267108917236
COL1A2,Both,2.8904616832733154
COL1A2,Both,2.0796010494232178
COL1A2,Both,1.859271764755249
COL1A2,Both,1.5498472452163696
COL1A2,Both,2.523613691329956
COL1A2,Both,1.5056253671646118
COL1A2,Both,0.0
COL1A2,Both,0.0
COL1A2,Both,2.6898951530456543
COL1A2,Both,2.52712345123291
COL1A2,Both,3.041748285293579
COL1A2,Both,2.481358289718628
COL1A2,Both,2.675023317337036
COL1A2,Both,2.6762192249298096
COL1A2,Both,2.4979658126831055
COL1A2,Both,2.1204731464385986
COL1A2,Both,2.3948426246643066
COL1A2,Both,2.0392088890075684
COL1A2,Both,2.349452257156372
COL1A2,Both,2.4805831909179688
COL1A2,Both,2.1566388607025146
COL1A2,Both,2.2339868545532227
COL1A2,Both,2.4037623405456543
COL1A2,Both,2.5092289447784424
COL1A2,Both,2.519486427307129
COL1A2,Both,2.6592376232147217
COL1A2,Both,1.891408920288086
COL1A2,Both,2.0519919395446777
COL1A2,Both,2.2963109016418457
COL1A2,Both,2.1959903240203857
COL1A2,Both,3.0763769149780273
COL1A2,Both,2.2721123695373535
COL1A2,Both,2.094486713409424
COL1A2,Both,2.3150582313537598
COL1A2,Both,2.6018927097320557
COL1A2,Both,1.7229223251342773
COL1A2,Both,2.4499528408050537
COL1A2,Both,2.6976516246795654
COL1A2,Both,2.101716995239258
COL1A2,Both,2.6444268226623535
COL1A2,Both,2.5293169021606445
COL1A2,Both,2.6242363452911377
COL1A2,Both,2.9309043884277344
COL1A2,Both,2.4979166984558105
COL1A2,Both,3.1582143306732178
COL1A2,Both,2.252135992050171
COL1A2,Both,2.9578518867492676
COL1A2,Both,2.881649971008301
COL1A2,Both,2.2708396911621094
COL1A2,Both,2.608416795730591
COL1A2,Both,2.263023853302002
COL1A2,Both,2.583981513977051
COL1A2,Both,2.2374684810638428
COL1A2,Both,0.0
COL1A2,Both,2.5635671615600586
COL1A2,Both,2.8507814407348633
COL1A2,Both,2.1991424560546875
COL1A2,Both,2.1679940223693848
COL1A2,Both,2.520660877227783
COL1A2,Both,2.279337167739868
COL1A2,Both,1.2830363512039185
COL1A2,Both,2.469304323196411
COL1A2,Both,2.239365816116333
COL1A2,Both,2.840768814086914
COL1A2,Both,2.3142645359039307
COL1A2,Both,1.7528237104415894
COL1A2,Both,2.4726829528808594
COL1A2,Both,2.249297618865967
COL1A2,Both,2.4591565132141113
COL1A2,Both,2.2518410682678223
COL1A2,Both,2.6447181701660156
COL1A2,Both,2.7319164276123047
COL1A2,Both,2.7796077728271484
COL1A2,Both,1.8438397645950317
COL1A2,Both,2.26935076713562
COL1A2,Both,2.442148208618164
COL1A2,Both,2.434187650680542
COL1A2,Both,2.2970800399780273
COL1A2,Both,2.5619957447052
COL1A2,Both,2.5897510051727295
COL1A2,Both,2.43190598487854
COL1A2,Both,1.8019086122512817
COL1A2,Both,2.450103521347046
COL1A2,Both,2.1741762161254883
COL1A2,Both,2.452331781387329
COL1A2,Both,2.1506059169769287
COL1A2,Both,1.7859598398208618
COL1A2,Both,0.0
COL1A2,Both,2.8489065170288086
COL1A2,Both,2.631880044937134
COL1A2,Both,2.379488468170166
COL1A2,Both,2.4536492824554443
COL1A2,Both,1.8014607429504395
COL1A2,Both,1.8689510822296143
COL1A2,Both,1.9619954824447632
COL1A2,Both,0.0
COL1A2,Both,2.3560233116149902
COL1A2,Both,1.278228998184204
COL1A2,Both,2.30521297454834
COL1A2,Both,2.497213840484619
COL1A2,Both,2.9175195693969727
COL1A2,Both,2.443695306777954
COL1A2,Both,2.24159574508667
COL1A2,Both,2.5254437923431396
COL1A2,Both,2.644390344619751
COL1A2,Both,2.203711748123169
COL1A2,Both,2.4594855308532715
COL1A2,Both,2.694080352783203
COL1A2,Both,2.7846944332122803
COL1A2,Both,2.204890727996826
COL1A2,Both,2.0909154415130615
COL1A2,Both,2.6293535232543945
COL1A2,Both,2.7059481143951416
COL1A2,Both,2.606161594390869
COL1A2,Both,2.040285110473633
COL1A2,Both,2.3294825553894043
COL1A2,Both,2.5772507190704346
COL1A2,Both,2.7520999908447266
COL1A2,Both,2.5868124961853027
COL1A2,Both,1.0107073783874512
COL1A2,Both,1.8816704750061035
COL1A2,Both,2.6063549518585205
COL1A2,Both,0.0
COL1A2,Both,2.2437381744384766
COL1A2,Both,1.7343648672103882
COL1A2,Both,2.323343276977539
COL1A2,Both,1.4564125537872314
COL1A2,Both,2.435934066772461
COL1A2,Both,2.635596513748169
COL1A2,Both,2.1164181232452393
COL1A2,Both,3.1561851501464844
COL1A2,Both,2.366156816482544
COL1A2,Both,1.8303256034851074
COL1A2,Both,2.22509503364563
COL1A2,Both,0.0
COL1A2,Both,2.608794689178467
COL1A2,Both,2.4752848148345947
COL1A2,Both,2.597525119781494
COL1A2,Both,2.3939926624298096
COL1A2,Both,2.2608048915863037
COL1A2,Both,2.206810235977173
COL1A2,Both,2.191014528274536
COL1A2,Both,2.167154312133789
COL1A2,Both,0.0
COL1A2,Both,2.457645893096924
COL1A2,Both,2.605821132659912
COL1A2,Both,2.2152440547943115
COL1A2,Both,1.9816672801971436
COL1A2,Both,2.822988271713257
COL1A2,Both,2.3677942752838135
COL1A2,Both,1.7774419784545898
COL1A2,Both,2.4247055053710938
COL1A2,Both,2.27305269241333
COL1A2,Both,2.0327274799346924
COL1A2,Both,0.0
COL1A2,Both,2.383509635925293
COL1A2,Both,2.6764893531799316
COL1A2,Both,2.1256327629089355
COL1A2,Both,2.5068960189819336
COL1A2,Both,2.550546646118164
COL1A2,Both,2.7615811824798584
COL1A2,Both,2.430217742919922
COL1A2,Both,2.0424132347106934
COL1A2,Both,1.953623652458191
COL1A2,Both,1.8353967666625977
COL1A2,Both,2.8511087894439697
COL1A2,Both,2.4399704933166504
COL1A2,Both,2.3586277961730957
COL1A2,Both,2.529078960418701
COL1A2,Both,2.378526449203491
COL1A2,Both,2.3040173053741455
COL1A2,Both,2.5012612342834473
COL1A2,Both,0.0
COL1A2,Both,2.7530620098114014
COL1A2,Both,1.9116020202636719
COL1A2,Both,2.412292003631592
COL1A2,Both,2.797593116760254
COL1A2,Both,2.6173057556152344
COL1A2,Both,2.241292715072632
COL1A2,Both,2.552922248840332
COL1A2,Both,3.0120694637298584
COL1A2,Both,2.478499412536621
COL1A2,Both,2.208172559738159
COL1A2,Both,2.2683708667755127
COL1A2,Both,2.4373509883880615
COL1A2,Both,2.852771520614624
COL1A2,Both,2.3381614685058594
COL1A2,Both,2.537691354751587
COL1A2,Both,2.378699779510498
COL1A2,Both,2.4042177200317383
COL1A2,Both,2.2403414249420166
COL1A2,Both,2.674450635910034
COL1A2,Both,2.2659804821014404
COL1A2,Both,2.0365002155303955
COL1A2,Both,2.0616989135742188
COL1A2,Both,2.1562323570251465
COL1A2,Both,1.9922358989715576
COL1A2,Both,3.0993475914001465
COL1A2,Both,2.7217259407043457
COL1A2,Both,0.0
COL1A2,Both,2.365971088409424
COL1A2,Both,2.5122172832489014
COL1A2,Both,2.556007146835327
COL1A2,Both,2.5770695209503174
COL1A2,Both,2.2672901153564453
COL1A2,Both,2.25811505317688
COL1A2,Both,2.4516053199768066
COL1A2,Both,2.5837953090667725
COL1A2,Both,2.5538246631622314
COL1A2,Both,3.0339572429656982
COL1A2,Both,2.375619411468506
COL1A2,Both,1.9905153512954712
COL1A2,Both,2.4838716983795166
COL1A2,Both,2.061488151550293
COL1A2,Both,2.463392734527588
COL1A2,Both,2.25813889503479
COL1A2,Both,2.6099140644073486
COL1A2,Both,2.606010913848877
COL1A2,Both,2.597332000732422
COL1A2,Both,2.685703992843628
COL1A2,Both,2.242316246032715
COL1A2,Both,2.375027656555176
COL1A2,Both,2.265045642852783
COL1A2,Both,0.0
COL1A2,Both,2.632378578186035
COL1A2,Both,2.619215488433838
COL1A2,Both,2.4192821979522705
COL1A2,Both,2.530390977859497
COL1A2,Both,2.6441776752471924
COL1A2,Both,2.3074448108673096
COL1A2,Both,2.561861276626587
COL1A2,Both,2.235257625579834
COL1A2,Both,2.23165225982666
COL1A2,Both,2.2472498416900635
COL1A2,Both,0.0
COL1A2,Both,2.5151190757751465
COL1A2,Both,2.637352466583252
COL1A2,Both,1.7037537097930908
COL1A2,Both,2.4123167991638184
COL1A2,Both,2.5343539714813232
COL1A2,Both,3.0288453102111816
COL1A2,Both,1.8803352117538452
COL1A2,Both,2.4200544357299805
COL1A2,Both,2.0780458450317383
COL1A2,Both,2.487062454223633
COL1A2,Both,2.738058090209961
COL1A2,Both,2.0832784175872803
COL1A2,Both,2.075772762298584
COL1A2,Both,1.7677756547927856
COL1A2,Both,2.3329484462738037
COL1A2,Both,2.2155582904815674
COL1A2,Both,2.2659108638763428
COL1A2,Both,2.5412375926971436
COL1A2,Both,2.6053037643432617
COL1A2,Both,2.6858408451080322
COL1A2,Both,2.655625581741333
COL1A2,Both,2.2633578777313232
COL1A2,Both,2.354316234588623
COL1A2,Both,2.512380838394165
COL1A2,Both,2.740175724029541
COL1A2,Both,2.5462560653686523
COL1A2,Both,2.3713512420654297
COL1A2,Both,2.517285108566284
COL1A2,Both,2.0600156784057617
COL1A2,Both,0.0
COL1A2,Both,2.0298635959625244
COL1A2,Both,2.840665340423584
COL1A2,Both,2.436169385910034
COL1A2,Both,2.2886738777160645
COL1A2,Both,1.9530514478683472
COL1A2,Both,2.3596158027648926
COL1A2,Both,0.0
COL1A2,Both,2.6047720909118652
COL1A2,Both,2.664637327194214
COL1A2,Both,0.0
COL1A2,Both,1.7573447227478027
COL1A2,Both,2.467885971069336
COL1A2,Both,2.623063087463379
COL1A2,Both,2.437307834625244
COL1A2,Both,2.6394288539886475
COL1A2,Both,2.3640968799591064
COL1A2,Both,2.645128011703491
COL1A2,Both,2.5223705768585205
COL1A2,Both,2.661304473876953
COL1A2,Both,2.0097548961639404
COL1A2,Both,2.423884630203247
COL1A2,Both,2.021358013153076
COL1A2,Both,2.100593090057373
COL1A2,Both,2.3546934127807617
COL1A2,Both,2.5222604274749756
COL1A2,Both,2.4728527069091797
COL1A2,Both,2.1488399505615234
COL1A2,Both,2.487689733505249
COL1A2,Both,2.445559024810791
COL1A2,Both,2.2520053386688232
COL1A2,Both,1.857608675956726
COL1A2,Both,2.5077359676361084
COL1A2,Both,2.8231210708618164
COL1A2,Both,3.0819196701049805
COL1A2,Both,2.46663761138916
COL1A2,Both,2.3859426975250244
COL1A2,Both,2.287592649459839
COL1A2,Both,2.0542192459106445
COL1A2,Both,2.473978281021118
COL1A2,Both,2.519252061843872
COL1A2,Both,0.0
COL1A2,Both,0.0
COL1A2,Both,2.6038527488708496
COL1A2,Both,2.416114568710327
COL1A2,Both,2.628711462020874
COL1A2,Both,2.2745141983032227
COL1A2,Both,2.7751448154449463
COL1A2,Both,2.1430187225341797
COL1A2,Both,2.0922422409057617
COL1A2,Both,1.5165066719055176
COL1A2,Both,2.0456464290618896
COL1A2,Both,2.544060230255127
COL1A2,Both,2.440953254699707
COL1A2,Both,2.349778175354004
COL1A2,Both,2.586557626724243
COL1A2,Both,2.5471150875091553
COL1A2,Both,2.369213342666626
COL1A2,Both,2.385530948638916
COL1A2,Both,2.3047432899475098
COL1A2,Both,0.0
COL1A2,Both,2.470165252685547
COL1A2,Both,2.8188066482543945
COL1A2,Both,2.4995062351226807
COL1A2,Both,1.4772908687591553
COL1A2,Both,1.865995168685913
COL1A2,Both,2.513301134109497
COL1A2,Both,2.4263203144073486
COL1A2,Both,2.7247676849365234
COL1A2,Both,2.305319309234619
COL1A2,Both,2.372107982635498
COL1A2,Both,2.172076463699341
COL1A2,Both,1.1330790519714355
COL1A2,Both,2.510977268218994
COL1A2,Both,2.7452168464660645
COL1A2,Both,2.493475914001465
COL1A2,Both,2.662264347076416
COL1A2,Both,2.535611629486084
COL1A2,Both,1.976322889328003
COL1A2,Both,2.1374733448028564
COL1A2,Both,2.5930216312408447
COL1A2,Both,2.7459816932678223
COL1A2,Both,2.544045925140381
COL1A2,Both,2.4848365783691406
COL1A2,Both,2.464829683303833
COL1A2,Both,2.411217212677002
COL1A2,Both,2.27618145942688
COL1A2,Both,2.6678667068481445
COL1A2,Both,2.486872911453247
COL1A2,Both,1.5847525596618652
COL1A2,Both,2.4598445892333984
COL1A2,Both,2.3347091674804688
COL1A2,Both,2.265796661376953
COL1A2,Both,2.6954784393310547
COL1A2,Both,3.1928861141204834
COL1A2,Both,2.3726518154144287
COL1A2,Both,2.79079270362854
COL1A2,Both,2.1174964904785156
COL1A2,Both,2.4591379165649414
COL1A2,Both,2.987063407897949
COL1A2,Both,1.611715316772461
COL1A2,Both,0.0
COL1A2,Both,2.4059031009674072
COL1A2,Both,1.806875228881836
COL1A2,Both,2.098004102706909
COL1A2,Both,2.363276243209839
COL1A2,Both,2.083141326904297
COL1A2,Both,1.5284481048583984
COL1A2,Both,2.8076179027557373
COL1A2,Both,2.5631699562072754
COL1A2,Both,2.230297565460205
COL1A2,Both,2.5740818977355957
COL1A2,Both,2.6067051887512207
COL1A2,Both,2.3166494369506836
COL1A2,Both,2.3422887325286865
COL1A2,Both,2.1121463775634766
COL1A2,Both,0.0
COL1A2,Both,2.442958354949951
COL1A2,Both,2.5732343196868896
COL1A2,Both,2.822147846221924
COL1A2,Both,0.0
COL1A2,Both,2.385711193084717
COL1A2,Both,0.0
COL1A2,Both,2.0135509967803955
COL1A2,Both,2.700572967529297
COL1A2,Both,2.7820024490356445
COL1A2,Both,2.704064130783081
COL1A2,Both,2.6806447505950928
COL1A2,Both,1.3523585796356201
COL1A2,Both,2.643061637878418
COL1A2,Both,2.4206433296203613
COL1A2,Both,2.0216712951660156
COL1A2,Both,2.343247890472412
COL1A2,Both,2.855381488800049
COL1A2,Both,2.5837783813476562
COL1A2,Both,2.4376299381256104
COL1A2,Both,2.002588987350464
COL1A2,Both,2.1048014163970947
COL1A2,Both,2.8030588626861572
COL1A2,Both,2.3550167083740234
COL1A2,Both,2.6460702419281006
COL1A2,Both,2.2515876293182373
COL1A2,Both,2.699232339859009
COL1A2,Both,2.4091122150421143
COL1A2,Both,2.60278582572937
COL1A2,Both,2.632065534591675
COL1A2,Both,1.4296305179595947
COL1A2,Both,2.3400139808654785
COL1A2,Both,2.0881266593933105
COL1A2,Both,2.518758535385132
COL1A2,Both,2.375884532928467
COL1A2,Both,1.8925857543945312
COL1A2,Both,2.299058198928833
COL1A2,Both,1.2189139127731323
COL1A2,Both,2.217303991317749
COL1A2,Both,2.014185905456543
COL1A2,Both,2.1489293575286865
COL1A2,Both,2.1634812355041504
COL1A2,Both,2.3664610385894775
COL1A2,Both,2.2201473712921143
COL1A2,Both,2.2836506366729736
COL1A2,Both,1.8464434146881104
COL1A2,Both,2.268791437149048
COL1A2,Both,1.9199892282485962
COL1A2,Both,2.2854108810424805
COL1A2,Both,2.8175227642059326
COL1A2,Both,2.4464845657348633
COL1A2,Both,0.0
COL1A2,Both,2.226898670196533
COL1A2,Both,2.2277584075927734
COL1A2,Both,2.629072904586792
COL1A2,Both,2.6711556911468506
COL1A2,Both,1.9060561656951904
COL1A2,Both,2.7852160930633545
COL1A2,Both,2.359229326248169
COL1A2,Both,2.4470458030700684
COL1A2,Both,2.2984085083007812
COL1A2,Both,2.612466335296631
COL1A2,Both,2.071237325668335
COL1A2,Both,1.5207687616348267
COL1A2,Both,1.832069754600525
COL1A2,Both,0.0
COL1A2,Both,2.4642629623413086
COL1A2,Both,2.196775197982788
COL1A2,Both,2.4536659717559814
COL1A2,Both,2.4758849143981934
COL1A2,Both,2.664923906326294
COL1A2,Both,2.346395492553711
COL1A2,Both,2.9463696479797363
COL1A2,Both,2.519463062286377
COL1A2,Both,2.7258222103118896
COL1A2,Both,2.867140531539917
COL1A2,Both,2.3783419132232666
COL1A2,Both,2.77654767036438
COL1A2,Both,2.1497485637664795
COL1A2,Both,2.659512996673584
COL1A2,Both,2.6899521350860596
COL1A2,Both,1.2103410959243774
COL1A2,Both,2.7043325901031494
COL1A2,Both,2.1339659690856934
COL1A2,Both,2.5079689025878906
COL1A2,Both,2.2217156887054443
COL1A2,Both,2.5952694416046143
COL1A2,Both,2.054337739944458
COL1A2,Both,2.677807331085205
COL1A2,Both,2.2484560012817383
COL1A2,Both,2.40834903717041
COL1A2,Both,2.569863796234131
COL1A2,Both,2.1219420433044434
COL1A2,Both,0.0
COL1A2,Both,2.5139594078063965
COL1A2,Both,2.5644586086273193
COL1A2,Both,1.9190478324890137
COL1A2,Both,2.591933250427246
COL1A2,Both,1.9751309156417847
COL1A2,Both,2.0974740982055664
COL1A2,Both,2.3568615913391113
COL1A2,Both,2.5084924697875977
COL1A2,Both,2.685060501098633
COL1A2,Both,2.546191930770874
COL1A2,Both,2.6210250854492188
COL1A2,Both,2.150517463684082
COL1A2,Both,2.445272445678711
COL1A2,Both,2.5379271507263184
COL1A2,Both,2.8499934673309326
COL1A2,Both,2.7370445728302
COL1A2,Both,2.5439298152923584
COL1A2,Both,2.797874689102173
COL1A2,Both,2.3129873275756836
COL1A2,Both,1.1772538423538208
COL1A2,Both,2.6517062187194824
COL1A2,Both,1.9575997591018677
COL1A2,Both,2.4697437286376953
COL1A2,Both,2.456378221511841
COL1A2,Both,2.7251598834991455
COL1A2,Both,1.4816389083862305
COL1A2,Both,2.5894951820373535
COL1A2,Both,2.5824968814849854
COL1A2,Both,2.5161893367767334
COL1A2,Both,2.2274787425994873
COL1A2,Both,2.6202962398529053
COL1A2,Both,2.581786632537842
COL1A2,Both,2.381182909011841
COL1A2,Both,2.0643887519836426
COL1A2,Both,0.0
COL1A2,Both,2.482908010482788
COL1A2,Both,2.8525402545928955
COL1A2,Both,2.548767328262329
COL1A2,Both,2.273043155670166
COL1A2,Both,2.48931622505188
COL1A2,Both,2.413586378097534
COL1A2,Both,2.53495454788208
COL1A2,Both,2.160268545150757
COL1A2,Both,2.4638235569000244
COL1A2,Both,2.5102789402008057
COL1A2,Both,2.779719829559326
COL1A2,Both,2.269646406173706
COL1A2,Both,2.3938076496124268
COL1A2,Both,2.439497232437134
COL1A2,Both,2.0490756034851074
COL1A2,Both,2.592137575149536
COL1A2,Both,1.487606406211853
COL1A2,Both,2.1466379165649414
COL1A2,Both,2.318218946456909
COL1A2,Both,1.7236521244049072
COL1A2,Both,2.121238946914673
COL1A2,Both,2.608354091644287
COL1A2,Both,1.5899815559387207
COL1A2,Both,2.138981580734253
COL1A2,Both,2.6848134994506836
COL1A2,Both,2.6380016803741455
COL1A2,Both,2.270266532897949
COL1A2,Both,2.426727771759033
COL1A2,Both,2.942430257797241
COL1A2,Both,2.5581576824188232
COL1A2,Both,2.6588387489318848
COL1A2,Both,2.3497555255889893
COL1A2,Both,2.600532293319702
COL1A2,Both,2.5094761848449707
COL1A2,Both,0.0
COL1A2,Both,3.2679426670074463
COL1A2,Both,2.713805675506592
COL1A2,Both,2.1955811977386475
COL1A2,Both,1.8399394750595093
COL1A2,Both,2.7242228984832764
COL1A2,Both,2.682849884033203
COL1A2,Both,2.2093312740325928
COL1A2,Both,2.1489131450653076
COL1A2,Both,2.328599452972412
COL1A2,Both,2.8285062313079834
COL1A2,Both,2.43275785446167
COL1A2,Both,2.368304491043091
COL1A2,Both,0.0
COL1A2,Both,2.667795181274414
COL1A2,Both,2.584564685821533
COL1A2,Both,2.4342663288116455
COL1A2,Both,2.6453776359558105
COL1A2,Both,1.785703420639038
COL1A2,Both,2.5252013206481934
COL1A2,Both,2.593050241470337
COL1A2,Both,2.631183385848999
COL1A2,Both,2.6184141635894775
COL1A2,Both,1.9988720417022705
COL1A2,Both,2.6349918842315674
COL1A2,Both,2.273890972137451
COL1A2,Both,2.0478034019470215
COL1A2,Both,2.7678990364074707
COL1A2,Both,2.6904895305633545
COL1A2,Both,2.5527169704437256
COL1A2,Both,2.690931558609009
COL1A2,Both,2.202171564102173
COL1A2,Both,3.4198696613311768
COL1A2,Both,2.3070173263549805
COL1A2,Both,2.57184100151062
COL1A2,Both,2.3345224857330322
COL1A2,Both,2.4453184604644775
COL1A2,Both,1.6871379613876343
COL1A2,Both,2.7274117469787598
COL1A2,Both,2.264960765838623
COL1A2,Both,2.2685718536376953
COL1A2,Both,1.5382435321807861
COL1A2,Both,3.044039487838745
COL1A2,Both,2.1320576667785645
COL1A2,Both,2.482403516769409
COL1A2,Both,2.53684401512146
COL1A2,Both,2.7126147747039795
COL1A2,Both,2.3011622428894043
COL1A2,Both,2.4119205474853516
COL1A2,Both,1.2049486637115479
COL1A2,Both,2.7337851524353027
COL1A2,Both,2.3298895359039307
COL1A2,Both,2.148334503173828
COL1A2,Both,1.8714628219604492
COL1A2,Both,1.885937213897705
COL1A2,Both,2.5366592407226562
COL1A2,Both,2.046292304992676
COL1A2,Both,1.691662311553955
COL1A2,Both,2.61306095123291
COL1A2,Both,2.1931822299957275
COL1A2,Both,2.432290554046631
COL1A2,Both,2.4091238975524902
COL1A2,Both,2.5383501052856445
COL1A2,Both,2.4129080772399902
COL1A2,Both,2.095654249191284
COL1A2,Both,1.7640910148620605
COL1A2,Both,2.622621536254883
COL1A2,Both,2.5269696712493896
COL1A2,Both,2.8407580852508545
COL1A2,Both,1.4430550336837769
COL1A2,Both,2.076645851135254
COL1A2,Both,2.1946263313293457
COL1A2,Both,2.376706838607788
COL1A2,Both,2.085026979446411
COL1A2,Both,2.554506778717041
COL1A2,Both,2.0870792865753174
COL1A2,Both,0.0
COL1A2,Both,2.5015246868133545
COL1A2,Both,2.417715072631836
COL1A2,Both,2.5347988605499268
COL1A2,Both,2.6931893825531006
COL1A2,Both,2.1104238033294678
COL1A2,Both,2.6948506832122803
COL1A2,Both,2.2745163440704346
COL1A2,Both,2.8816280364990234
COL1A2,Both,2.944438934326172
COL1A2,Both,3.2118759155273438
COL1A2,Both,3.012166976928711
COL1A2,Both,2.4587385654449463
COL1A2,Both,2.5138814449310303
COL1A2,Both,2.2281429767608643
COL1A2,Both,2.0240299701690674
COL1A2,Both,2.612969160079956
COL1A2,Both,2.360142946243286
COL1A2,Both,2.630756378173828
COL1A2,Both,2.5426151752471924
COL1A2,Both,2.3024892807006836
COL1A2,Both,2.021005630493164
COL1A2,Both,2.1760711669921875
COL1A2,Both,2.392021417617798
COL1A2,Both,2.5306220054626465
COL1A2,Both,2.6005353927612305
COL1A2,Both,2.112248659133911
COL1A2,Both,2.2475271224975586
COL1A2,Both,2.7002556324005127
COL1A2,Both,2.0658621788024902
COL1A2,Both,2.5345046520233154
COL1A2,Both,2.609744071960449
COL1A2,Both,2.369844913482666
COL1A2,Both,2.669987916946411
COL1A2,Both,2.323383092880249
COL1A2,Both,1.9020590782165527
COL1A2,Both,2.374160051345825
COL1A2,Both,2.644258737564087
COL1A2,Both,2.6159374713897705
COL1A2,Both,2.5807623863220215
COL1A2,Both,2.030658721923828
COL1A2,Both,2.283466339111328
COL1A2,Both,2.508366823196411
COL1A2,Both,2.5669429302215576
COL1A2,Both,2.499859571456909
COL1A2,Both,2.3237085342407227
COL1A2,Both,2.4476304054260254
COL1A2,Both,3.234097480773926
COL1A2,Both,2.35603666305542
COL1A2,Both,2.718916177749634
COL1A2,Both,2.442492723464966
COL1A2,Both,2.7324488162994385
COL1A2,Both,0.0
COL1A2,Both,2.3207333087921143
COL1A2,Both,3.01295804977417
COL1A2,Both,2.6336634159088135
COL1A2,Both,2.6331045627593994
COL1A2,Both,2.1077775955200195
COL1A2,Both,1.9731671810150146
COL1A2,Both,2.236595630645752
COL1A2,Both,2.7028582096099854
COL1A2,Both,2.338771104812622
COL1A2,Both,2.381594657897949
COL1A2,Both,2.0532824993133545
COL1A2,Both,2.733738899230957
COL1A2,Both,2.367241382598877
COL1A2,Both,2.6754636764526367
COL1A2,Both,2.1883275508880615
COL1A2,Both,2.4402718544006348
COL1A2,Both,2.5085644721984863
COL1A2,Both,2.248664379119873
COL1A2,Both,2.4011390209198
COL1A2,Both,2.3424391746520996
COL1A2,Both,2.0865933895111084
COL1A2,Both,1.9522571563720703
COL1A2,Both,2.915454626083374
COL1A2,Both,2.378636360168457
COL1A2,Both,2.6784491539001465
COL1A2,Both,2.315520763397217
COL1A2,Both,1.7386804819107056
COL1A2,Both,1.7678302526474
COL1A2,Both,2.4794137477874756
COL1A2,Both,2.2841107845306396
COL1A2,Both,2.362623691558838
COL1A2,Both,2.451307773590088
COL1A2,Both,2.5659549236297607
COL1A2,Both,2.300856828689575
COL1A2,Both,2.4218335151672363
COL1A2,Both,2.67410945892334
COL1A2,Both,2.053438186645508
COL1A2,Both,2.4239537715911865
COL1A2,Both,2.5709118843078613
COL1A2,Both,2.7136075496673584
COL1A2,Both,2.558278799057007
COL1A2,Both,2.555820941925049
COL1A2,Both,2.4188623428344727
COL1A2,Both,2.1875061988830566
COL1A2,Both,0.0
COL1A2,Both,2.2761459350585938
COL1A2,Both,2.1516077518463135
COL1A2,Both,2.2512996196746826
COL1A2,Both,2.4546563625335693
COL1A2,Both,0.0
COL1A2,Both,2.306473731994629
COL1A2,Both,2.295182704925537
COL1A2,Both,2.473578453063965
COL1A2,Both,2.480666160583496
COL1A2,Both,2.309671401977539
COL1A2,Both,2.430284023284912
COL1A2,Both,2.232813596725464
COL1A2,Both,3.0052943229675293
COL1A2,Both,2.352687358856201
COL1A2,Both,1.5914430618286133
COL1A2,Both,2.3314783573150635
COL1A2,Both,2.3037290573120117
COL1A2,Both,1.396485686302185
COL1A2,Both,2.210937976837158
COL1A2,Both,2.695338249206543
COL1A2,Both,0.0
COL1A2,Both,2.078601598739624
COL1A2,Both,2.474539279937744
COL1A2,Both,0.0
COL1A2,Both,3.090214967727661
COL1A2,Both,2.143054723739624
COL1A2,Both,2.441220283508301
COL1A2,Both,2.102640390396118
COL1A2,Both,2.242018699645996
COL1A2,Both,2.522505521774292
COL1A2,Both,2.7975709438323975
COL1A2,Both,1.96597421169281
COL1A2,Both,2.6546249389648438
COL1A2,Both,2.9120051860809326
COL1A2,Both,2.598024845123291
COL1A2,Both,2.232719898223877
COL1A2,Both,2.5178871154785156
COL1A2,Both,0.0
COL1A2,Both,2.850123643875122
COL1A2,Both,2.6746826171875
COL1A2,Both,2.1992197036743164
COL1A2,Both,2.5794098377227783
COL1A2,Both,2.1780452728271484
COL1A2,Both,2.237898111343384
COL1A2,Both,2.209266185760498
COL1A2,Both,0.0
COL1A2,Both,2.4313406944274902
COL1A2,Both,1.9338176250457764
COL1A2,Both,3.0753777027130127
COL1A2,Both,2.7552993297576904
COL1A2,Both,2.2403883934020996
COL1A2,Both,2.332944869995117
COL1A2,Both,2.337735176086426
COL1A2,Both,2.564432382583618
COL1A2,Both,2.380847930908203
COL1A2,Both,2.761540412902832
COL1A2,Both,2.343010902404785
COL1A2,Both,2.5510358810424805
COL1A2,Both,2.7579798698425293
COL1A2,Both,2.2348155975341797
COL1A2,Both,2.124917507171631
COL1A2,Both,2.3513829708099365
COL1A2,Both,2.168283224105835
COL1A2,Both,2.2020301818847656
COL1A2,Both,2.6285080909729004
COL1A2,Both,2.1002824306488037
COL1A2,Both,2.069531202316284
COL1A2,Both,2.181978464126587
COL1A2,Both,2.5066404342651367
COL1A2,Both,2.260106086730957
COL1A2,Both,2.8013055324554443
COL1A2,Both,2.6468851566314697
COL1A2,Both,1.4565030336380005
COL1A2,Both,2.476236581802368
COL1A2,Both,2.4208970069885254
COL1A2,Both,2.4865052700042725
COL1A2,Both,2.265395402908325
COL1A2,Both,2.8630969524383545
COL1A2,Both,1.8372104167938232
COL1A2,Both,2.18380069732666
COL1A2,Both,2.3495442867279053
COL1A2,Both,2.4069268703460693
COL1A2,Both,2.0535547733306885
COL1A2,Both,2.476961851119995
COL1A2,Both,2.36157488822937
COL1A2,Both,2.4110820293426514
COL1A2,Both,2.170167922973633
COL1A2,Both,1.5142607688903809
COL1A2,Both,0.0
COL1A2,Both,2.6592485904693604
COL1A2,Both,2.4928433895111084
COL1A2,Both,2.639235496520996
COL1A2,Both,2.5965688228607178
COL1A2,Both,2.869668960571289
COL1A2,Both,2.4218015670776367
COL1A2,Both,2.573439359664917
COL1A2,Both,2.549267292022705
COL1A2,Both,2.9800031185150146
COL1A2,Both,2.671138286590576
COL1A2,Both,2.6047604084014893
COL1A2,Both,2.691335439682007
COL1A2,Both,2.3158280849456787
COL1A2,Both,2.667414426803589
COL1A2,Both,2.4230198860168457
COL1A2,Both,2.438944101333618
COL1A2,Both,0.0
COL1A2,Both,1.328489065170288
COL1A2,Both,2.354142189025879
COL1A2,Both,0.0
COL1A2,Both,2.233856678009033
COL1A2,Both,2.062558889389038
COL1A2,Both,2.461397171020508
COL1A2,Both,2.03176212310791
COL1A2,Both,2.576228618621826
COL1A2,Both,2.527235984802246
COL1A2,Both,2.6413402557373047
COL1A2,Both,1.9491634368896484
COL1A2,Both,2.713141441345215
COL1A2,Both,1.7377852201461792
COL1A2,Both,1.96708083152771
COL1A2,Both,2.671654224395752
COL1A2,Both,2.2471179962158203
COL1A2,Both,2.3996200561523438
COL1A2,Both,2.8023760318756104
COL1A2,Both,2.2231054306030273
COL1A2,Both,2.700984239578247
COL1A2,Both,2.36822509765625
COL1A2,Both,2.131500720977783
COL1A2,Both,2.4435627460479736
COL1A2,Both,2.2965192794799805
COL1A2,Both,2.5880744457244873
COL1A2,Both,2.195246458053589
COL1A2,Both,2.090540647506714
COL1A2,Both,2.5453786849975586
COL1A2,Both,2.3967511653900146
COL1A2,Both,0.0
COL1A2,Both,2.4050841331481934
COL1A2,Both,2.572035551071167
COL1A2,Both,2.712787389755249
COL1A2,Both,2.6190598011016846
COL1A2,Both,2.177013397216797
COL1A2,Both,2.540165662765503
COL1A2,Both,2.6105823516845703
COL1A2,Both,0.0
COL1A2,Both,2.122060775756836
COL1A2,Both,2.115487575531006
COL1A2,Both,2.4136693477630615
COL1A2,Both,2.532764434814453
COL1A2,Both,2.6794066429138184
COL1A2,Both,1.373155117034912
COL1A2,Both,2.448896884918213
COL1A2,Both,2.4154248237609863
COL1A2,Both,2.2197790145874023
COL1A2,Both,2.568357467651367
COL1A2,Both,2.585840940475464
COL1A2,Both,2.235870599746704
COL1A2,Both,2.512600898742676
COL1A2,Both,2.690225124359131
COL1A2,Both,2.5251965522766113
COL1A2,Both,1.5296542644500732
COL1A2,Both,2.605454921722412
COL1A2,Both,2.574934720993042
COL1A2,Both,2.47501540184021
COL1A2,Both,2.3679182529449463
COL1A2,Both,0.0
COL1A2,Both,2.541156768798828
COL1A2,Both,2.552668809890747
COL1A2,Both,2.186709403991699
COL1A2,Both,2.041465997695923
COL1A2,Both,2.2171943187713623
COL1A2,Both,2.5256705284118652
COL1A2,Both,1.9315049648284912
COL1A2,Both,2.620021104812622
COL1A2,Both,2.4433231353759766
COL1A2,Both,2.6587185859680176
COL1A2,Both,2.4220166206359863
COL1A2,Both,0.0
COL1A2,Both,2.291001319885254
COL1A2,Both,2.4071719646453857
COL1A2,Both,2.221482038497925
COL1A2,Both,2.4696617126464844
COL1A2,Both,2.3252451419830322
COL1A2,Both,2.7059545516967773
COL1A2,Both,2.1796090602874756
COL1A2,Both,2.100534439086914
COL1A2,Both,1.6653733253479004
COL1A2,Both,2.6380999088287354
COL1A2,Both,2.2068305015563965
COL1A2,Both,2.6733381748199463
COL1A2,Both,2.6072237491607666
COL1A2,Both,0.0
COL1A2,Both,2.848155975341797
COL1A2,Both,2.413707733154297
COL1A2,Both,2.4879980087280273
COL1A2,Both,1.9045772552490234
COL1A2,Both,2.3949382305145264
COL1A2,Both,2.307898759841919
COL1A2,Both,3.136403799057007
COL1A2,Both,2.1461145877838135
COL1A2,Both,2.1280739307403564
COL1A2,Both,2.6594738960266113
COL1A2,Both,2.514816999435425
COL1A2,Both,2.198564291000366
COL1A2,Both,1.8784546852111816
COL1A2,Both,2.209880828857422
COL1A2,Both,2.6001827716827393
COL1A2,Both,2.4590940475463867
COL1A2,Both,2.84071683883667
COL1A2,Both,2.637333631515503
COL1A2,Both,3.067746639251709
COL1A2,Both,2.468745470046997
COL1A2,Both,2.582663059234619
COL1A2,Both,2.1901261806488037
COL1A2,Both,2.4447243213653564
COL1A2,Both,2.6136417388916016
COL1A2,Both,2.7628352642059326
COL1A2,Both,2.7272543907165527
COL1A2,Both,2.615893602371216
COL1A2,Both,2.4616012573242188
COL1A2,Both,2.3402531147003174
COL1A2,Both,1.8212206363677979
COL1A2,Both,2.742049217224121
COL1A2,Both,2.77154803276062
COL1A2,Both,2.564628839492798
COL1A2,Both,2.2876169681549072
COL1A2,Both,2.509113073348999
COL1A2,Both,0.0
COL1A2,Both,2.156892776489258
COL1A2,Both,2.3250210285186768
COL1A2,Both,2.561460256576538
COL1A2,Both,1.6163700819015503
COL1A2,Both,2.2696292400360107
COL1A2,Both,2.379844903945923
COL1A2,Both,2.5468783378601074
COL1A2,Both,2.310605525970459
COL1A2,Both,1.8524062633514404
COL1A2,Both,2.42388916015625
COL1A2,Both,1.2207943201065063
COL1A2,Both,2.139533758163452
COL1A2,Both,2.644580364227295
COL1A2,Both,2.2678310871124268
COL1A2,Both,2.446786403656006
COL1A2,Both,2.1382293701171875
COL1A2,Both,2.3692007064819336
COL1A2,Both,2.326323986053467
COL1A2,Both,1.9644979238510132
COL1A2,Both,2.5361030101776123
COL1A2,Both,2.769209623336792
COL1A2,Both,2.602360486984253
COL1A2,Both,2.63845157623291
COL1A2,Both,2.5680737495422363
COL1A2,Both,2.298506021499634
COL1A2,Both,1.712052345275879
COL1A2,Both,2.4882359504699707
COL1A2,Both,2.634697675704956
COL1A2,Both,2.1690633296966553
COL1A2,Both,2.242908477783203
COL1A2,Both,1.807694911956787
COL1A2,Both,2.4990248680114746
COL1A2,Both,2.5100584030151367
COL1A2,Both,2.708077907562256
COL1A2,Both,2.412684679031372
COL1A2,Both,2.155146837234497
COL1A2,Both,2.8183846473693848
COL1A2,Both,2.9174981117248535
COL1A2,Both,2.769784927368164
COL1A2,Both,2.253366231918335
COL1A2,Both,2.116262435913086
COL1A2,Both,2.255293846130371
COL1A2,Both,2.592512845993042
COL1A2,Both,2.743805408477783
COL1A2,Both,2.4213125705718994
COL1A2,Both,2.471954107284546
COL1A2,Both,2.334714412689209
COL1A2,Both,2.399675130844116
COL1A2,Both,2.752166271209717
COL1A2,Both,2.5736799240112305
COL1A2,Both,2.2349460124969482
COL1A2,Both,2.2238218784332275
COL1A2,Both,2.815052032470703
COL1A2,Both,1.8691779375076294
COL1A2,Both,2.032046318054199
COL1A2,Both,2.730729103088379
COL1A2,Both,2.207124710083008
COL1A2,Both,2.772592544555664
COL1A2,Both,1.9271718263626099
COL1A2,Both,2.2221364974975586
COL1A2,Both,2.7326459884643555
COL1A2,Both,2.5360395908355713
COL1A2,Both,2.5809905529022217
COL1A2,Both,2.1852622032165527
COL1A2,Both,2.354712963104248
COL1A2,Both,2.3792154788970947
COL1A2,Both,2.5588583946228027
COL1A2,Both,2.18593692779541
COL1A2,Both,2.4432435035705566
COL1A2,Both,1.880481243133545
COL1A2,Both,2.0191290378570557
COL1A2,Both,2.7309792041778564
COL1A2,Both,2.270418405532837
COL1A2,Both,2.475332498550415
COL1A2,Both,1.8793278932571411
COL1A2,Both,2.748880386352539
COL1A2,Both,2.541031837463379
COL1A2,Both,2.481302499771118
COL1A2,Both,2.718083381652832
COL1A2,Both,2.9113662242889404
COL1A2,Both,2.86306095123291
COL1A2,Both,2.572968006134033
COL1A2,Both,2.364973545074463
COL1A2,Both,2.5887019634246826
COL1A2,Both,2.6380717754364014
COL1A2,Both,2.546170473098755
COL1A2,Both,2.4290969371795654
COL1A2,Both,2.366118907928467
COL1A2,Both,2.412442922592163
COL1A2,Both,3.2327656745910645
COL1A2,Both,2.427530527114868
COL1A2,Both,2.671743631362915
COL1A2,Both,0.0
COL1A2,Both,0.0
COL1A2,Both,2.1816329956054688
COL1A2,Both,2.1447930335998535
COL1A2,Both,2.390446901321411
COL1A2,Both,2.1948046684265137
COL1A2,Both,1.9580862522125244
COL1A2,Both,3.278841257095337
COL1A2,Both,2.7379674911499023
COL1A2,Both,2.162266254425049
COL1A2,Both,1.710776925086975
COL1A2,Both,2.4264729022979736
COL1A2,Both,3.025965929031372
COL1A2,Both,2.155348062515259
COL1A2,Both,2.618027448654175
COL1A2,Both,0.0
COL1A2,Both,2.230769395828247
COL1A2,Both,2.1535933017730713
COL1A2,Both,2.2914841175079346
COL1A2,Both,2.5752780437469482
COL1A2,Both,2.422868251800537
COL1A2,Both,1.6512391567230225
COL1A2,Both,2.6719021797180176
COL1A2,Both,2.204521417617798
COL1A2,Both,2.4435935020446777
COL1A2,Both,2.3416225910186768
COL1A2,Both,2.23791766166687
COL1A2,Both,2.0658764839172363
COL1A2,Both,2.118058204650879
COL1A2,Both,2.1402108669281006
COL1A2,Both,2.5291285514831543
COL1A2,Both,2.4473817348480225
COL1A2,Both,2.6620187759399414
COL1A2,Both,2.0199601650238037
COL1A2,Both,2.5584001541137695
COL1A2,Both,1.9984525442123413
COL1A2,Both,2.427295446395874
COL1A2,Both,0.0
COL1A2,Both,2.0614001750946045
COL1A2,Both,2.0317435264587402
COL1A2,Both,2.790227174758911
COL1A2,Both,2.3385469913482666
COL1A2,Both,2.824481725692749
COL1A2,Both,2.562195301055908
COL1A2,Both,2.361952781677246
COL1A2,Both,2.434469223022461
COL1A2,Both,2.3878588676452637
COL1A2,Both,1.8998801708221436
COL1A2,Both,1.1463000774383545
COL1A2,Both,2.1590473651885986
COL1A2,Both,2.718200922012329
COL1A2,Both,2.5654923915863037
COL1A2,Both,1.7700579166412354
COL1A2,Both,2.4062838554382324
COL1A2,Both,2.3448939323425293
COL1A2,Both,2.9435622692108154
COL1A2,Both,1.817043423652649
COL1A2,Both,2.396512985229492
COL1A2,Both,2.4155261516571045
COL1A2,Both,2.6432299613952637
COL1A2,Both,2.655299425125122
COL1A2,Both,2.1047451496124268
COL1A2,Both,2.803447723388672
COL1A2,Both,2.585526466369629
COL1A2,Both,2.081191301345825
COL1A2,Both,2.3666796684265137
COL1A2,Both,2.133486747741699
COL1A2,Both,2.637529134750366
COL1A2,Both,0.8454128503799438
COL1A2,Both,2.225151538848877
COL1A2,Both,2.5278923511505127
COL1A2,Both,2.5468881130218506
COL1A2,Both,2.689664602279663
COL1A2,Both,1.9778443574905396
COL1A2,Both,1.6580034494400024
COL1A2,Both,2.0573925971984863
COL1A2,Both,2.3689687252044678
COL1A2,Both,2.4811995029449463
COL1A2,Both,2.547637939453125
COL1A2,Both,2.393646240234375
COL1A2,Both,1.2782351970672607
COL1A2,Both,2.858929395675659
COL1A2,Both,2.476832151412964
COL1A2,Both,2.5073347091674805
COL1A2,Both,2.85245680809021
COL1A2,Both,2.508511543273926
COL1A2,Both,2.5352866649627686
COL1A2,Both,2.591967821121216
COL1A2,Both,2.5719454288482666
COL1A2,Both,2.921586513519287
COL1A2,Both,2.6553070545196533
COL1A2,Both,0.0
COL1A2,Both,2.505049705505371
COL1A2,Both,1.9275668859481812
COL1A2,Both,2.4818618297576904
COL1A2,Both,2.7305643558502197
COL1A2,Both,2.8864898681640625
COL1A2,Both,2.616238594055176
COL1A2,Both,2.5541605949401855
COL1A2,Both,2.251452922821045
COL1A2,Both,2.601651668548584
COL1A2,Both,1.9814845323562622
COL1A2,Both,1.6758315563201904
COL1A2,Both,1.9969537258148193
COL1A2,Both,2.498652219772339
COL1A2,Both,2.2806649208068848
COL1A2,Both,2.7634596824645996
COL1A2,Both,0.0
COL1A2,Both,2.2987473011016846
COL1A2,Both,2.8225836753845215
COL1A2,Both,1.7963721752166748
COL1A2,Both,0.0
COL1A2,Both,0.0
COL1A2,Both,2.1817944049835205
COL1A2,Both,2.6218724250793457
COL1A2,Both,3.138486623764038
COL1A2,Both,2.3896915912628174
COL1A2,Both,2.446492910385132
COL1A2,Both,2.634695291519165
COL1A2,Both,2.4591856002807617
COL1A2,Both,2.622415542602539
COL1A2,Both,2.5595505237579346
COL1A2,Both,2.4934332370758057
COL1A2,Both,2.7088823318481445
COL1A2,Both,2.519221782684326
COL1A2,Both,2.1570167541503906
COL1A2,Both,2.27227783203125
COL1A2,Both,2.7970306873321533
COL1A2,Both,0.0
COL1A2,Both,2.549511194229126
COL1A2,Both,1.6523263454437256
COL1A2,Both,0.0
COL1A2,Both,2.4815495014190674
COL1A2,Both,2.5388224124908447
COL1A2,Both,2.1730470657348633
COL1A2,Both,3.0941503047943115
COL1A2,Both,2.382549285888672
COL1A2,Both,1.2872744798660278
COL1A2,Both,2.626706123352051
COL1A2,Both,2.3594343662261963
COL1A2,Both,2.6042380332946777
COL1A2,Both,2.7263197898864746
COL1A2,Both,2.369739294052124
COL1A2,Both,0.0
COL1A2,Both,2.6488702297210693
COL1A2,Both,2.5091381072998047
COL1A2,Both,2.9246177673339844
COL1A2,Both,2.423116445541382
COL1A2,Both,2.6254022121429443
COL1A2,Both,2.709095001220703
COL1A2,Both,2.1116843223571777
COL1A2,Both,2.091385841369629
COL1A2,Both,2.5357728004455566
COL1A2,Both,2.4596354961395264
COL1A2,Both,2.9667086601257324
COL1A2,Both,2.120863199234009
COL1A2,Both,2.30344820022583
COL1A2,Both,2.1552374362945557
COL1A2,Both,2.485854387283325
COL1A2,Both,0.0
COL1A2,Both,1.9705363512039185
COL1A2,Both,2.0660359859466553
COL1A2,Both,2.145662307739258
COL1A2,Both,2.4606008529663086
COL1A2,Both,2.5000505447387695
COL1A2,Both,2.222897529602051
COL1A2,Both,2.662628412246704
COL1A2,Both,2.4671807289123535
COL1A2,Both,2.380575656890869
COL1A2,Both,2.4200196266174316
COL1A2,Both,1.9809389114379883
COL1A2,Both,2.289466619491577
COL1A2,Both,2.634448528289795
COL1A2,Both,2.137493848800659
COL1A2,Both,1.9991775751113892
COL1A2,Both,2.2045962810516357
COL1A2,Both,1.9103071689605713
COL1A2,Both,2.3332855701446533
COL1A2,Both,2.2232766151428223
COL1A2,Both,3.230630397796631
COL1A2,Both,0.0
COL1A2,Both,2.497910976409912
COL1A2,Both,2.8147881031036377
COL1A2,Both,2.3824996948242188
COL1A2,Both,2.480985164642334
COL1A2,Both,2.035675287246704
COL1A2,Both,2.123114824295044
COL1A2,Both,2.4793245792388916
COL1A2,Both,1.9475146532058716
COL1A2,Both,2.9050416946411133
COL1A2,Both,2.7322144508361816
COL1A2,Both,1.9179261922836304
COL1A2,Both,2.239344596862793
COL1A2,Both,2.453744649887085
COL1A2,Both,0.0
COL1A2,Both,2.7451353073120117
COL1A2,Both,2.300170421600342
COL1A2,Both,2.4992597103118896
COL1A2,Both,1.9672658443450928
COL1A2,Both,2.347119092941284
COL1A2,Both,2.6613354682922363
COL1A2,Both,2.152226448059082
COL1A2,Both,2.8871781826019287
COL1A2,Both,2.54878568649292
COL1A2,Both,2.456317186355591
COL1A2,Both,2.2015364170074463
COL1A2,Both,2.9324960708618164
COL1A2,Both,1.8920817375183105
COL1A2,Both,2.532102584838867
COL1A2,Both,2.5075650215148926
COL1A2,Both,0.0
COL1A2,Both,2.1459579467773438
COL1A2,Both,2.4931387901306152
COL1A2,Both,2.4125540256500244
COL1A2,Both,1.8453220129013062
COL1A2,Both,2.4303078651428223
COL1A2,Both,2.155862331390381
COL1A2,Both,0.0
COL1A2,Both,2.9559051990509033
COL1A2,Both,1.853705883026123
COL1A2,Both,1.9893783330917358
COL1A2,Both,2.4533960819244385
COL1A2,Both,2.4875359535217285
COL1A2,Both,2.088186264038086
COL1A2,Both,2.3941092491149902
COL1A2,Both,2.6582019329071045
COL1A2,Both,2.48244309425354
COL1A2,Both,2.4168715476989746
COL1A2,Both,2.845885992050171
COL1A2,Both,2.7239668369293213
COL1A2,Both,2.135289192199707
COL1A2,Both,2.3829965591430664
COL1A2,Both,2.7632875442504883
COL1A2,Both,2.439275026321411
COL1A2,Both,2.3051934242248535
COL1A2,Both,2.319946765899658
COL1A2,Both,2.6003570556640625
COL1A2,Both,1.8297812938690186
COL1A2,Both,2.810363292694092
COL1A2,Both,2.393442153930664
COL1A2,Both,2.411072254180908
COL1A2,Both,2.5021088123321533
COL1A2,Both,2.5672175884246826
COL1A2,Both,2.034830331802368
COL1A2,Both,2.6326913833618164
COL1A2,Both,2.5007479190826416
COL1A2,Both,2.179378032684326
COL1A2,Both,2.5726449489593506
COL1A2,Both,2.6425230503082275
COL1A2,Both,2.231339454650879
COL1A2,Both,2.4480748176574707
COL1A2,Both,2.31467866897583
COL1A2,Both,1.9912949800491333
COL1A2,Both,1.502988338470459
COL1A2,Both,1.9804269075393677
COL1A2,Both,2.077545642852783
COL1A2,Both,2.5212454795837402
COL1A2,Both,2.069762706756592
COL1A2,Both,2.610171318054199
COL1A2,Both,2.3875911235809326
COL1A2,Both,2.03849720954895
COL1A2,Both,2.814275026321411
COL1A2,Both,2.4990382194519043
COL1A2,Both,2.2349023818969727
COL1A2,Both,2.5615224838256836
COL1A2,Both,2.5403919219970703
COL1A2,Both,2.5966429710388184
COL1A2,Both,2.2738492488861084
COL1A2,Both,2.0765135288238525
COL1A2,Both,2.265164613723755
COL1A2,Both,2.4221270084381104
COL1A2,Both,2.441467046737671
COL1A2,Both,1.8530573844909668
COL1A2,Both,2.1690495014190674
COL1A2,Both,2.7486560344696045
COL1A2,Both,2.138599157333374
COL1A2,Both,2.431741952896118
COL1A2,Both,2.614248514175415
COL1A2,Both,2.3784210681915283
COL1A2,Both,2.3917605876922607
COL1A2,Both,2.5316927433013916
COL1A2,Both,2.4440014362335205
COL1A2,Both,2.4693408012390137
COL1A2,Both,2.386800765991211
COL1A2,Both,2.5393872261047363
COL1A2,Both,1.7660987377166748
COL1A2,Both,2.5812511444091797
COL1A2,Both,2.437345504760742
COL1A2,Both,0.0
COL1A2,Both,1.9600229263305664
COL1A2,Both,2.1449289321899414
COL1A2,Both,2.6135170459747314
COL1A2,Both,2.683072328567505
COL1A2,Both,0.0
COL1A2,Both,1.7477402687072754
COL1A2,Both,2.4226791858673096
COL1A2,Both,1.7434203624725342
COL1A2,Both,1.9864171743392944
COL1A2,Both,2.7592735290527344
COL1A2,Both,2.219146251678467
COL1A2,Both,2.4114842414855957
COL1A2,Both,2.5868091583251953
COL1A2,Both,2.444772243499756
COL1A2,Both,2.712012529373169
COL1A2,Both,2.5033226013183594
COL1A2,Both,1.950503945350647
COL1A2,Both,2.280487298965454
COL1A2,Both,2.3659253120422363
COL1A2,Both,2.2658584117889404
COL1A2,Both,2.6967203617095947
COL1A2,Both,2.4719603061676025
COL1A2,Both,2.6520817279815674
COL1A2,Both,2.0843505859375
COL1A2,Both,2.22333025932312
COL1A2,Both,1.9671895503997803
COL1A2,Both,2.435744285583496
COL1A2,Both,2.6401727199554443
COL1A2,Both,2.336634397506714
COL1A2,Both,2.248429536819458
COL1A2,Both,2.6469874382019043
COL1A2,Both,2.704810380935669
COL1A2,Both,2.062004804611206
COL1A2,Both,3.083833694458008
COL1A2,Both,0.0
COL1A2,Both,1.836875557899475
COL1A2,Both,2.4287502765655518
COL1A2,Both,2.3279449939727783
COL1A2,Both,2.3216729164123535
COL1A2,Both,2.292848825454712
COL1A2,Both,1.861944317817688
COL1A2,Both,1.892069697380066
COL1A2,Both,2.340306043624878
COL1A2,Both,2.405893564224243
COL1A2,Both,1.9141079187393188
COL1A2,Both,2.2319657802581787
COL1A2,Both,2.290119171142578
COL1A2,Both,2.700486421585083
COL1A2,Both,2.831009864807129
COL1A2,Both,2.58058500289917
COL1A2,Both,2.413161516189575
COL1A2,Both,2.6745028495788574
COL1A2,Both,2.699937582015991
COL1A2,Both,2.3912477493286133
COL1A2,Both,2.0463969707489014
COL1A2,Both,2.0243914127349854
COL1A2,Both,2.8545491695404053
COL1A2,Both,1.7267813682556152
COL1A2,Both,2.7336223125457764
COL1A2,Both,2.2156789302825928
COL1A2,Both,2.2781777381896973
COL1A2,Both,2.282273530960083
COL1A2,Both,2.4981698989868164
COL1A2,Both,2.555656909942627
COL1A2,Both,2.280414342880249
COL1A2,Both,2.7205450534820557
COL1A2,Both,2.2224977016448975
COL1A2,Both,2.9744110107421875
COL1A2,Both,2.1207456588745117
COL1A2,Both,2.5890777111053467
COL1A2,Both,2.2037200927734375
COL1A2,Both,2.0142579078674316
COL1A2,Both,1.8092323541641235
COL1A2,Both,2.0570147037506104
COL1A2,Both,2.79286527633667
COL1A2,Both,2.5647411346435547
COL1A2,Both,2.4368607997894287
COL1A2,Both,2.7795944213867188
COL1A2,Both,2.580819845199585
COL1A2,Both,2.4046311378479004
COL1A2,Both,2.020998001098633
COL1A2,Both,2.672625780105591
COL1A2,Both,2.008469820022583
COL1A2,Both,1.3876768350601196
COL1A2,Both,2.3064494132995605
COL1A2,Both,2.6388912200927734
COL1A2,Both,1.9036970138549805
COL1A2,Both,2.545792579650879
COL1A2,Both,2.615839719772339
COL1A2,Both,2.453948974609375
COL1A2,Both,2.6835503578186035
COL1A2,Both,2.8206448554992676
COL1A2,Both,2.3777828216552734
COL1A2,Both,1.7258169651031494
COL1A2,Both,1.875167965888977
COL1A2,Both,2.2423431873321533
COL1A2,Both,1.8688660860061646
COL1A2,Both,2.8238861560821533
COL1A2,Both,2.833303928375244
COL1A2,Both,2.6572606563568115
COL1A2,Both,2.5580732822418213
COL1A2,Both,0.0
COL1A2,Both,2.5305447578430176
COL1A2,Both,2.7756056785583496
COL1A2,Both,2.1926379203796387
COL1A2,Both,2.509587526321411
COL1A2,Both,0.0
COL1A2,Both,2.3812050819396973
COL1A2,Both,0.0
COL1A2,Both,2.449511766433716
COL1A2,Both,0.0
COL1A2,Both,2.3590734004974365
COL1A2,Both,1.9234187602996826
COL1A2,Both,1.878321886062622
COL1A2,Both,0.0
COL1A2,Both,2.6472151279449463
COL1A2,Both,2.448056936264038
COL1A2,Both,2.6608572006225586
COL1A2,Both,1.7731212377548218
COL1A2,Both,2.2172820568084717
COL1A2,Both,2.977283477783203
COL1A2,Both,2.3413336277008057
COL1A2,Both,2.531829595565796
COL1A2,Both,2.493854284286499
COL1A2,Both,2.6668529510498047
COL1A2,Both,1.7597856521606445
COL1A2,Both,2.2948789596557617
COL1A2,Both,2.8182082176208496
COL1A2,Both,2.445312738418579
COL1A2,Both,2.457099199295044
COL1A2,Both,2.3712849617004395
COL1A2,Both,2.6102797985076904
COL1A2,Both,2.6937203407287598
COL1A2,Both,2.5706753730773926
COL1A2,Both,2.674855947494507
COL1A2,Both,1.852277398109436
COL1A2,Both,2.117116689682007
COL1A2,Both,2.624159097671509
COL1A2,Both,2.679302453994751
COL1A2,Both,2.4323620796203613
COL1A2,Both,2.5706841945648193
COL1A2,Both,2.6487982273101807
COL1A2,Both,1.8906445503234863
COL1A2,Both,2.1712586879730225
COL1A2,Both,2.387282133102417
COL1A2,Both,2.437617540359497
COL1A2,Both,2.6433777809143066
COL1A2,Both,2.5122745037078857
COL1A2,Both,3.5263187885284424
COL1A2,Both,0.0
COL1A2,Both,2.0594873428344727
COL1A2,Both,3.1364924907684326
COL1A2,Both,1.9183992147445679
COL1A2,Both,2.474119186401367
COL1A2,Both,2.3146281242370605
COL1A2,Both,2.4519033432006836
COL1A2,Both,2.236254930496216
COL1A2,Both,2.7185750007629395
COL1A2,Both,0.0
COL1A2,Both,2.5150184631347656
COL1A2,Both,1.907993197441101
COL1A2,Both,2.882716655731201
COL1A2,Both,2.3583998680114746
COL1A2,Both,2.124828338623047
COL1A2,Both,2.1845195293426514
COL1A2,Both,2.4739201068878174
COL1A2,Both,3.110414505004883
COL1A2,Both,2.085021734237671
COL1A2,Both,2.4833054542541504
COL1A2,Both,2.3658337593078613
COL1A2,Both,2.516533851623535
COL1A2,Both,2.5200579166412354
COL1A2,Both,1.588674545288086
COL1A2,Both,2.1098344326019287
COL1A2,Both,1.9155445098876953
COL1A2,Both,2.6053466796875
COL1A2,Both,2.155944585800171
COL1A2,Both,2.285766363143921
COL1A2,Both,2.577345132827759
COL1A2,Both,1.7259042263031006
COL1A2,Both,2.124940872192383
COL1A2,Both,2.4021894931793213
COL1A2,Both,2.28974986076355
COL1A2,Both,2.4085676670074463
COL1A2,Both,2.0533511638641357
COL1A2,Both,1.9313868284225464
COL1A2,Both,1.7828325033187866
COL1A2,Both,0.0
COL1A2,Both,2.4044904708862305
COL1A2,Both,3.079326868057251
COL1A2,Both,2.0598905086517334
COL1A2,Both,2.1498754024505615
COL1A2,Both,2.032916307449341
COL1A2,Both,1.3384387493133545
COL1A2,Both,2.6064417362213135
COL1A2,Both,2.233774185180664
COL1A2,Both,1.519347071647644
COL1A2,Both,2.4748594760894775
COL1A2,Both,2.766258478164673
COL1A2,Both,2.528841257095337
COL1A2,Both,3.25685977935791
COL1A2,Both,1.7372891902923584
COL1A2,Both,2.9300718307495117
COL1A2,Both,2.773404598236084
COL1A2,Both,2.232123851776123
COL1A2,Both,2.606478214263916
COL1A2,Both,2.183746337890625
COL1A2,Both,2.506963014602661
COL1A2,Both,2.2672293186187744
COL1A2,Both,2.380643129348755
COL1A2,Both,2.1425509452819824
COL1A2,Both,2.7134809494018555
COL1A2,Both,2.8598906993865967
COL1A2,Both,2.501077175140381
COL1A2,Both,1.4162912368774414
COL1A2,Both,1.933542251586914
COL1A2,Both,2.4493906497955322
COL1A2,Both,0.0
COL1A2,Both,1.9014127254486084
COL1A2,Both,2.5984904766082764
COL1A2,Both,2.382946252822876
COL1A2,Both,2.402675151824951
COL1A2,Both,0.0
COL1A2,Both,2.320000410079956
COL1A2,Both,2.345982551574707
COL1A2,Both,2.3160955905914307
COL1A2,Both,2.3571815490722656
COL1A2,Both,2.1320981979370117
COL1A2,Both,2.4933793544769287
COL1A2,Both,1.856042504310608
COL1A2,Both,0.0
COL1A2,Both,2.6387405395507812
COL1A2,Both,2.467194080352783
COL1A2,Both,1.4416935443878174
COL1A2,Both,2.4610838890075684
COL1A2,Both,1.889050841331482
COL1A2,Both,2.338247537612915
COL1A2,Both,1.61600661277771
COL1A2,Both,3.058018207550049
COL1A2,Both,3.0381500720977783
COL1A2,Both,2.1468775272369385
COL1A2,Both,1.9775129556655884
COL1A2,Both,2.477008581161499
COL1A2,Both,1.9942466020584106
COL1A2,Both,2.712062120437622
COL1A2,Both,2.4158616065979004
COL1A2,Both,2.6717166900634766
COL1A2,Both,1.775774359703064
COL1A2,Both,2.3073947429656982
COL1A2,Both,2.9293270111083984
COL1A2,Both,2.413705587387085
COL1A2,Both,2.512420177459717
COL1A2,Both,2.8633615970611572
COL1A2,Both,2.839811086654663
COL1A2,Both,2.266171455383301
COL1A2,Both,2.6265366077423096
COL1A2,Both,2.5026233196258545
COL1A2,Both,2.837491512298584
COL1A2,Both,1.8723065853118896
COL1A2,Both,2.541691303253174
COL1A2,Both,2.7458438873291016
COL1A2,Both,2.5743508338928223
COL1A2,Both,2.0678913593292236
COL1A2,Both,2.336277723312378
COL1A2,Both,2.909433603286743
COL1A2,Both,1.7020286321640015
COL1A2,Both,2.5469956398010254
COL1A2,Both,2.374093770980835
COL1A2,Both,2.665112257003784
COL1A2,Both,2.3130555152893066
COL1A2,Both,2.119173526763916
COL1A2,Both,2.9069697856903076
COL1A2,Both,2.4319000244140625
COL1A2,Both,2.289431571960449
COL1A2,Both,2.417728900909424
COL1A2,Both,2.363074779510498
COL1A2,Both,1.260547399520874
COL1A2,Both,2.4646852016448975
COL1A2,Both,1.8921115398406982
COL1A2,Both,2.3195364475250244
COL1A2,Both,2.376966953277588
COL1A2,Both,2.8983328342437744
COL1A2,Both,2.4832348823547363
COL1A2,Both,2.418303966522217
COL1A2,Both,2.6480679512023926
COL1A2,Both,2.4678032398223877
COL1A2,Both,2.0323307514190674
COL1A2,Both,2.5584723949432373
COL1A2,Both,2.7237625122070312
COL1A2,Both,2.5762219429016113
COL1A2,Both,1.629868507385254
COL1A2,Both,2.2544643878936768
COL1A2,Both,2.6936655044555664
COL1A2,Both,1.91490638256073
COL1A2,Both,2.654935121536255
COL1A2,Both,1.4972620010375977
COL1A2,Both,2.3944904804229736
COL1A2,Both,0.0
COL1A2,Both,2.4629499912261963
COL1A2,Both,2.143148899078369
COL1A2,Both,2.430849075317383
COL1A2,Both,2.3743104934692383
COL1A2,Both,0.0
COL1A2,Both,2.0074594020843506
COL1A2,Both,2.6597697734832764
COL1A2,Both,2.432955265045166
COL1A2,Both,2.3440964221954346
COL1A2,Both,2.5423364639282227
COL1A2,Both,2.133061408996582
COL1A2,Both,2.1739516258239746
COL1A2,Both,2.695751667022705
COL1A2,Both,2.284278154373169
COL1A2,Both,3.5392351150512695
COL1A2,Both,2.5731449127197266
COL1A2,Both,2.362933397293091
COL1A2,Both,2.539273977279663
COL1A2,Both,2.3831162452697754
COL1A2,Both,2.9438364505767822
COL1A2,Both,2.846494674682617
COL1A2,Both,1.9786815643310547
COL1A2,Both,2.2789411544799805
COL1A2,Both,1.5707347393035889
COL1A2,Both,1.512822151184082
COL1A2,Both,2.0993051528930664
COL1A2,Both,1.9149959087371826
COL1A2,Both,2.43367600440979
COL1A2,Both,2.470604419708252
COL1A2,Both,3.0789577960968018
COL1A2,Both,2.433698892593384
COL1A2,Both,2.7392191886901855
COL1A2,Both,2.4870710372924805
COL1A2,Both,2.525754928588867
COL1A2,Both,1.9301401376724243
COL1A2,Both,1.4973894357681274
COL1A2,Both,2.5888330936431885
COL1A2,Both,2.052222490310669
COL1A2,Both,2.697545051574707
COL1A2,Both,2.2426748275756836
COL1A2,Both,0.0
COL1A2,Both,3.417104721069336
COL1A2,Both,2.642326593399048
COL1A2,Both,1.1342602968215942
COL1A2,Both,2.7521629333496094
COL1A2,Both,1.4782203435897827
COL1A2,Both,2.559684991836548
COL1A2,Both,2.7562153339385986
COL1A2,Both,2.462928295135498
COL1A2,Both,2.6612555980682373
COL1A2,Both,2.4989075660705566
COL1A2,Both,2.5702342987060547
COL1A2,Both,2.3871688842773438
COL1A2,Both,2.4650192260742188
COL1A2,Both,2.411020517349243
COL1A2,Both,2.4915692806243896
COL1A2,Both,2.1504480838775635
COL1A2,Both,2.4296023845672607
COL1A2,Both,1.9610413312911987
COL1A2,Both,2.3451781272888184
COL1A2,Both,2.830293893814087
COL1A2,Both,2.39508318901062
COL1A2,Both,2.134439706802368
COL1A2,Both,2.2346174716949463
COL1A2,Both,2.5424089431762695
COL1A2,Both,0.0
COL1A2,Both,2.6071131229400635
COL1A2,Both,2.409663200378418
COL1A2,Both,2.429194450378418
COL1A2,Both,2.193605422973633
COL1A2,Both,2.6521997451782227
COL1A2,Both,2.2165205478668213
COL1A2,Both,2.151553153991699
COL1A2,Both,2.1814157962799072
COL1A2,Both,2.4939210414886475
COL1A2,Both,1.7669860124588013
COL1A2,Both,2.366990089416504
COL1A2,Both,3.352299928665161
COL1A2,Both,1.654719591140747
COL1A2,Both,2.696970224380493
COL1A2,Both,2.5707623958587646
COL1A2,Both,2.7384116649627686
COL1A2,Both,2.694355010986328
COL1A2,Both,1.6273512840270996
COL1A2,Both,1.6090824604034424
COL1A2,Both,1.6126712560653687
COL1A2,Both,2.844944477081299
COL1A2,Both,2.5687079429626465
COL1A2,Both,2.7873010635375977
COL1A2,Both,2.4371891021728516
COL1A2,Both,2.144381284713745
COL1A2,Both,2.2953200340270996
COL1A2,Both,2.417978286743164
COL1A2,Both,2.4172229766845703
COL1A2,Both,2.187824249267578
COL1A2,Both,2.7201013565063477
COL1A2,Both,0.0
COL1A2,Both,2.3749849796295166
COL1A2,Both,2.686276912689209
COL1A2,Both,2.399041175842285
COL1A2,Both,2.542259931564331
COL1A2,Both,2.756206750869751
COL1A2,Both,2.150376081466675
COL1A2,Both,2.054581642150879
COL1A2,Both,2.1826720237731934
COL1A2,Both,2.565375328063965
COL1A2,Both,1.8232048749923706
COL1A2,Both,2.487030267715454
COL1A2,Both,2.087681293487549
COL1A2,Both,2.3798139095306396
COL1A2,Both,2.3951945304870605
COL1A2,Both,1.629373550415039
COL1A2,Both,2.5381362438201904
COL1A2,Both,2.6199090480804443
COL1A2,Both,2.489349126815796
COL1A2,Both,2.027683734893799
COL1A2,Both,2.5859768390655518
COL1A2,Both,1.8646557331085205
COL1A2,Both,2.0422182083129883
COL1A2,Both,0.0
COL1A2,Both,2.457749128341675
COL1A2,Both,1.9458184242248535
COL1A2,Both,2.686100959777832
COL1A2,Both,1.882655382156372
COL1A2,Both,1.7566906213760376
COL1A2,Both,2.288926601409912
COL1A2,Both,2.563689708709717
COL1A2,Both,2.213562488555908
COL1A2,Both,2.379927635192871
COL1A2,Both,1.853961706161499
COL1A2,Both,2.207963705062866
COL1A2,Both,2.2477598190307617
COL1A2,Both,2.9689526557922363
COL1A2,Both,2.636026382446289
COL1A2,Both,2.692295789718628
COL1A2,Both,2.280273675918579
COL1A2,Both,2.383903741836548
COL1A2,Both,2.411954641342163
COL1A2,Both,2.4538381099700928
COL1A2,Both,2.2940168380737305
COL1A2,Both,2.536747455596924
COL1A2,Both,2.7370336055755615
COL1A2,Both,2.570671319961548
COL1A2,Both,2.529646396636963
COL1A2,Both,2.5387208461761475
COL1A2,Both,2.586232900619507
COL1A2,Both,2.6706161499023438
COL1A2,Both,2.2928688526153564
COL1A2,Both,2.5870909690856934
COL1A2,Both,3.086231231689453
COL1A2,Both,1.8156721591949463
COL1A2,Both,3.023273468017578
COL1A2,Both,2.1788930892944336
COL1A2,Both,2.7658488750457764
COL1A2,Both,2.2961277961730957
COL1A2,Both,2.3340444564819336
COL1A2,Both,2.0872080326080322
COL1A2,Both,2.455467462539673
COL1A2,Both,2.581871271133423
COL1A2,Both,2.2534122467041016
COL1A2,Both,2.541774034500122
COL1A2,Both,2.4396700859069824
COL1A2,Both,2.3910624980926514
COL1A2,Both,2.497907876968384
COL1A2,Both,2.4742937088012695
COL1A2,Both,2.276487112045288
COL1A2,Both,1.8917773962020874
COL1A2,Both,2.1116528511047363
COL1A2,Both,2.4565367698669434
COL1A2,Both,1.3754205703735352
COL1A2,Both,2.8978145122528076
COL1A2,Both,1.8223776817321777
COL1A2,Both,2.6589646339416504
COL1A2,Both,2.6076443195343018
COL1A2,Both,2.489185333251953
COL1A2,Both,1.9039885997772217
COL1A2,Both,2.147963047027588
COL1A2,Both,2.124105453491211
COL1A2,Both,1.836198329925537
COL1A2,Both,2.3037517070770264
COL1A2,Both,1.6960169076919556
COL1A2,Both,2.899322509765625
COL1A2,Both,2.4695727825164795
COL1A2,Both,2.8021223545074463
COL1A2,Both,2.6820309162139893
COL1A2,Both,1.9673293828964233
COL1A2,Both,2.5620365142822266
COL1A2,Both,2.858156681060791
COL1A2,Both,2.5052928924560547
COL1A2,Both,0.0
COL1A2,Both,2.001514196395874
COL1A2,Both,1.7430325746536255
COL1A2,Both,2.248284339904785
COL1A2,Both,2.513899564743042
COL1A2,Both,2.583191394805908
COL1A2,Both,2.44968318939209
COL1A2,Both,2.5690925121307373
COL1A2,Both,0.0
COL1A2,Both,2.5172665119171143
COL1A2,Both,2.7688515186309814
COL1A2,Both,2.247175693511963
COL1A2,Both,2.505491018295288
COL1A2,Both,2.735197067260742
COL1A2,Both,2.328907012939453
COL1A2,Both,2.48403263092041
COL1A2,Both,2.3049428462982178
COL1A2,Both,2.599799871444702
COL1A2,Both,1.892666220664978
COL1A2,Both,2.503976345062256
COL1A2,Both,3.229081630706787
COL1A2,Both,2.237043619155884
COL1A2,Both,2.3784987926483154
COL1A2,Both,2.290804147720337
COL1A2,Both,2.83164119720459
COL1A2,Both,2.4594287872314453
COL1A2,Both,1.949372410774231
COL1A2,Both,1.756615161895752
COL1A2,Both,2.4229094982147217
COL1A2,Both,2.8771860599517822
COL1A2,Both,2.2725114822387695
COL1A2,Both,2.3154067993164062
COL1A2,Both,2.802919387817383
COL1A2,Both,2.2108404636383057
COL1A2,Both,2.9551522731781006
COL1A2,Both,2.170083522796631
COL1A2,Both,2.62343168258667
COL1A2,Both,2.661818504333496
COL1A2,Both,2.653745651245117
COL1A2,Both,2.2897679805755615
COL1A2,Both,2.4197657108306885
COL1A2,Both,2.852856397628784
COL1A2,Both,2.6071672439575195
COL1A2,Both,0.0
COL1A2,Both,3.0852644443511963
COL1A2,Both,2.4403395652770996
COL1A2,Both,2.8474509716033936
COL1A2,Both,2.612835645675659
COL1A2,Both,2.133005142211914
COL1A2,Both,2.4169747829437256
COL1A2,Both,2.4685912132263184
COL1A2,Both,2.304185152053833
COL1A2,Both,2.451165199279785
COL1A2,Both,2.9467978477478027
COL1A2,Both,0.0
COL1A2,Both,1.9707176685333252
COL1A2,Both,2.7526865005493164
COL1A2,Both,2.295208215713501
COL1A2,Both,2.0884177684783936
COL1A2,Both,2.692324161529541
COL1A2,Both,2.7874674797058105
COL1A2,Both,2.8164479732513428
COL1A2,Both,2.0557591915130615
COL1A2,Both,2.759646415710449
COL1A2,Both,0.0
COL1A2,Both,2.4077374935150146
COL1A2,Both,2.8107028007507324
COL1A2,Both,3.4540510177612305
COL1A2,Both,0.0
COL1A2,Both,1.584977388381958
COL1A2,Both,2.670437812805176
COL1A2,Both,2.656862258911133
COL1A2,Both,2.212092876434326
COL1A2,Both,2.2316436767578125
COL1A2,Both,2.110551118850708
COL1A2,Both,2.351484537124634
COL1A2,Both,2.719620943069458
COL1A2,Both,2.5732710361480713
COL1A2,Both,2.460204839706421
COL1A2,Both,0.0
COL1A2,Both,2.699876308441162
COL1A2,Both,2.64251446723938
COL1A2,Both,1.904783844947815
COL1A2,Both,1.9551225900650024
COL1A2,Both,2.4830195903778076
COL1A2,Both,1.9788943529129028
COL1A2,Both,2.2521443367004395
COL1A2,Both,2.9474844932556152
COL1A2,Both,2.6080262660980225
COL1A2,Both,0.0
COL1A2,Both,2.288160562515259
COL1A2,Both,2.3053882122039795
COL1A2,Both,1.9294369220733643
COL1A2,Both,2.4763216972351074
COL1A2,Both,0.0
COL1A2,Both,2.7739899158477783
COL1A2,Both,2.156291961669922
COL1A2,Both,3.225277900695801
COL1A2,Both,2.6220643520355225
COL1A2,Both,2.144723415374756
COL1A2,Both,2.61794376373291
COL1A2,Both,1.9777432680130005
COL1A2,Both,2.35261869430542
COL1A2,Both,2.6343777179718018
COL1A2,Both,2.941582679748535
COL1A2,Both,2.547675848007202
COL1A2,Both,2.1962954998016357
COL1A2,Both,2.169684648513794
COL1A2,Both,3.0377516746520996
COL1A2,Both,2.590449333190918
COL1A2,Both,2.6682934761047363
COL1A2,Both,2.79772686958313
COL1A2,Both,2.6230225563049316
COL1A2,Both,2.5290486812591553
COL1A2,Both,2.634697198867798
COL1A2,Both,2.347719669342041
COL1A2,Both,2.232945442199707
COL1A2,Both,2.0446412563323975
COL1A2,Both,2.260571241378784
COL1A2,Both,2.2985851764678955
COL1A2,Both,0.0
COL1A2,Both,2.862450122833252
COL1A2,Both,2.5204477310180664
COL1A2,Both,2.0353164672851562
COL1A2,Both,2.5402331352233887
COL1A2,Both,2.500490188598633
COL1A2,Both,2.2706964015960693
COL1A2,Both,2.673069953918457
COL1A2,Both,2.629776954650879
COL1A2,Both,1.78863525390625
COL1A2,Both,2.150031566619873
COL1A2,Both,2.535705327987671
COL1A2,Both,2.1388368606567383
COL1A2,Both,2.637981414794922
COL1A2,Both,2.8408055305480957
COL1A2,Both,1.9267289638519287
COL1A2,Both,2.526974678039551
COL1A2,Both,2.1104073524475098
COL1A2,Both,2.1406774520874023
COL1A2,Both,1.973955512046814
COL1A2,Both,2.3744254112243652
COL1A2,Both,2.547417402267456
COL1A2,Both,2.5732147693634033
COL1A2,Both,2.366969585418701
COL1A2,Both,2.749509572982788
COL1A2,Both,2.6258041858673096
COL1A2,Both,2.2452595233917236
COL1A2,Both,2.098653554916382
COL1A2,Both,2.588566780090332
COL1A2,Both,2.2818169593811035
COL1A2,Both,2.082592248916626
COL1A2,Both,2.1827476024627686
COL1A2,Both,2.0829339027404785
COL1A2,Both,2.4934439659118652
COL1A2,Both,1.898699402809143
COL1A2,Both,2.279561996459961
COL1A2,Both,2.1441307067871094
COL1A2,Both,0.0
COL1A2,Both,1.9131346940994263
COL1A2,Both,2.0804755687713623
COL1A2,Both,2.948308229446411
COL1A2,Both,2.455383539199829
COL1A2,Both,2.696436882019043
COL1A2,Both,2.4857161045074463
COL1A2,Both,2.583129644393921
COL1A2,Both,2.681724786758423
COL1A2,Both,1.866241455078125
COL1A2,Both,2.476874828338623
COL1A2,Both,2.775029182434082
COL1A2,Both,2.162020444869995
COL1A2,Both,2.7330033779144287
COL1A2,Both,2.3274331092834473
COL1A2,Both,2.5496575832366943
COL1A2,Both,2.8896775245666504
COL1A2,Both,0.0
COL1A2,Both,2.2908246517181396
COL1A2,Both,2.288316488265991
COL1A2,Both,2.4045627117156982
COL1A2,Both,2.4430315494537354
COL1A2,Both,2.454227924346924
COL1A2,Both,2.352651834487915
COL1A2,Both,2.7462687492370605
COL1A2,Both,2.939746379852295
COL1A2,Both,2.558398723602295
COL1A2,Both,2.4599461555480957
COL1A2,Both,2.0524375438690186
COL1A2,Both,2.3936262130737305
COL1A2,Both,3.083198070526123
COL1A2,Both,2.4410533905029297
COL1A2,Both,2.4018807411193848
COL1A2,Both,2.683086395263672
COL1A2,Both,2.411871910095215
COL1A2,Both,2.5348122119903564
COL1A2,Both,2.5173733234405518
COL1A2,Both,2.437121629714966
COL1A2,Both,2.6553196907043457
COL1A2,Both,1.8374871015548706
COL1A2,Both,2.217057466506958
COL1A2,Both,2.4484481811523438
COL1A2,Both,2.557446002960205
COL1A2,Both,2.75289249420166
COL1A2,Both,2.3826887607574463
COL1A2,Both,2.374056100845337
COL1A2,Both,1.3675901889801025
COL1A2,Both,2.5796875953674316
COL1A2,Both,2.2376983165740967
COL1A2,Both,2.4717345237731934
COL1A2,Both,1.6490322351455688
COL1A2,Both,2.5746512413024902
COL1A2,Both,2.3729350566864014
COL1A2,Both,2.2907347679138184
COL1A2,Both,1.8826241493225098
COL1A2,Both,2.569065809249878
COL1A2,Both,0.0
COL1A2,Both,2.3800859451293945
COL1A2,Both,2.5882890224456787
COL1A2,Both,2.2381014823913574
COL1A2,Both,2.52424693107605
COL1A2,Both,2.383711338043213
COL1A2,Both,2.0889105796813965
COL1A2,Both,2.4509284496307373
COL1A2,Both,2.487776041030884
COL1A2,Both,0.0
COL1A2,Both,2.552884817123413
COL1A2,Both,2.4619078636169434
COL1A2,Both,1.8215686082839966
COL1A2,Both,2.654118061065674
COL1A2,Both,2.317117214202881
COL1A2,Both,2.442251205444336
COL1A2,Both,2.5685906410217285
COL1A2,Both,1.9954601526260376
COL1A2,Both,1.6567689180374146
COL1A2,Both,2.6407153606414795
COL1A2,Both,2.728804588317871
COL1A2,Both,2.808026075363159
COL1A2,Both,2.7170729637145996
COL1A2,Both,2.2848896980285645
COL1A2,Both,2.67557954788208
COL1A2,Both,2.911956548690796
COL1A2,Both,2.3548314571380615
COL1A2,Both,2.174968719482422
COL1A2,Both,1.9630385637283325
COL1A2,Both,2.566453218460083
COL1A2,Both,2.5852365493774414
COL1A2,Both,2.787635087966919
COL1A2,Both,1.5676528215408325
COL1A2,Both,2.7886600494384766
COL1A2,Both,2.4161224365234375
COL1A2,Both,2.7074081897735596
COL1A2,Both,2.4939050674438477
COL1A2,Both,2.15055775642395
COL1A2,Both,2.330359935760498
COL1A2,Both,2.4517509937286377
COL1A2,Both,2.8147635459899902
COL1A2,Both,2.7401835918426514
COL1A2,Both,2.333277463912964
COL1A2,Both,2.102147340774536
COL1A2,Both,2.0023484230041504
COL1A2,Both,2.514193058013916
COL1A2,Both,2.3393349647521973
COL1A2,Both,2.5365703105926514
COL1A2,Both,2.7088427543640137
COL1A2,Both,2.4500911235809326
COL1A2,Both,2.4118218421936035
COL1A2,Both,2.113938331604004
COL1A2,Both,2.7306432723999023
COL1A2,Both,2.0405704975128174
COL1A2,Both,0.0
COL1A2,Both,1.7610102891921997
COL1A2,Both,2.4544012546539307
COL1A2,Both,2.7583799362182617
COL1A2,Both,2.3190650939941406
COL1A2,Both,2.6516706943511963
COL1A2,Both,1.8462073802947998
COL1A2,Both,1.3346425294876099
COL1A2,Both,2.645336627960205
COL1A2,Both,2.468935012817383
COL1A2,Both,2.5175817012786865
COL1A2,Both,2.60945987701416
COL1A2,Both,2.5991036891937256
COL1A2,Both,2.4952149391174316
COL1A2,Both,0.0
COL1A2,Both,2.6062092781066895
COL1A2,Both,2.560229778289795
COL1A2,Both,2.2927093505859375
COL1A2,Both,2.181671380996704
COL1A2,Both,1.7916719913482666
COL1A2,Both,1.8812570571899414
COL1A2,Both,2.007283926010132
COL1A2,Both,2.033132314682007
COL1A2,Both,2.807830572128296
COL1A2,Both,2.624725103378296
COL1A2,Both,2.5829901695251465
COL1A2,Both,2.5438969135284424
COL1A2,Both,1.9281105995178223
COL1A2,Both,2.7472684383392334
COL1A2,Both,2.291292190551758
COL1A2,Both,1.6851112842559814
COL1A2,Both,2.6066102981567383
COL1A2,Both,2.2690012454986572
COL1A2,Both,2.5870273113250732
COL1A2,Both,2.26106858253479
COL1A2,Both,2.333740711212158
COL1A2,Both,2.4259684085845947
COL1A2,Both,2.1840641498565674
COL1A2,Both,2.3235745429992676
COL1A2,Both,2.4793314933776855
COL1A2,Both,2.6026456356048584
COL1A2,Both,1.769037127494812
COL1A2,Both,2.555349826812744
COL1A2,Both,2.0295491218566895
COL1A2,Both,2.024099588394165
COL1A2,Both,2.5200693607330322
COL1A2,Both,2.313817262649536
COL1A2,Both,1.547624111175537
COL1A2,Both,1.6095638275146484
COL1A2,Both,2.4648513793945312
COL1A2,Both,2.8605034351348877
COL1A2,Both,0.0
COL1A2,Both,1.937995195388794
COL1A2,Both,2.480551242828369
COL1A2,Both,2.326524496078491
COL1A2,Both,1.7824199199676514
COL1A2,Both,2.905856132507324
COL1A2,Both,2.9129323959350586
COL1A2,Both,1.8676677942276
COL1A2,Both,1.8930457830429077
COL1A2,Both,2.4285154342651367
COL1A2,Both,2.3445615768432617
COL1A2,Both,2.6028618812561035
COL1A2,Both,2.0953667163848877
COL1A2,Both,1.97440505027771
COL1A2,Both,1.8470299243927002
COL1A2,Both,2.569124221801758
COL1A2,Both,1.9398118257522583
COL1A2,Both,2.7060348987579346
COL1A2,Both,2.6157984733581543
COL1A2,Both,2.6794838905334473
COL1A2,Both,1.847730278968811
COL1A2,Both,2.842064619064331
COL1A2,Both,2.7348783016204834
COL1A2,Both,2.160227060317993
COL1A2,Both,1.8682621717453003
COL1A2,Both,0.0
COL1A2,Both,2.582444667816162
COL1A2,Both,2.1659393310546875
COL1A2,Both,2.627044200897217
COL1A2,Both,2.465028762817383
COL1A2,Both,2.4137966632843018
COL1A2,Both,2.2342817783355713
COL1A2,Both,3.2327141761779785
COL1A2,Both,1.4406473636627197
COL1A2,Both,2.1595396995544434
COL1A2,Both,2.4610466957092285
COL1A2,Both,2.480886936187744
COL1A2,Both,2.074455976486206
COL1A2,Both,2.266779661178589
COL1A2,Both,2.640068769454956
COL1A2,Both,3.010967969894409
COL1A2,Both,1.773619532585144
COL1A2,Both,0.0
COL1A2,Both,2.7062857151031494
COL1A2,Both,1.9816757440567017
COL1A2,Both,2.49881649017334
COL1A2,Both,2.5917794704437256
COL1A2,Both,2.0842323303222656
COL1A2,Both,2.223153829574585
COL1A2,Both,2.4498355388641357
COL1A2,Both,2.3377223014831543
COL1A2,Both,2.5092265605926514
COL1A2,Both,2.1378276348114014
COL1A2,Both,0.0
COL1A2,Both,2.8182313442230225
COL1A2,Both,1.4378206729888916
COL1A2,Both,2.7843291759490967
COL1A2,Both,2.6781768798828125
COL1A2,Both,0.0
COL1A2,Both,2.6442227363586426
COL1A2,Both,2.704244613647461
COL1A2,Both,1.5873111486434937
COL1A2,Both,2.2931554317474365
COL1A2,Both,2.5843169689178467
COL1A2,Both,2.576876401901245
COL1A2,Both,2.267036199569702
COL1A2,Both,2.725255012512207
COL1A2,Both,2.4002625942230225
COL1A2,Both,2.800044059753418
COL1A2,Both,2.489103078842163
COL1A2,Both,2.505718231201172
COL1A2,Both,2.597442150115967
COL1A2,Both,2.3772177696228027
COL1A2,Both,1.768876314163208
COL1A2,Both,2.6733944416046143
COL1A2,Both,3.5108020305633545
COL1A2,Both,2.4929022789001465
COL1A2,Both,0.0
COL1A2,Both,2.3585798740386963
COL1A2,Both,2.494976282119751
COL1A2,Both,2.361268997192383
COL1A2,Both,1.4656280279159546
COL1A2,Both,2.5445168018341064
COL1A2,Both,2.698392152786255
COL1A2,Both,2.6744565963745117
COL1A2,Both,1.8604466915130615
COL1A2,Both,1.9401342868804932
COL1A2,Both,2.207158088684082
COL1A2,Both,1.4398832321166992
COL1A2,Both,2.4503536224365234
COL1A2,Both,2.555046319961548
COL1A2,Both,2.758270025253296
COL1A2,Both,0.0
COL1A2,Both,2.628969430923462
COL1A2,Both,0.0
COL1A2,Both,2.439687490463257
COL1A2,Both,2.399902105331421
COL1A2,Both,2.109121084213257
COL1A2,Both,1.9917041063308716
COL1A2,Both,2.843285322189331
COL1A2,Both,2.898887872695923
COL1A2,Both,2.041801691055298
COL1A2,Both,2.0517284870147705
COL1A2,Both,1.8705997467041016
COL1A2,Both,2.25919771194458
COL1A2,Both,1.9712488651275635
COL1A2,Both,2.544332504272461
COL1A2,Both,1.703870177268982
COL1A2,Both,2.615635395050049
COL1A2,Both,1.9401522874832153
COL1A2,Both,2.357357978820801
COL1A2,Both,2.3261053562164307
COL1A2,Both,2.288769245147705
COL1A2,Both,2.4525043964385986
COL1A2,Both,1.4849313497543335
COL1A2,Both,2.6479194164276123
COL1A2,Both,1.9999442100524902
COL1A2,Both,0.0
COL1A2,Both,2.48095440864563
COL1A2,Both,2.457080364227295
COL1A2,Both,2.770535707473755
COL1A2,Both,1.9416277408599854
COL1A2,Both,2.627755641937256
COL1A2,Both,2.276552438735962
COL1A2,Both,2.803903818130493
COL1A2,Both,1.276535987854004
COL1A2,Both,1.8139772415161133
COL1A2,Both,2.393141508102417
COL1A2,Both,2.650754690170288
COL1A2,Both,2.7380483150482178
COL1A2,Both,2.4766581058502197
COL1A2,Both,2.1466314792633057
COL1A2,Both,1.9316740036010742
COL1A2,Both,2.659999370574951
COL1A2,Both,2.854025363922119
COL1A2,Both,2.763916015625
COL1A2,Both,2.5441384315490723
COL1A2,Both,2.5967767238616943
COL1A2,Both,2.5445899963378906
COL1A2,Both,2.5581023693084717
COL1A2,Both,2.543578624725342
COL1A2,Both,1.6649858951568604
COL1A2,Both,2.4978787899017334
COL1A2,Both,2.055445909500122
COL1A2,Both,2.718510389328003
COL1A2,Both,2.5493476390838623
COL1A2,Both,2.3638088703155518
COL1A2,Both,0.0
COL1A2,Both,2.397548198699951
COL1A2,Both,1.9862889051437378
COL1A2,Both,2.275338649749756
COL1A2,Both,1.7720273733139038
COL1A2,Both,2.0817770957946777
COL1A2,Both,1.981182336807251
COL1A2,Both,2.215238571166992
COL1A2,Both,2.0160956382751465
COL1A2,Both,2.254568338394165
COL1A2,Both,0.0
COL1A2,Both,2.43892502784729
COL1A2,Both,2.6246566772460938
COL1A2,Both,2.5864806175231934
COL1A2,Both,1.858574390411377
COL1A2,Both,2.476968765258789
COL1A2,Both,2.860863208770752
COL1A2,Both,2.094815492630005
COL1A2,Both,2.5673205852508545
COL1A2,Both,1.7654845714569092
COL1A2,Both,2.4979140758514404
COL1A2,Both,2.193026542663574
COL1A2,Both,2.6649317741394043
COL1A2,Both,2.6645514965057373
COL1A2,Both,2.38596248626709
COL1A2,Both,2.5643320083618164
COL1A2,Both,1.990068793296814
COL1A2,Both,0.0
COL1A2,Both,2.3577661514282227
COL1A2,Both,2.370492935180664
COL1A2,Both,2.6058459281921387
COL1A2,Both,2.1787962913513184
COL1A2,Both,2.480473518371582
COL1A2,Both,2.3601531982421875
COL1A2,Both,2.6586382389068604
COL1A2,Both,2.575392246246338
COL1A2,Both,2.0319881439208984
COL1A2,Both,2.058248996734619
COL1A2,Both,2.4954357147216797
COL1A2,Both,2.6033430099487305
COL1A2,Both,2.432554006576538
COL1A2,Both,2.695763349533081
COL1A2,Both,2.7090115547180176
COL1A2,Both,2.242367744445801
COL1A2,Both,2.198456287384033
COL1A2,Both,2.0753610134124756
COL1A2,Both,2.5245449542999268
COL1A2,Both,0.0
COL1A2,Both,2.4535064697265625
COL1A2,Both,2.3732104301452637
COL1A2,Both,2.462923765182495
COL1A2,Both,2.4251577854156494
COL1A2,Both,1.9163811206817627
COL1A2,Both,2.466111183166504
COL1A2,Both,1.4540965557098389
COL1A2,Both,2.3797686100006104
COL1A2,Both,2.1950199604034424
COL1A2,Both,2.0631494522094727
COL1A2,Both,2.3471484184265137
COL1A2,Both,2.1770431995391846
COL1A2,Both,2.5582427978515625
COL1A2,Both,2.29280161857605
COL1A2,Both,2.2034800052642822
COL1A2,Both,2.657365322113037
COL1A2,Both,2.089566707611084
COL1A2,Both,2.4883193969726562
COL1A2,Both,2.296365261077881
COL1A2,Both,2.1690492630004883
COL1A2,Both,2.4048385620117188
COL1A2,Both,2.7646632194519043
COL1A2,Both,2.3783297538757324
COL1A2,Both,2.346848964691162
COL1A2,Both,2.2830114364624023
COL1A2,Both,2.4026124477386475
COL1A2,Both,2.3369576930999756
COL1A2,Both,2.2339725494384766
COL1A2,Both,2.266887664794922
COL1A2,Both,2.430370330810547
COL1A2,Both,2.6585371494293213
COL1A2,Both,2.7559926509857178
COL1A2,Both,2.3182966709136963
COL1A2,Both,2.4744064807891846
COL1A2,Both,2.1616785526275635
COL1A2,Both,2.1136975288391113
COL1A2,Both,0.0
COL1A2,Both,1.8783807754516602
COL1A2,Both,2.691908836364746
COL1A2,Both,1.866133213043213
COL1A2,Both,2.6010193824768066
COL1A2,Both,2.3241665363311768
COL1A2,Both,2.7920331954956055
COL1A2,Both,2.2697315216064453
COL1A2,Both,3.053018093109131
COL1A2,Both,1.9056072235107422
COL1A2,Both,2.557208299636841
COL1A2,Both,2.758277654647827
COL1A2,Both,2.602630376815796
COL1A2,Both,2.0639185905456543
COL1A2,Both,2.257742404937744
COL1A2,Both,2.023146867752075
COL1A2,Both,2.5486958026885986
COL1A2,Both,2.5578627586364746
COL1A2,Both,2.3770785331726074
COL1A2,Both,2.6585612297058105
COL1A2,Both,2.1211023330688477
COL1A2,Both,2.5768628120422363
COL1A2,Both,2.5141706466674805
COL1A2,Both,3.00174617767334
COL1A2,Both,0.0
COL1A2,Both,1.9258733987808228
COL1A2,Both,2.4091458320617676
COL1A2,Both,2.8232269287109375
COL1A2,Both,2.382106065750122
COL1A2,Both,2.160457134246826
COL1A2,Both,2.478900909423828
COL1A2,Both,2.630924701690674
COL1A2,Both,2.5130577087402344
COL1A2,Both,2.3347301483154297
COL1A2,Both,2.674300193786621
COL1A2,Both,2.4511849880218506
COL1A2,Both,2.181018352508545
COL1A2,Both,2.3833532333374023
COL1A2,Both,0.0
COL1A2,Both,1.3942101001739502
COL1A2,Both,1.9800622463226318
COL1A2,Both,2.360975503921509
COL1A2,Both,2.7249467372894287
COL1A2,Both,2.2160837650299072
COL1A2,Both,2.3201382160186768
COL1A2,Both,2.0466198921203613
COL1A2,Both,2.677126169204712
COL1A2,Both,2.0594897270202637
COL1A2,Both,2.5103445053100586
COL1A2,Both,2.0873990058898926
COL1A2,Both,2.204606771469116
COL1A2,Both,2.022555112838745
COL1A2,Both,1.7454899549484253
COL1A2,Both,2.3111507892608643
COL1A2,Both,2.1705336570739746
COL1A2,Both,2.0454165935516357
COL1A2,Both,2.4482057094573975
COL1A2,Both,2.335015296936035
COL1A2,Both,2.635349750518799
COL1A2,Both,0.0
COL1A2,Both,3.0398995876312256
COL1A2,Both,2.126551389694214
COL1A2,Both,2.0914347171783447
COL1A2,Both,2.02728271484375
COL1A2,Both,2.7405507564544678
COL1A2,Both,0.0
COL1A2,Both,2.4266161918640137
COL1A2,Both,2.455641508102417
COL1A2,Both,2.107774257659912
COL1A2,Both,2.1766865253448486
COL1A2,Both,2.294700860977173
COL1A2,Both,3.01789927482605
COL1A2,Both,2.831329345703125
COL1A2,Both,2.4469945430755615
COL1A2,Both,2.6373045444488525
COL1A2,Both,2.7653417587280273
COL1A2,Both,2.4585556983947754
COL1A2,Both,2.7746760845184326
COL1A2,Both,2.4491453170776367
COL1A2,Both,2.523303747177124
COL1A2,Both,2.185858964920044
COL1A2,Both,2.426970958709717
COL1A2,Both,2.5027098655700684
COL1A2,Both,2.2049694061279297
COL1A2,Both,1.8039674758911133
COL1A2,Both,1.9886327981948853
COL1A2,Both,0.0
COL1A2,Both,2.4528377056121826
COL1A2,Both,2.4568490982055664
COL1A2,Both,2.57304310798645
COL1A2,Both,2.518184185028076
COL1A2,Both,2.4221694469451904
COL1A2,Both,0.0
COL1A2,Both,3.169015884399414
COL1A2,Both,2.2848422527313232
COL1A2,Both,2.094937801361084
COL1A2,Both,1.8177260160446167
COL1A2,Both,1.2092560529708862
COL1A2,Both,0.0
COL1A2,Both,3.0034148693084717
COL1A2,Both,2.5872764587402344
COL1A2,Both,3.0050406455993652
COL1A2,Both,2.9796764850616455
COL1A2,Both,2.8547024726867676
COL1A2,Both,2.6065902709960938
COL1A2,Both,2.6064658164978027
COL1A2,Both,2.6949737071990967
COL1A2,Both,2.580883264541626
COL1A2,Both,2.5119357109069824
COL1A2,Both,2.318754196166992
COL1A2,Both,2.3461923599243164
COL1A2,Both,3.0380008220672607
COL1A2,Both,2.2191855907440186
COL1A2,Both,2.3086016178131104
COL1A2,Both,2.758957624435425
COL1A2,Both,2.2803614139556885
COL1A2,Both,3.0221564769744873
COL1A2,Both,2.028735876083374
COL1A2,Both,2.5483357906341553
COL1A2,Both,2.673835277557373
COL1A2,Both,0.0
COL1A2,Both,2.461130380630493
COL1A2,Both,0.0
COL1A2,Both,2.932473659515381
COL1A2,Both,0.0
COL1A2,Both,1.7811521291732788
COL1A2,Both,2.1920719146728516
COL1A2,Both,2.1840646266937256
COL1A2,Both,2.606825828552246
COL1A2,Both,2.746408462524414
COL1A2,Both,2.6402976512908936
COL1A2,Both,0.0
COL1A2,Both,2.2101738452911377
COL1A2,Both,2.557760715484619
COL1A2,Both,2.406461477279663
COL1A2,Both,2.267883062362671
COL1A2,Both,1.7961217164993286
COL1A2,Both,2.547417402267456
COL1A2,Both,2.0629830360412598
COL1A2,Both,2.3822693824768066
COL1A2,Both,2.605879783630371
COL1A2,Both,1.7705819606781006
COL1A2,Both,2.4957633018493652
COL1A2,Both,2.3851537704467773
COL1A2,Both,2.587916135787964
COL1A2,Both,2.1604158878326416
COL1A2,Both,2.141986846923828
COL1A2,Both,2.706660032272339
COL1A2,Both,2.1867194175720215
COL1A2,Both,2.019803762435913
COL1A2,Both,2.168813467025757
COL1A2,Both,2.262998580932617
COL1A2,Both,2.646592378616333
COL1A2,Both,2.3080313205718994
COL1A2,Both,1.9068166017532349
COL1A2,Both,2.5142035484313965
COL1A2,Both,0.0
COL1A2,Both,2.279170036315918
COL1A2,Both,2.1803393363952637
COL1A2,Both,2.809753894805908
COL1A2,Both,2.4515645503997803
COL1A2,Both,2.51206636428833
COL1A2,Both,2.1458640098571777
COL1A2,Both,1.4694733619689941
COL1A2,Both,2.412236452102661
COL1A2,Both,2.418306350708008
COL1A2,Both,2.239583730697632
COL1A2,Both,2.377943754196167
COL1A2,Both,2.6970460414886475
COL1A2,Both,2.4055354595184326
COL1A2,Both,1.8495742082595825
COL1A2,Both,0.0
COL1A2,Both,2.7497854232788086
COL1A2,Both,0.0
COL1A2,Both,2.6423075199127197
COL1A2,Both,2.413529634475708
COL1A2,Both,1.910476565361023
COL1A2,Both,2.40432071685791
COL1A2,Both,2.3118841648101807
COL1A2,Both,2.36633563041687
COL1A2,Both,2.520103693008423
COL1A2,Both,2.5814127922058105
COL1A2,Both,2.3403148651123047
COL1A2,Both,1.8220055103302002
COL1A2,Both,2.810121536254883
COL1A2,Both,2.5599265098571777
COL1A2,Both,2.477285146713257
COL1A2,Both,2.8161725997924805
COL1A2,Both,2.9989242553710938
COL1A2,Both,1.936390995979309
COL1A2,Both,1.7921017408370972
COL1A2,Both,1.9593210220336914
COL1A2,Both,2.48844575881958
COL1A2,Both,2.785108804702759
COL1A2,Both,2.2038705348968506
COL1A2,Both,2.404111385345459
COL1A2,Both,1.988653302192688
COL1A2,Both,2.769427537918091
COL1A2,Both,0.0
COL1A2,Both,1.2676401138305664
COL1A2,Both,2.746259927749634
COL1A2,Both,2.5252604484558105
COL1A2,Both,3.0927891731262207
COL1A2,Both,2.0329267978668213
COL1A2,Both,0.0
COL1A2,Both,2.7172842025756836
COL1A2,Both,2.5429787635803223
COL1A2,Both,2.058875322341919
COL1A2,Both,2.2253639698028564
COL1A2,Both,1.8852251768112183
COL1A2,Both,1.7082794904708862
COL1A2,Both,2.458343267440796
COL1A2,Both,2.4340598583221436
COL1A2,Both,2.2741918563842773
COL1A2,Both,1.9904873371124268
COL1A2,Both,2.4128339290618896
COL1A2,Both,2.391587018966675
COL1A2,Both,2.546964406967163
COL1A2,Both,2.500802993774414
COL1A2,Both,2.5316784381866455
COL1A2,Both,2.521829843521118
COL1A2,Both,2.5509533882141113
COL1A2,Both,2.4951038360595703
COL1A2,Both,2.570714235305786
COL1A2,Both,2.5590360164642334
COL1A2,Both,2.4657182693481445
COL1A2,Both,1.5478771924972534
COL1A2,Both,2.296311378479004
COL1A2,Both,2.44944429397583
COL1A2,Both,2.5585386753082275
COL1A2,Both,2.426046848297119
COL1A2,Both,1.7532985210418701
COL1A2,Both,2.436067581176758
COL1A2,Both,2.242494583129883
COL1A2,Both,2.6263208389282227
COL1A2,Both,2.036494255065918
COL1A2,Both,2.2977304458618164
COL1A2,Both,2.576765775680542
COL1A2,Both,2.365335702896118
COL1A2,Both,1.5905095338821411
COL1A2,Both,2.5573647022247314
COL1A2,Both,2.3040554523468018
COL1A2,Both,2.4462530612945557
COL1A2,Both,2.349928379058838
COL1A2,Both,2.2185018062591553
COL1A2,Both,2.806899309158325
COL1A2,Both,2.9617135524749756
COL1A2,Both,1.948311686515808
COL1A2,Both,2.437868118286133
COL1A2,Both,0.0
COL1A2,Both,2.409996747970581
COL1A2,Both,2.3122646808624268
COL1A2,Both,0.0
COL1A2,Both,1.7862251996994019
COL1A2,Both,2.7819111347198486
COL1A2,Both,2.432750940322876
COL1A2,Both,2.3113231658935547
COL1A2,Both,2.2773990631103516
COL1A2,Both,1.9563430547714233
COL1A2,Both,2.7100932598114014
COL1A2,Both,1.8088786602020264
COL1A2,Both,1.5325078964233398
COL1A2,Both,2.0726523399353027
COL1A2,Both,0.0
COL1A2,Both,2.455869197845459
COL1A2,Both,0.0
COL1A2,Both,2.581674337387085
COL1A2,Both,2.6598563194274902
COL1A2,Both,1.9371627569198608
COL1A2,Both,2.4992823600769043
COL1A2,Both,2.167941093444824
COL1A2,Both,2.59981632232666
COL1A2,Both,2.3874869346618652
COL1A2,Both,2.200375556945801
COL1A2,Both,2.46872615814209
COL1A2,Both,2.785573720932007
COL1A2,Both,2.6983437538146973
COL1A2,Both,1.7491726875305176
COL1A2,Both,1.8767287731170654
COL1A2,Both,2.533841133117676
COL1A2,Both,2.2902257442474365
COL1A2,Both,2.188377618789673
COL1A2,Both,2.576441764831543
COL1A2,Both,2.2468738555908203
COL1A2,Both,2.7049169540405273
COL1A2,Both,2.249289035797119
COL1A2,Both,2.0890369415283203
COL1A2,Both,2.246722936630249
COL1A2,Both,2.3172447681427
COL1A2,Both,2.2553162574768066
COL1A2,Both,1.949205756187439
COL1A2,Both,2.599811315536499
COL1A2,Both,2.2736403942108154
COL1A2,Both,2.4597697257995605
COL1A2,Both,2.4796252250671387
COL1A2,Both,2.729982376098633
COL1A2,Both,3.160320997238159
COL1A2,Both,1.954349160194397
COL1A2,Both,2.761833429336548
COL1A2,Both,2.1253721714019775
COL1A2,Both,2.9935524463653564
COL1A2,Both,2.989267349243164
COL1A2,Both,2.9306528568267822
COL1A2,Both,2.5373661518096924
COL1A2,Both,2.4550726413726807
COL1A2,Both,1.8565731048583984
COL1A2,Both,2.451192855834961
COL1A2,Both,2.440927028656006
COL1A2,Both,2.5785584449768066
COL1A2,Both,2.342074155807495
COL1A2,Both,2.9510724544525146
COL1A2,Both,0.0
COL1A2,Both,2.271130323410034
COL1A2,Both,2.914964199066162
COL1A2,Both,2.4434943199157715
COL1A2,Both,2.321122169494629
COL1A2,Both,2.101301431655884
COL1A2,Both,1.906996488571167
COL1A2,Both,2.1659915447235107
COL1A2,Both,1.8433218002319336
COL1A2,Both,1.7964026927947998
COL1A2,Both,2.5564792156219482
COL1A2,Both,1.9680821895599365
COL1A2,Both,2.901414394378662
COL1A2,Both,2.4641306400299072
COL1A2,Both,2.5404655933380127
COL1A2,Both,2.31853985786438
COL1A2,Both,0.0
COL1A2,Both,2.4755284786224365
COL1A2,Both,2.41459584236145
COL1A2,Both,2.4879539012908936
COL1A2,Both,2.1526663303375244
COL1A2,Both,2.336153984069824
COL1A2,Both,0.0
COL1A2,Both,2.3526976108551025
COL1A2,Both,2.732832431793213
COL1A2,Both,2.0597097873687744
COL1A2,Both,2.7579152584075928
COL1A2,Both,2.4934136867523193
COL1A2,Both,0.0
COL1A2,Both,2.478898286819458
COL1A2,Both,2.404656410217285
COL1A2,Both,2.0607075691223145
COL1A2,Both,2.538780927658081
COL1A2,Both,2.3032493591308594
COL1A2,Both,2.6143360137939453
COL1A2,Both,2.094514846801758
COL1A2,Both,2.704268455505371
COL1A2,Both,2.08901047706604
COL1A2,Both,0.0
COL1A2,Both,0.0
COL1A2,Both,2.1262307167053223
COL1A2,Both,2.064023971557617
COL1A2,Both,2.6020073890686035
COL1A2,Both,0.0
COL1A2,Both,2.69354248046875
COL1A2,Both,2.7319869995117188
COL1A2,Both,2.3924739360809326
COL1A2,Both,2.9432506561279297
COL1A2,Both,2.5338010787963867
COL1A2,Both,2.290301561355591
COL1A2,Both,2.371760368347168
COL1A2,Both,0.0
COL1A2,Both,3.0094430446624756
COL1A2,Both,2.417952060699463
COL1A2,Both,2.534562587738037
COL1A2,Both,2.512296438217163
COL1A2,Both,2.767979145050049
COL1A2,Both,2.8387718200683594
COL1A2,Both,2.3628525733947754
COL1A2,Both,0.0
COL1A2,Both,2.612914562225342
COL1A2,Both,2.555117607116699
COL1A2,Both,2.2541637420654297
COL1A2,Both,2.5474722385406494
COL1A2,Both,2.596125364303589
COL1A2,Both,1.6075431108474731
COL1A2,Both,2.5540032386779785
COL1A2,Both,2.3486039638519287
COL1A2,Both,2.116140604019165
COL1A2,Both,2.5769455432891846
COL1A2,Both,2.3544397354125977
COL1A2,Both,2.557171583175659
COL1A2,Both,2.623548984527588
COL1A2,Both,1.9683173894882202
COL1A2,Both,2.3010520935058594
COL1A2,Both,0.0
COL1A2,Both,2.963153123855591
COL1A2,Both,2.99450421333313
COL1A2,Both,3.0914735794067383
COL1A2,Both,0.0
COL1A2,Both,1.5931891202926636
COL1A2,Both,3.107435703277588
COL1A2,Both,2.393125295639038
COL1A2,Both,1.7493534088134766
COL1A2,Both,2.1260244846343994
COL1A2,Both,2.240171432495117
COL1A2,Both,0.0
COL1A2,Both,2.951148748397827
COL1A2,Both,2.4361538887023926
COL1A2,Both,2.8912413120269775
COL1A2,Both,2.2950499057769775
COL1A2,Both,2.1133804321289062
COL1A2,Both,2.61398983001709
COL1A2,Both,2.2984609603881836
COL1A2,Both,2.725801706314087
COL1A2,Both,2.6551272869110107
COL1A2,Both,3.2912256717681885
COL1A2,Both,2.3544869422912598
COL1A2,Both,0.0
COL1A2,Both,3.0047221183776855
COL1A2,Both,2.9525022506713867
COL1A2,Both,2.479438066482544
COL1A2,Both,2.4344711303710938
COL1A2,Both,2.6289584636688232
COL1A2,Both,2.4062626361846924
COL1A2,Both,2.6587085723876953
COL1A2,Both,2.242765426635742
COL1A2,Both,2.7221243381500244
COL1A2,Both,2.4101483821868896
COL1A2,Both,0.0
COL1A2,Both,2.444856643676758
COL1A2,Both,3.124483585357666
COL1A2,Both,2.467801570892334
COL1A2,Both,2.3209638595581055
COL1A2,Both,2.4650559425354004
COL1A2,Both,2.9756951332092285
COL1A2,Both,2.443993330001831
COL1A2,Both,2.4072365760803223
COL1A2,Both,2.2495920658111572
COL1A2,Both,2.3307394981384277
COL1A2,Both,2.644374370574951
COL1A2,Both,2.209266424179077
COL1A2,Both,2.237715482711792
COL1A2,Both,0.0
COL1A2,Both,2.1461806297302246
COL1A2,Both,2.478776454925537
COL1A2,Both,2.4925544261932373
COL1A2,Both,2.643014907836914
COL1A2,Both,2.163902997970581
COL1A2,Both,2.711472749710083
COL1A2,Both,2.713034152984619
COL1A2,Both,2.1130220890045166
COL1A2,Both,1.8450604677200317
COL1A2,Both,3.348606586456299
COL1A2,Both,2.5189599990844727
COL1A2,Both,2.704617500305176
COL1A2,Both,2.4825007915496826
COL1A2,Both,0.0
COL1A2,Both,1.8467092514038086
COL1A2,Both,2.195528507232666
COL1A2,Both,2.3818893432617188
COL1A2,Both,2.716797113418579
COL1A2,Both,2.653012990951538
COL1A2,Both,2.558012008666992
COL1A2,Both,2.516688585281372
COL1A2,Both,2.588205575942993
COL1A2,Both,2.4836912155151367
COL1A2,Both,2.253345489501953
COL1A2,Both,2.5888001918792725
COL1A2,Both,0.0
COL1A2,Both,2.5849413871765137
COL1A2,Both,2.5851197242736816
COL1A2,Both,2.2427070140838623
COL1A2,Both,2.3781497478485107
COL1A2,Both,2.445916175842285
COL1A2,Both,2.8237998485565186
COL1A2,Both,2.8670544624328613
COL1A2,Both,2.1325459480285645
COL1A2,Both,2.3171005249023438
COL1A2,Both,2.1335556507110596
COL1A2,Both,2.4870376586914062
COL1A2,Both,2.8278141021728516
COL1A2,Both,2.345905065536499
COL1A2,Both,2.5403671264648438
COL1A2,Both,2.0178606510162354
COL1A2,Both,2.719371795654297
COL1A2,Both,2.093667507171631
COL1A2,Both,2.778608560562134
COL1A2,Both,2.6387126445770264
COL1A2,Both,2.513765811920166
COL1A2,Both,2.114616870880127
COL1A2,Both,2.3909177780151367
COL1A2,Both,2.873035430908203
COL1A2,Both,2.418259620666504
COL1A2,Both,2.502786636352539
COL1A2,Both,2.5174989700317383
COL1A2,Both,2.165707588195801
COL1A2,Both,2.839127779006958
COL1A2,Both,1.6797130107879639
COL1A2,Both,3.1368134021759033
COL1A2,Both,2.326324701309204
COL1A2,Both,0.0
COL1A2,Both,2.6123900413513184
COL1A2,Both,2.2773284912109375
COL1A2,Both,2.5657992362976074
COL1A2,Both,2.428277015686035
COL1A2,Both,2.6234943866729736
COL1A2,Both,2.583603858947754
COL1A2,Both,2.3024380207061768
COL1A2,Both,2.2811639308929443
COL1A2,Both,2.6989355087280273
COL1A2,Both,2.0657804012298584
COL1A2,Both,2.6088974475860596
COL1A2,Both,2.053199052810669
COL1A2,Both,0.0
COL1A2,Both,2.1883363723754883
COL1A2,Both,0.0
COL1A2,Both,2.3594167232513428
COL1A2,Both,2.4401586055755615
COL1A2,Both,1.9651734828948975
COL1A2,Both,2.1217164993286133
COL1A2,Both,2.117704391479492
COL1A2,Both,2.4666943550109863
COL1A2,Both,2.4981160163879395
COL1A2,Both,0.0
COL1A2,Both,1.7874135971069336
COL1A2,Both,2.8155055046081543
COL1A2,Both,2.6062633991241455
COL1A2,Both,2.1421844959259033
COL1A2,Both,2.264841079711914
COL1A2,Both,2.641512155532837
COL1A2,Both,2.6610169410705566
COL1A2,Both,2.6412549018859863
COL1A2,Both,2.6676812171936035
COL1A2,Both,2.397322177886963
COL1A2,Both,2.507463216781616
COL1A2,Both,2.6182661056518555
COL1A2,Both,2.480731964111328
COL1A2,Both,2.098097324371338
COL1A2,Both,2.8679022789001465
COL1A2,Both,0.0
COL1A2,Both,0.0
COL1A2,Both,2.4539363384246826
COL1A2,Both,2.476857900619507
COL1A2,Both,2.1682372093200684
COL1A2,Both,0.0
COL1A2,Both,2.5334012508392334
COL1A2,Both,2.6498067378997803
COL1A2,Both,2.3401362895965576
COL1A2,Both,2.5414743423461914
COL1A2,Both,2.2750556468963623
COL1A2,Both,2.151052474975586
COL1A2,Both,2.5358190536499023
COL1A2,Both,2.732722520828247
COL1A2,Both,1.895245909690857
COL1A2,Both,2.6309432983398438
COL1A2,Both,2.0792922973632812
COL1A2,Both,2.482067108154297
COL1A2,Both,0.0
COL1A2,Both,2.6709141731262207
COL1A2,Both,2.9990131855010986
COL1A2,Both,2.700385093688965
COL1A2,Both,2.203378677368164
COL1A2,Both,2.091832399368286
COL1A2,Both,1.8972444534301758
COL1A2,Both,2.042708158493042
COL1A2,Both,1.5096243619918823
COL1A2,Both,2.3054568767547607
COL1A2,Both,2.4995617866516113
COL1A2,Both,2.575913190841675
COL1A2,Both,1.3717951774597168
COL1A2,Both,2.2183990478515625
COL1A2,Both,2.189579486846924
COL1A2,Both,2.0724189281463623
COL1A2,Both,2.541192054748535
COL1A2,Both,1.943028450012207
COL1A2,Both,2.3627681732177734
COL1A2,Both,3.7259814739227295
COL1A2,Both,0.0
COL1A2,Both,2.004401445388794
COL1A2,Both,2.686302661895752
COL1A2,Both,1.9774307012557983
COL1A2,Both,2.565667152404785
COL1A2,Both,2.607879638671875
COL1A2,Both,2.3611631393432617
COL1A2,Both,2.3357057571411133
COL1A2,Both,1.917904257774353
COL1A2,Both,2.1211049556732178
COL1A2,Both,2.450859308242798
COL1A2,Both,2.8067843914031982
COL1A2,Both,2.572772264480591
COL1A2,Both,2.5883638858795166
COL1A2,Both,0.0
COL1A2,Both,0.0
COL1A2,Both,2.563913106918335
COL1A2,Both,2.6359801292419434
COL1A2,Both,2.3068153858184814
COL1A2,Both,2.884526252746582
COL1A2,Both,2.833059310913086
COL1A2,Both,2.0753884315490723
COL1A2,Both,3.110704183578491
COL1A2,Both,3.2621166706085205
COL1A2,Both,2.380222797393799
COL1A2,Both,2.157839059829712
COL1A2,Both,2.37992525100708
COL1A2,Both,2.7231192588806152
COL1A2,Both,2.494744062423706
COL1A2,Both,2.2030699253082275
COL1A2,Both,1.4792006015777588
COL1A2,Both,2.483107566833496
COL1A2,Both,2.8016345500946045
COL1A2,Both,2.4248101711273193
COL1A2,Both,2.7960262298583984
COL1A2,Both,2.277369976043701
COL1A2,Both,2.47981333732605
COL1A2,Both,3.1330738067626953
COL1A2,Both,2.2226271629333496
COL1A2,Both,2.537466526031494
COL1A2,Both,2.541884183883667
COL1A2,Both,1.8939487934112549
COL1A2,Both,2.0909221172332764
COL1A2,Both,1.9393575191497803
COL1A2,Both,1.8047385215759277
COL1A2,Both,2.034332275390625
COL1A2,Both,2.3003029823303223
COL1A2,Both,2.766078233718872
COL1A2,Both,2.510087490081787
COL1A2,Both,2.1407930850982666
COL1A2,Both,2.401578426361084
COL1A2,Both,1.596666932106018
COL1A2,Both,2.5762619972229004
COL1A2,Both,2.2860090732574463
COL1A2,Both,2.1329691410064697
COL1A2,Both,2.4941728115081787
COL1A2,Both,2.4745397567749023
COL1A2,Both,2.5911295413970947
COL1A2,Both,2.6252548694610596
COL1A2,Both,2.4895341396331787
COL1A2,Both,2.8978610038757324
COL1A2,Both,1.8955670595169067
COL1A2,Both,2.654414176940918
COL1A2,Both,2.480828285217285
COL1A2,Both,2.9924521446228027
COL1A2,Both,2.771930694580078
COL1A2,Both,1.707432508468628
COL1A2,Both,2.336905002593994
COL1A2,Both,2.9982059001922607
COL1A2,Both,2.411433696746826
COL1A2,Both,2.225989580154419
COL1A2,Both,2.0938830375671387
COL1A2,Both,2.644782066345215
COL1A2,Both,2.5955660343170166
COL1A2,Both,2.9386632442474365
COL1A2,Both,2.4069395065307617
COL1A2,Both,2.4964699745178223
COL1A2,Both,2.850849151611328
COL1A2,Both,2.356189489364624
COL1A2,Both,2.17807674407959
COL1A2,Both,1.8574388027191162
COL1A2,Both,3.039647340774536
COL1A2,Both,1.7935562133789062
COL1A2,Both,2.2997915744781494
COL1A2,Both,2.620878219604492
COL1A2,Both,2.5389699935913086
COL1A2,Both,2.674980878829956
COL1A2,Both,0.0
COL1A2,Both,2.221841812133789
COL1A2,Both,2.3877480030059814
COL1A2,Both,2.6773805618286133
COL1A2,Both,2.441070318222046
COL1A2,Both,2.573307991027832
COL1A2,Both,2.229645252227783
COL1A2,Both,2.8166468143463135
COL1A2,Both,2.862377166748047
COL1A2,Both,2.538952589035034
COL1A2,Both,2.3152239322662354
COL1A2,Both,2.605435371398926
COL1A2,Both,2.76749587059021
COL1A2,Both,2.5930020809173584
COL1A2,Both,2.273327112197876
COL1A2,Both,2.567138910293579
COL1A2,Both,2.379420757293701
COL1A2,Both,2.392414093017578
COL1A2,Both,2.828746795654297
COL1A2,Both,2.1887876987457275
COL1A2,Both,2.0675113201141357
COL1A2,Both,1.9924888610839844
COL1A2,Both,2.7812345027923584
COL1A2,Both,2.4931535720825195
COL1A2,Both,1.8570516109466553
COL1A2,Both,2.4059035778045654
COL1A2,Both,2.1696417331695557
COL1A2,Both,2.4169888496398926
COL1A2,Both,2.5686066150665283
COL1A2,Both,2.074613571166992
COL1A2,Both,0.0
COL1A2,Both,2.6595795154571533
COL1A2,Both,0.0
COL1A2,Both,2.0734245777130127
COL1A2,Both,2.3411552906036377
COL1A2,Both,2.443136215209961
COL1A2,Both,0.0
COL1A2,Both,2.319744110107422
COL1A2,Both,1.657413363456726
COL1A2,Both,1.8122621774673462
COL1A2,Both,2.3391501903533936
COL1A2,Both,2.849116802215576
COL1A2,Both,1.6890356540679932
COL1A2,Both,2.0173521041870117
COL1A2,Both,2.333247661590576
COL1A2,Both,2.8391711711883545
COL1A2,Both,2.658576250076294
COL1A2,Both,1.962414026260376
COL1A2,Both,2.1513631343841553
COL1A2,Both,1.9816136360168457
COL1A2,Both,2.33282732963562
COL1A2,Both,2.223491907119751
COL1A2,Both,2.6834707260131836
COL1A2,Both,2.3329882621765137
COL1A2,Both,2.304982900619507
COL1A2,Both,2.150796890258789
COL1A2,Both,2.446056842803955
COL1A2,Both,1.7570751905441284
COL1A2,Both,2.4295690059661865
COL1A2,Both,2.4941635131835938
COL1A2,Both,2.3754405975341797
COL1A2,Both,2.26515531539917
COL1A2,Both,2.1636292934417725
COL1A2,Both,2.5392048358917236
COL1A2,Both,0.0
COL1A2,Both,2.548779249191284
COL1A2,Both,2.4450175762176514
COL1A2,Both,2.4021430015563965
COL1A2,Both,2.7281136512756348
COL1A2,Both,2.424499273300171
COL1A2,Both,2.2285256385803223
COL1A2,Both,2.2439827919006348
COL1A2,Both,1.7623995542526245
COL1A2,Both,1.3131581544876099
COL1A2,Both,1.8500192165374756
COL1A2,Both,2.8516311645507812
COL1A2,Both,2.2778139114379883
COL1A2,Both,2.4579310417175293
COL1A2,Both,2.4321041107177734
COL1A2,Both,2.5814566612243652
COL1A2,Both,2.8560791015625
COL1A2,Both,2.2537636756896973
COL1A2,Both,2.276399612426758
COL1A2,Both,2.079530954360962
COL1A2,Both,2.214952230453491
COL1A2,Both,2.648073434829712
COL1A2,Both,2.7449772357940674
COL1A2,Both,2.652921676635742
COL1A2,Both,2.585336208343506
COL1A2,Both,2.8199455738067627
COL1A2,Both,0.0
COL1A2,Both,2.722853422164917
COL1A2,Both,2.4892640113830566
COL1A2,Both,2.7339603900909424
COL1A2,Both,0.0
COL1A2,Both,2.12479567527771
COL1A2,Both,2.5351569652557373
COL1A2,Both,2.4489083290100098
COL1A2,Both,0.0
COL1A2,Both,2.391214609146118
COL1A2,Both,2.417696714401245
COL1A2,Both,2.756878614425659
COL1A2,Both,2.3878164291381836
COL1A2,Both,2.1654767990112305
COL1A2,Both,2.094266176223755
COL1A2,Both,2.021561622619629
COL1A2,Both,2.4083828926086426
COL1A2,Both,0.0
COL1A2,Both,2.429835796356201
COL1A2,Both,2.318693161010742
COL1A2,Both,2.313948154449463
COL1A2,Both,2.354863405227661
COL1A2,Both,2.252570629119873
COL1A2,Both,1.9497888088226318
COL1A2,Both,1.8333582878112793
COL1A2,Both,1.5038200616836548
COL1A2,Both,1.9856467247009277
COL1A2,Both,1.9518072605133057
COL1A2,Both,2.2584965229034424
COL1A2,Both,1.6361429691314697
COL1A2,Both,2.4958853721618652
COL1A2,Both,2.6261074542999268
COL1A2,Both,2.5549349784851074
COL1A2,Both,2.619903564453125
COL1A2,Both,2.606220245361328
COL1A2,Both,1.9166195392608643
COL1A2,Both,1.499224066734314
COL1A2,Both,2.662813186645508
COL1A2,Both,2.3699986934661865
COL1A2,Both,2.274569511413574
COL1A2,Both,1.1491132974624634
COL1A2,Both,0.0
COL1A2,Both,2.9871559143066406
COL1A2,Both,3.0659706592559814
COL1A2,Both,0.0
COL1A2,Both,2.147942066192627
COL1A2,Both,2.506185531616211
COL1A2,Both,2.217144012451172
COL1A2,Both,2.582967758178711
COL1A2,Both,2.3708138465881348
COL1A2,Both,2.749558925628662
COL1A2,Both,0.0
COL1A2,Both,2.0904295444488525
COL1A2,Both,2.3555901050567627
COL1A2,Both,1.8853776454925537
COL1A2,Both,2.483180046081543
COL1A2,Both,2.6129555702209473
COL1A2,Both,2.7085604667663574
COL1A2,Both,2.5378544330596924
COL1A2,Both,2.614123821258545
COL1A2,Both,1.8384190797805786
COL1A2,Both,2.5009162425994873
COL1A2,Both,0.0
COL1A2,Both,3.2083804607391357
COL1A2,Both,2.1192965507507324
COL1A2,Both,2.4522924423217773
COL1A2,Both,2.6959640979766846
COL1A2,Both,2.429114818572998
COL1A2,Both,2.2793867588043213
COL1A2,Both,2.642509698867798
COL1A2,Both,2.708889961242676
COL1A2,Both,2.2223050594329834
COL1A2,Both,2.7819392681121826
COL1A2,Both,2.2654120922088623
COL1A2,Both,2.5638349056243896
COL1A2,Both,2.496656894683838
COL1A2,Both,2.705664873123169
COL1A2,Both,2.1910760402679443
COL1A2,Both,2.129544734954834
COL1A2,Both,2.0380399227142334
COL1A2,Both,2.4923129081726074
COL1A2,Both,2.390106439590454
COL1A2,Both,2.432934284210205
COL1A2,Both,0.0
COL1A2,Both,2.0395126342773438
COL1A2,Both,2.629262924194336
COL1A2,Both,2.285412073135376
COL1A2,Both,2.520582675933838
COL1A2,Both,2.2910096645355225
COL1A2,Both,3.5203053951263428
COL1A2,Both,2.6031816005706787
COL1A2,Both,2.418657064437866
COL1A2,Both,2.753910779953003
COL1A2,Both,1.7112404108047485
COL1A2,Both,2.1268067359924316
COL1A2,Both,2.1999731063842773
COL1A2,Both,1.8081040382385254
COL1A2,Both,2.602017641067505
COL1A2,Both,2.251326084136963
COL1A2,Both,2.420022487640381
COL1A2,Both,2.048788547515869
COL1A2,Both,2.269835948944092
COL1A2,Both,2.3151907920837402
COL1A2,Both,2.449740409851074
COL1A2,Both,2.2310054302215576
COL1A2,Both,0.0
COL1A2,Both,2.776139736175537
COL1A2,Both,1.9327641725540161
COL1A2,Both,1.9193252325057983
COL1A2,Both,2.365802049636841
COL1A2,Both,2.321821689605713
COL1A2,Both,2.1583681106567383
COL1A2,Both,2.3199026584625244
COL1A2,Both,2.681954860687256
COL1A2,Both,2.3500919342041016
COL1A2,Both,2.634986400604248
COL1A2,Both,2.566554307937622
COL1A2,Both,2.161463975906372
COL1A2,Both,2.6679489612579346
COL1A2,Both,2.487020254135132
COL1A2,Both,2.4600672721862793
COL1A2,Both,2.043311834335327
COL1A2,Both,2.6187238693237305
COL1A2,Both,2.472822904586792
COL1A2,Both,0.0
COL1A2,Both,2.176820993423462
COL1A2,Both,2.7947299480438232
COL1A2,Both,2.4076688289642334
COL1A2,Both,2.6210432052612305
COL1A2,Both,2.6023623943328857
COL1A2,Both,2.1496782302856445
COL1A2,Both,2.456150531768799
COL1A2,Both,2.669295072555542
COL1A2,Both,2.11906361579895
COL1A2,Both,2.421686887741089
COL1A2,Both,1.603916883468628
COL1A2,Both,2.319517135620117
COL1A2,Both,0.0
COL1A2,Both,2.0261847972869873
COL1A2,Both,2.180280923843384
COL1A2,Both,2.666125535964966
COL1A2,Both,2.1780290603637695
COL1A2,Both,2.87235426902771
COL1A2,Both,0.0
COL1A2,Both,2.549077272415161
COL1A2,Both,2.262333393096924
COL1A2,Both,2.2735562324523926
COL1A2,Both,1.8243062496185303
COL1A2,Both,2.8276915550231934
COL1A2,Both,2.2951819896698
COL1A2,Both,0.0
COL1A2,Both,2.7937686443328857
COL1A2,Both,2.5325450897216797
COL1A2,Both,2.5139105319976807
COL1A2,Both,2.0356881618499756
COL1A2,Both,2.552520275115967
COL1A2,Both,1.341422438621521
COL1A2,Both,2.342230796813965
COL1A2,Both,2.4563286304473877
COL1A2,Both,2.661252021789551
COL1A2,Both,2.285181999206543
COL1A2,Both,2.223632335662842
COL1A2,Both,2.491319179534912
COL1A2,Both,2.7004168033599854
COL1A2,Both,1.6796261072158813
COL1A2,Both,2.339111566543579
COL1A2,Both,1.755048155784607
COL1A2,Both,2.3515145778656006
COL1A2,Both,2.483597755432129
COL1A2,Both,2.6310267448425293
COL1A2,Both,2.4386849403381348
COL1A2,Both,2.5479073524475098
COL1A2,Both,2.4956533908843994
COL1A2,Both,2.1763041019439697
COL1A2,Both,2.5228893756866455
COL1A2,Both,2.190737247467041
COL1A2,Both,2.43520188331604
COL1A2,Both,2.156909227371216
COL1A2,Both,1.796492099761963
COL1A2,Both,2.595635414123535
COL1A2,Both,2.2449045181274414
COL1A2,Both,2.711890935897827
COL1A2,Both,2.7554121017456055
COL1A2,Both,2.7766830921173096
COL1A2,Both,2.280853748321533
COL1A2,Both,2.6784725189208984
COL1A2,Both,2.393613815307617
COL1A2,Both,2.3243696689605713
COL1A2,Both,2.649545669555664
COL1A2,Both,2.478835105895996
COL1A2,Both,2.626190185546875
COL1A2,Both,2.7241907119750977
COL1A2,Both,2.569556713104248
COL1A2,Both,2.1235923767089844
COL1A2,Both,2.4847939014434814
COL1A2,Both,2.7937870025634766
COL1A2,Both,2.2363719940185547
COL1A2,Both,2.3683667182922363
COL1A2,Both,2.372159481048584
COL1A2,Both,2.66145396232605
COL1A2,Both,1.8855150938034058
COL1A2,Both,0.0
COL1A2,Both,1.9637176990509033
COL1A2,Both,2.1573777198791504
COL1A2,Both,2.3713772296905518
COL1A2,Both,2.495899200439453
COL1A2,Both,2.298234701156616
COL1A2,Both,2.5488107204437256
COL1A2,Both,2.4100897312164307
COL1A2,Both,2.7879698276519775
COL1A2,Both,2.254513740539551
COL1A2,Both,2.531233310699463
COL1A2,Both,2.4003288745880127
COL1A2,Both,2.7165145874023438
COL1A2,Both,2.58632493019104
COL1A2,Both,2.467068910598755
COL1A2,Both,2.4501163959503174
COL1A2,Both,2.3984248638153076
COL1A2,Both,2.419044256210327
COL1A2,Both,1.642339825630188
COL1A2,Both,2.2783548831939697
COL1A2,Both,2.5723867416381836
COL1A2,Both,2.1533217430114746
COL1A2,Both,2.868525981903076
COL1A2,Both,1.7773720026016235
COL1A2,Both,2.590333938598633
COL1A2,Both,2.6411731243133545
COL1A2,Both,1.8442299365997314
COL1A2,Both,2.3390071392059326
COL1A2,Both,2.7677721977233887
COL1A2,Both,2.4320473670959473
COL1A2,Both,1.883345365524292
COL1A2,Both,2.3836536407470703
COL1A2,Both,2.271099090576172
COL1A2,Both,1.656251311302185
COL1A2,Both,2.553422212600708
COL1A2,Both,2.526960611343384
COL1A2,Both,1.4810000658035278
COL1A2,Both,2.4274752140045166
COL1A2,Both,1.3603063821792603
COL1A2,Both,1.9978723526000977
COL1A2,Both,1.8046352863311768
COL1A2,Both,2.44987154006958
COL1A2,Both,0.0
COL1A2,Both,2.5410401821136475
COL1A2,Both,2.6602883338928223
COL1A2,Both,1.7121727466583252
COL1A2,Both,2.443549156188965
COL1A2,Both,1.307247281074524
COL1A2,Both,0.0
COL1A2,Both,2.4240450859069824
COL1A2,Both,2.306117534637451
COL1A2,Both,2.8667964935302734
COL1A2,Both,2.362528085708618
COL1A2,Both,2.415980577468872
COL1A2,Both,2.2195076942443848
COL1A2,Both,2.404430389404297
COL1A2,Both,2.356060266494751
COL1A2,Both,2.5822341442108154
COL1A2,Both,2.2499711513519287
COL1A2,Both,2.5483572483062744
COL1A2,Both,1.8934329748153687
COL1A2,Both,2.168318510055542
COL1A2,Both,2.520911931991577
COL1A2,Both,2.3413028717041016
COL1A2,Both,2.6274445056915283
COL1A2,Both,2.1302402019500732
COL1A2,Both,2.5550215244293213
COL1A2,Both,2.3132681846618652
COL1A2,Both,1.675740122795105
COL1A2,Both,2.6766483783721924
COL1A2,Both,2.754225492477417
COL1A2,Both,2.6454975605010986
COL1A2,Both,2.731156349182129
COL1A2,Both,2.500006675720215
COL1A2,Both,2.2754011154174805
COL1A2,Both,1.8769209384918213
COL1A2,Both,2.521700620651245
COL1A2,Both,2.4247570037841797
COL1A2,Both,2.057739734649658
COL1A2,Both,2.633172035217285
COL1A2,Both,2.4112486839294434
COL1A2,Both,2.544163227081299
COL1A2,Both,2.6319785118103027
COL1A2,Both,2.444382429122925
COL1A2,Both,2.0705373287200928
COL1A2,Both,2.5065598487854004
COL1A2,Both,0.9684662222862244
COL1A2,Both,2.3853867053985596
COL1A2,Both,0.0
COL1A2,Both,2.028440475463867
COL1A2,Both,2.2579946517944336
COL1A2,Both,1.8984771966934204
COL1A2,Both,2.5488715171813965
COL1A2,Both,1.8409793376922607
COL1A2,Both,2.691326141357422
COL1A2,Both,2.9242982864379883
COL1A2,Both,1.7827973365783691
COL1A2,Both,2.788971185684204
COL1A2,Both,2.4465439319610596
COL1A2,Both,2.0152642726898193
COL1A2,Both,0.0
COL1A2,Both,1.9905812740325928
COL1A2,Both,2.4402685165405273
COL1A2,Both,2.3737905025482178
COL1A2,Both,2.2827847003936768
COL1A2,Both,1.6127575635910034
COL1A2,Both,1.992644190788269
COL1A2,Both,2.258739709854126
COL1A2,Both,2.515437602996826
COL1A2,Both,2.160649538040161
COL1A2,Both,2.130934715270996
COL1A2,Both,2.1169593334198
COL1A2,Both,1.44008469581604
COL1A2,Both,2.541855812072754
COL1A2,Both,2.5215697288513184
COL1A2,Both,2.569634199142456
COL1A2,Both,2.4293460845947266
COL1A2,Both,2.609116315841675
COL1A2,Both,2.1302056312561035
COL1A2,Both,2.172734498977661
COL1A2,Both,2.5140063762664795
COL1A2,Both,2.5177505016326904
COL1A2,Both,2.482989549636841
COL1A2,Both,2.5578501224517822
COL1A2,Both,2.311256170272827
COL1A2,Both,2.9409170150756836
COL1A2,Both,3.00533390045166
COL1A2,Both,2.7972166538238525
COL1A2,Both,2.2419273853302
COL1A2,Both,2.287412405014038
COL1A2,Both,1.8527162075042725
COL1A2,Both,1.8224607706069946
COL1A2,Both,2.210967779159546
COL1A2,Both,1.8968185186386108
COL1A2,Both,2.144383430480957
COL1A2,Both,2.5994386672973633
COL1A2,Both,1.6290603876113892
COL1A2,Both,0.0
COL1A2,Both,1.481647253036499
COL1A2,Both,2.3576221466064453
COL1A2,Both,2.345108985900879
COL1A2,Both,2.1212971210479736
COL1A2,Both,1.9373188018798828
COL1A2,Both,2.226114511489868
COL1A2,Both,0.0
COL1A2,Both,2.5499773025512695
COL1A2,Both,2.6297450065612793
COL1A2,Both,0.0
COL1A2,Both,1.7761483192443848
COL1A2,Both,2.0365548133850098
COL1A2,Both,2.4259305000305176
COL1A2,Both,1.940711259841919
COL1A2,Both,2.4379687309265137
COL1A2,Both,2.3781862258911133
COL1A2,Both,2.493530750274658
COL1A2,Both,1.6294890642166138
COL1A2,Both,1.8894762992858887
COL1A2,Both,0.0
COL1A2,Both,2.1025283336639404
COL1A2,Both,2.31756591796875
COL1A2,Both,1.5721423625946045
COL1A2,Both,2.303740978240967
COL1A2,Both,2.2458558082580566
COL1A2,Both,2.5482914447784424
COL1A2,Both,1.8663448095321655
COL1A2,Both,1.7017009258270264
COL1A2,Both,2.2072689533233643
COL1A2,Both,1.5730823278427124
COL1A2,Both,2.89992356300354
COL1A2,Both,0.0
COL1A2,Both,2.10998797416687
COL1A2,Both,2.2981021404266357
COL1A2,Both,2.9498374462127686
COL1A2,Both,1.9888992309570312
COL1A2,Both,2.6225626468658447
COL1A2,Both,2.2549524307250977
COL1A2,Both,1.9312461614608765
COL1A2,Both,2.508661985397339
COL1A2,Both,2.56984806060791
COL1A2,Both,2.6543331146240234
COL1A2,Both,2.4450740814208984
COL1A2,Both,2.7335453033447266
COL1A2,Both,1.849844217300415
COL1A2,Both,2.4558920860290527
COL1A2,Both,2.655600070953369
COL1A2,Both,2.4096198081970215
COL1A2,Both,0.0
COL1A2,Both,2.2621946334838867
COL1A2,Both,2.796548366546631
COL1A2,Both,2.0349085330963135
COL1A2,Both,2.977126359939575
COL1A2,Both,2.4818100929260254
COL1A2,Both,1.4666216373443604
COL1A2,Both,2.377249002456665
COL1A2,Both,1.9282958507537842
COL1A2,Both,2.310591220855713
COL1A2,Both,2.196178913116455
COL1A2,Both,2.3327219486236572
COL1A2,Both,0.0
COL1A2,Both,1.9288411140441895
COL1A2,Both,2.9148898124694824
COL1A2,Both,2.437213897705078
COL1A2,Both,0.0
COL1A2,Both,2.613548994064331
COL1A2,Both,2.342278480529785
COL1A2,Both,2.516753911972046
COL1A2,Both,2.0882325172424316
COL1A2,Both,2.1619608402252197
COL1A2,Both,2.074556827545166
COL1A2,Both,3.184213638305664
COL1A2,Both,2.7028861045837402
COL1A2,Both,2.361450672149658
COL1A2,Both,2.490534543991089
COL1A2,Both,2.689819574356079
COL1A2,Both,2.180277109146118
COL1A2,Both,1.6305900812149048
COL1A2,Both,2.2034573554992676
COL1A2,Both,2.363969087600708
COL1A2,Both,3.0216503143310547
COL1A2,Both,2.6321005821228027
COL1A2,Both,2.7396934032440186
COL1A2,Both,3.036710739135742
COL1A2,Both,0.0
COL1A2,Both,1.9878544807434082
COL1A2,Both,2.6731035709381104
COL1A2,Both,2.7546675205230713
COL1A2,Both,3.084374189376831
COL1A2,Both,2.8855416774749756
COL1A2,Both,2.408848762512207
COL1A2,Both,2.732146978378296
COL1A2,Both,2.6082468032836914
COL1A2,Both,0.0
COL1A2,Both,2.9655966758728027
COL1A2,Both,1.9542557001113892
COL1A2,Both,2.065948486328125
COL1A2,Both,2.3787379264831543
COL1A2,Both,2.169080972671509
COL1A2,Both,2.030620813369751
COL1A2,Both,2.7011239528656006
COL1A2,Both,2.033334732055664
COL1A2,Both,2.443981170654297
COL1A2,Both,2.613203525543213
COL1A2,Both,2.3371970653533936
COL1A2,Both,2.477109909057617
COL1A2,Both,2.626443386077881
COL1A2,Both,2.3763606548309326
COL1A2,Both,2.5920417308807373
COL1A2,Both,2.5770440101623535
COL1A2,Both,2.607053518295288
COL1A2,Both,2.341355800628662
COL1A2,Both,2.0986905097961426
COL1A2,Both,2.892151117324829
COL1A2,Both,2.4345221519470215
COL1A2,Both,2.533329963684082
COL1A2,Both,2.4035654067993164
COL1A2,Both,2.6160471439361572
COL1A2,Both,2.5385124683380127
COL1A2,Both,1.8525793552398682
COL1A2,Both,1.9596437215805054
COL1A2,Both,2.003427028656006
COL1A2,Both,2.6005382537841797
COL1A2,Both,2.380141019821167
COL1A2,Both,2.888075351715088
COL1A2,Both,2.3196065425872803
COL1A2,Both,2.6444406509399414
COL1A2,Both,2.3617331981658936
COL1A2,Both,2.4436442852020264
COL1A2,Both,2.7530393600463867
COL1A2,Both,2.4147369861602783
COL1A2,Both,2.4020609855651855
COL1A2,Both,2.1386396884918213
COL1A2,Both,2.4731087684631348
COL1A2,Both,2.6439144611358643
COL1A2,Both,2.412557363510132
COL1A2,Both,3.037140369415283
COL1A2,Both,2.5934245586395264
COL1A2,Both,2.2184383869171143
COL1A2,Both,2.5042545795440674
COL1A2,Both,2.476321220397949
COL1A2,Both,2.6599926948547363
COL1A2,Both,2.8668007850646973
COL1A2,Both,2.448335647583008
COL1A2,Both,2.5703330039978027
COL1A2,Both,2.6664469242095947
COL1A2,Both,2.3849525451660156
COL1A2,Both,2.4628841876983643
COL1A2,Both,2.3872053623199463
COL1A2,Both,2.143439292907715
COL1A2,Both,2.718111038208008
COL1A2,Both,2.472628116607666
COL1A2,Both,0.0
COL1A2,Both,2.482224464416504
COL1A2,Both,2.017383337020874
COL1A2,Both,2.1210508346557617
COL1A2,Both,2.8483920097351074
COL1A2,Both,2.3789613246917725
COL1A2,Both,1.648574948310852
COL1A2,Both,2.5425503253936768
COL1A2,Both,2.715029001235962
COL1A2,Both,2.6360578536987305
COL1A2,Both,2.630143404006958
COL1A2,Both,2.34871506690979
COL1A2,Both,2.5290584564208984
COL1A2,Both,3.0133955478668213
COL1A2,Both,2.051759719848633
COL1A2,Both,0.0
COL1A2,Both,2.4425950050354004
COL1A2,Both,2.387587070465088
COL1A2,Both,0.0
COL1A2,Both,1.8974649906158447
COL1A2,Both,2.226576328277588
COL1A2,Both,2.5596835613250732
COL1A2,Both,1.9931050539016724
COL1A2,Both,2.750030279159546
COL1A2,Both,1.9075191020965576
COL1A2,Both,0.0
COL1A2,Both,2.528083562850952
COL1A2,Both,2.5503745079040527
COL1A2,Both,2.8614039421081543
COL1A2,Both,2.8502960205078125
COL1A2,Both,0.0
COL1A2,Both,1.8869129419326782
COL1A2,Both,2.273522138595581
COL1A2,Both,2.4696452617645264
COL1A2,Both,2.2143986225128174
COL1A2,Both,2.1798596382141113
COL1A2,Both,2.6159698963165283
COL1A2,Both,0.0
COL1A2,Both,2.2104644775390625
COL1A2,Both,2.5175418853759766
COL1A2,Both,2.48628306388855
COL1A2,Both,2.1099228858947754
COL1A2,Both,1.6291463375091553
COL1A2,Both,2.545877695083618
COL1A2,Both,2.5506250858306885
COL1A2,Both,2.5821127891540527
COL1A2,Both,2.444533109664917
COL1A2,Both,2.3661458492279053
COL1A2,Both,1.7817364931106567
COL1A2,Both,2.684596061706543
COL1A2,Both,2.0592634677886963
COL1A2,Both,1.9471406936645508
COL1A2,Both,2.545095205307007
COL1A2,Both,3.1634581089019775
COL1A2,Both,2.623067617416382
COL1A2,Both,2.274533987045288
COL1A2,Both,2.0658068656921387
COL1A2,Both,2.083423614501953
COL1A2,Both,2.244450807571411
COL1A2,Both,1.616032361984253
COL1A2,Both,2.683943748474121
COL1A2,Both,1.8817124366760254
COL1A2,Both,2.4552485942840576
COL1A2,Both,2.4214119911193848
COL1A2,Both,2.3729257583618164
COL1A2,Both,2.596043586730957
COL1A2,Both,2.7373740673065186
COL1A2,Both,2.5219197273254395
COL1A2,Both,2.3614933490753174
COL1A2,Both,2.2648062705993652
COL1A2,Both,2.284431219100952
COL1A2,Both,1.889053225517273
COL1A2,Both,2.2959864139556885
COL1A2,Both,2.343071699142456
COL1A2,Both,2.7742769718170166
COL1A2,Both,2.4170727729797363
COL1A2,Both,2.9573140144348145
COL1A2,Both,2.504030227661133
COL1A2,Both,2.8090054988861084
COL1A2,Both,2.429292678833008
COL1A2,Both,2.416706085205078
COL1A2,Both,2.667922019958496
COL1A2,Both,1.645544409751892
COL1A2,Both,2.2875783443450928
COL1A2,Both,2.547616720199585
COL1A2,Both,2.415092945098877
COL1A2,Both,2.551971197128296
COL1A2,Both,1.4034504890441895
COL1A2,Both,1.5993210077285767
COL1A2,Both,2.5204970836639404
COL1A2,Both,2.365814208984375
COL1A2,Both,2.002671957015991
COL1A2,Both,2.224583864212036
COL1A2,Both,1.8377397060394287
COL1A2,Both,2.4482223987579346
COL1A2,Both,2.3650426864624023
COL1A2,Both,1.9505033493041992
COL1A2,Both,2.7733490467071533
COL1A2,Both,2.7241499423980713
COL1A2,Both,2.168917179107666
COL1A2,Both,2.7035882472991943
COL1A2,Both,2.3748245239257812
COL1A2,Both,2.0469720363616943
COL1A2,Both,2.404024362564087
COL1A2,Both,3.029644012451172
COL1A2,Both,2.2768354415893555
COL1A2,Both,2.9966423511505127
COL1A2,Both,2.7685956954956055
COL1A2,Both,2.5497376918792725
COL1A2,Both,2.415759563446045
COL1A2,Both,2.497952461242676
COL1A2,Both,2.958601951599121
COL1A2,Both,2.5131916999816895
COL1A2,Both,0.0
COL1A2,Both,2.5921075344085693
COL1A2,Both,2.4687013626098633
COL1A2,Both,2.1124415397644043
COL1A2,Both,2.5786890983581543
COL1A2,Both,2.2704920768737793
COL1A2,Both,2.4174838066101074
COL1A2,Both,2.370131254196167
COL1A2,Both,1.8472390174865723
COL1A2,Both,1.6496938467025757
COL1A2,Both,2.820085048675537
COL1A2,Both,2.272982120513916
COL1A2,Both,2.258204460144043
COL1A2,Both,0.0
COL1A2,Both,1.8957585096359253
COL1A2,Both,1.955020546913147
COL1A2,Both,2.053741216659546
COL1A2,Both,2.4555304050445557
COL1A2,Both,2.018949508666992
COL1A2,Both,1.7568269968032837
COL1A2,Both,1.6956870555877686
COL1A2,Both,0.0
COL1A2,Both,2.538834810256958
COL1A2,Both,2.2820353507995605
COL1A2,Both,2.5899710655212402
COL1A2,Both,2.293820381164551
COL1A2,Both,2.632058620452881
COL1A2,Both,0.0
COL1A2,Both,2.228332757949829
COL1A2,Both,2.5122721195220947
COL1A2,Both,2.8556177616119385
COL1A2,Both,2.463653564453125
COL1A2,Both,2.04951548576355
COL1A2,Both,2.1642873287200928
COL1A2,Both,2.7540295124053955
COL1A2,Both,2.837414026260376
COL1A2,Both,2.690399646759033
COL1A2,Both,2.322972059249878
COL1A2,Both,2.332585573196411
COL1A2,Both,2.0067384243011475
COL1A2,Both,0.0
COL1A2,Both,1.4230053424835205
COL1A2,Both,2.534278631210327
COL1A2,Both,2.592277765274048
COL1A2,Both,2.6345512866973877
COL1A2,Both,2.276521682739258
COL1A2,Both,1.4038690328598022
COL1A2,Both,1.9889475107192993
COL1A2,Both,0.0
COL1A2,Both,1.9260711669921875
COL1A2,Both,2.478597402572632
COL1A2,Both,1.2790273427963257
COL1A2,Both,0.0
COL1A2,Both,2.3948984146118164
COL1A2,Both,2.7358179092407227
COL1A2,Both,2.0656991004943848
COL1A2,Both,2.5610644817352295
COL1A2,Both,1.6023175716400146
COL1A2,Both,2.5157573223114014
COL1A2,Both,2.099611759185791
COL1A2,Both,2.3050570487976074
COL1A2,Both,0.0
COL1A2,Both,2.056521415710449
COL1A2,Both,2.722878932952881
COL1A2,Both,2.4581761360168457
COL1A2,Both,2.3646633625030518
COL1A2,Both,2.058286428451538
COL1A2,Both,2.4808530807495117
COL1A2,Both,2.6197941303253174
COL1A2,Both,0.0
COL1A2,Both,2.8822247982025146
COL1A2,Both,2.2540175914764404
COL1A2,Both,2.3232460021972656
COL1A2,Both,1.8047661781311035
COL1A2,Both,2.314610719680786
COL1A2,Both,2.1171140670776367
COL1A2,Both,1.465919017791748
COL1A2,Both,0.0
COL1A2,Both,0.0
COL1A2,Both,2.572451591491699
COL1A2,Both,1.6425682306289673
COL1A2,Both,2.716811418533325
COL1A2,Both,2.812598466873169
COL1A2,Both,2.501621961593628
COL1A2,Both,0.0
COL1A2,Both,2.521848201751709
COL1A2,Both,2.4162814617156982
COL1A2,Both,2.6443817615509033
COL1A2,Both,2.8687400817871094
COL1A2,Both,2.3258566856384277
COL1A2,Both,2.2906906604766846
COL1A2,Both,2.41190767288208
COL1A2,Both,2.3790881633758545
COL1A2,Both,2.4241244792938232
COL1A2,Both,2.944455862045288
COL1A2,Both,2.5202720165252686
COL1A2,Both,2.397475242614746
COL1A2,Both,2.436455249786377
COL1A2,Both,2.2189741134643555
COL1A2,Both,2.4725801944732666
COL1A2,Both,2.6903955936431885
COL1A2,Both,0.0
COL1A2,Both,2.1369850635528564
COL1A2,Both,3.3261876106262207
COL1A2,Both,2.8918685913085938
COL1A2,Both,2.086564302444458
COL1A2,Both,0.0
COL1A2,Both,2.7114758491516113
COL1A2,Both,1.7478480339050293
COL1A2,Both,2.724189281463623
COL1A2,Both,2.885427474975586
COL1A2,Both,2.594912528991699
COL1A2,Both,2.409452199935913
COL1A2,Both,1.6355310678482056
COL1A2,Both,2.5305685997009277
COL1A2,Both,2.0625956058502197
COL1A2,Both,2.2814199924468994
COL1A2,Both,1.8806579113006592
COL1A2,Both,2.684767484664917
COL1A2,Both,2.337559461593628
COL1A2,Both,2.789691925048828
COL1A2,Both,1.6022826433181763
COL1A2,Both,2.5041191577911377
COL1A2,Both,1.7611122131347656
COL1A2,Both,2.2206461429595947
COL1A2,Both,3.1640360355377197
COL1A2,Both,2.128319025039673
COL1A2,Both,2.441406726837158
COL1A2,Both,2.484262704849243
COL1A2,Both,2.0975754261016846
COL1A2,Both,2.319671630859375
COL1A2,Both,2.5605292320251465
COL1A2,Both,2.2662248611450195
COL1A2,Both,2.541480541229248
COL1A2,Both,2.0742104053497314
COL1A2,Both,2.5456082820892334
COL1A2,Both,2.406420946121216
COL1A2,Both,2.490635633468628
COL1A2,Both,2.192246913909912
COL1A2,Both,2.5639443397521973
COL1A2,Both,1.9400978088378906
COL1A2,Both,2.4836485385894775
COL1A2,Both,2.568873167037964
COL1A2,Both,2.3182661533355713
COL1A2,Both,1.816237211227417
COL1A2,Both,2.0678248405456543
COL1A2,Both,2.3132405281066895
COL1A2,Both,1.4090099334716797
COL1A2,Both,2.067584276199341
COL1A2,Both,1.5295660495758057
COL1A2,Both,2.4583489894866943
COL1A2,Both,2.709954261779785
COL1A2,Both,2.67048716545105
COL1A2,Both,2.498314619064331
COL1A2,Both,2.072693347930908
COL1A2,Both,2.3216614723205566
COL1A2,Both,2.438699722290039
COL1A2,Both,2.4274792671203613
COL1A2,Both,1.8093312978744507
COL1A2,Both,2.323298454284668
COL1A2,Both,2.691427230834961
COL1A2,Both,2.8507473468780518
COL1A2,Both,2.01922345161438
COL1A2,Both,1.859063982963562
COL1A2,Both,1.8462415933609009
COL1A2,Both,2.8951337337493896
COL1A2,Both,2.706589460372925
COL1A2,Both,2.3744475841522217
COL1A2,Both,2.646972417831421
COL1A2,Both,2.504910469055176
COL1A2,Both,3.219224214553833
COL1A2,Both,2.20108699798584
COL1A2,Both,1.7855379581451416
COL1A2,Both,1.7489831447601318
COL1A2,Both,2.667724609375
COL1A2,Both,0.0
COL1A2,Both,1.5363013744354248
COL1A2,Both,2.870986223220825
COL1A2,Both,2.503255844116211
COL1A2,Both,2.445607900619507
COL1A2,Both,2.207773208618164
COL1A2,Both,2.11771297454834
COL1A2,Both,2.0816736221313477
COL1A2,Both,2.567746639251709
COL1A2,Both,2.8809540271759033
COL1A2,Both,1.5403085947036743
COL1A2,Both,1.5849781036376953
COL1A2,Both,2.4362967014312744
COL1A2,Both,2.776576042175293
COL1A2,Both,2.4579927921295166
COL1A2,Both,1.8866546154022217
COL1A2,Both,1.9020862579345703
COL1A2,Both,1.9866669178009033
COL1A2,Both,2.4333624839782715
COL1A2,Both,2.20784330368042
COL1A2,Both,2.346534252166748
COL1A2,Both,1.9052681922912598
COL1A2,Both,2.270836353302002
COL1A2,Both,2.262692928314209
COL1A2,Both,0.0
COL1A2,Both,2.4535470008850098
COL1A2,Both,2.388075590133667
COL1A2,Both,2.94730806350708
COL1A2,Both,2.4599766731262207
COL1A2,Both,2.251760244369507
COL1A2,Both,2.122819662094116
COL1A2,Both,2.699180841445923
COL1A2,Both,2.5923120975494385
COL1A2,Both,2.173448085784912
COL1A2,Both,2.8535678386688232
COL1A2,Both,1.7329946756362915
COL1A2,Both,2.683194160461426
COL1A2,Both,0.0
COL1A2,Both,2.4317991733551025
COL1A2,Both,2.7082064151763916
COL1A2,Both,2.1156792640686035
COL1A2,Both,2.036769390106201
COL1A2,Both,2.6826372146606445
COL1A2,Both,0.0
COL1A2,Both,2.0228915214538574
COL1A2,Both,2.2393076419830322
COL1A2,Both,2.21733021736145
COL1A2,Both,2.4359512329101562
COL1A2,Both,2.1379597187042236
COL1A2,Both,2.5657265186309814
COL1A2,Both,1.977563500404358
COL1A2,Both,2.1722142696380615
COL1A2,Both,1.963014841079712
COL1A2,Both,2.0271406173706055
COL1A2,Both,1.8599963188171387
COL1A2,Both,2.7582273483276367
COL1A2,Both,2.4750092029571533
COL1A2,Both,2.5653600692749023
COL1A2,Both,2.2053496837615967
COL1A2,Both,2.650073766708374
COL1A2,Both,2.4983417987823486
COL1A2,Both,2.347562313079834
COL1A2,Both,2.281784772872925
COL1A2,Both,2.389266014099121
COL1A2,Both,2.468923330307007
COL1A2,Both,2.6435773372650146
COL1A2,Both,2.674651861190796
COL1A2,Both,2.78031587600708
COL1A2,Both,2.7000176906585693
COL1A2,Both,2.86495041847229
COL1A2,Both,1.8668016195297241
COL1A2,Both,2.7485392093658447
COL1A2,Both,2.118675708770752
COL1A2,Both,2.127650260925293
COL1A2,Both,2.524782419204712
COL1A2,Both,2.5995986461639404
COL1A2,Both,2.558743953704834
COL1A2,Both,2.5633859634399414
COL1A2,Both,0.0
COL1A2,Both,2.2081120014190674
COL1A2,Both,2.827660083770752
COL1A2,Both,2.0388269424438477
COL1A2,Both,2.357133150100708
COL1A2,Both,2.6218276023864746
COL1A2,Both,2.6885986328125
COL1A2,Both,2.7672765254974365
COL1A2,Both,2.289915084838867
COL1A2,Both,2.02242112159729
COL1A2,Both,1.757554292678833
COL1A2,Both,2.3892006874084473
COL1A2,Both,2.4008660316467285
COL1A2,Both,2.4035909175872803
COL1A2,Both,2.1831107139587402
COL1A2,Both,2.9508326053619385
COL1A2,Both,2.1946330070495605
COL1A2,Both,2.578392505645752
COL1A2,Both,1.9418978691101074
COL1A2,Both,2.5273337364196777
COL1A2,Both,1.8624318838119507
COL1A2,Both,2.6035959720611572
COL1A2,Both,2.6372642517089844
COL1A2,Both,2.7628090381622314
COL1A2,Both,0.0
COL1A2,Both,2.132122278213501
COL1A2,Both,2.6248726844787598
COL1A2,Both,2.3807530403137207
COL1A2,Both,2.265091896057129
COL1A2,Both,2.407640218734741
COL1A2,Both,2.4296460151672363
COL1A2,Both,2.3652710914611816
COL1A2,Both,2.517709732055664
COL1A2,Both,2.569545030593872
COL1A2,Both,2.6131033897399902
COL1A2,Both,2.2637691497802734
COL1A2,Both,0.0
COL1A2,Both,2.163660764694214
COL1A2,Both,2.5260961055755615
COL1A2,Both,2.280582904815674
COL1A2,Both,0.0
COL1A2,Both,2.7755355834960938
COL1A2,Both,2.759843111038208
COL1A2,Both,2.1061782836914062
COL1A2,Both,2.657810926437378
COL1A2,Both,2.574000358581543
COL1A2,Both,0.0
COL1A2,Both,2.2415976524353027
COL1A2,Both,1.9984391927719116
COL1A2,Both,1.925886631011963
COL1A2,Both,2.385305881500244
COL1A2,Both,1.9090982675552368
COL1A2,Both,3.202444553375244
COL1A2,Both,2.578378438949585
COL1A2,Both,0.0
COL1A2,Both,2.2287654876708984
COL1A2,Both,2.3591737747192383
COL1A2,Both,2.1052074432373047
COL1A2,Both,2.2329604625701904
COL1A2,Both,2.291311025619507
COL1A2,Both,2.447911262512207
COL1A2,Both,2.66469144821167
COL1A2,Both,2.423483371734619
COL1A2,Both,1.8668551445007324
COL1A2,Both,2.5549802780151367
COL1A2,Both,2.7039310932159424
COL1A2,Both,1.942785620689392
COL1A2,Both,2.8673083782196045
COL1A2,Both,2.6258387565612793
COL1A2,Both,2.490813970565796
COL1A2,Both,2.1349565982818604
COL1A2,Both,2.059978723526001
COL1A2,Both,2.6068978309631348
COL1A2,Both,1.63334321975708
COL1A2,Both,2.836540937423706
COL1A2,Both,2.4138524532318115
COL1A2,Both,2.390373945236206
COL1A2,Both,2.3132212162017822
COL1A2,Both,2.941352605819702
COL1A2,Both,1.7375564575195312
COL1A2,Both,2.403154134750366
COL1A2,Both,2.4552812576293945
COL1A2,Both,2.7826056480407715
COL1A2,Both,2.299368381500244
COL1A2,Both,2.2105350494384766
COL1A2,Both,2.64378023147583
COL1A2,Both,2.446100950241089
COL1A2,Both,0.0
COL1A2,Both,2.197639226913452
COL1A2,Both,2.3445749282836914
COL1A2,Both,2.6626195907592773
COL1A2,Both,2.248983860015869
COL1A2,Both,2.3569254875183105
COL1A2,Both,1.657271385192871
COL1A2,Both,2.1660311222076416
COL1A2,Both,2.7631192207336426
COL1A2,Both,2.419603109359741
COL1A2,Both,2.4239625930786133
COL1A2,Both,2.621108293533325
COL1A2,Both,2.70711350440979
COL1A2,Both,1.8719968795776367
COL1A2,Both,2.524102210998535
COL1A2,Both,2.831385612487793
COL1A2,Both,2.2989981174468994
COL1A2,Both,1.9370518922805786
COL1A2,Both,2.5336334705352783
COL1A2,Both,2.414593458175659
COL1A2,Both,1.9346466064453125
COL1A2,Both,3.191011428833008
COL1A2,Both,2.692484140396118
COL1A2,Both,2.0332303047180176
COL1A2,Both,0.0
COL1A2,Both,2.4571995735168457
COL1A2,Both,2.6622931957244873
COL1A2,Both,2.6082241535186768
COL1A2,Both,2.6489906311035156
COL1A2,Both,1.8180670738220215
COL1A2,Both,2.3291728496551514
COL1A2,Both,2.0494182109832764
COL1A2,Both,2.1953070163726807
COL1A2,Both,2.51798415184021
COL1A2,Both,2.9518589973449707
COL1A2,Both,2.5991897583007812
COL1A2,Both,2.4174184799194336
COL1A2,Both,2.6056885719299316
COL1A2,Both,2.7308189868927
COL1A2,Both,1.4622678756713867
COL1A2,Both,2.5410900115966797
COL1A2,Both,2.4709343910217285
COL1A2,Both,2.4119153022766113
COL1A2,Both,2.6415934562683105
COL1A2,Both,2.448894739151001
COL1A2,Both,2.3662033081054688
COL1A2,Both,2.4337892532348633
COL1A2,Both,2.2768726348876953
COL1A2,Both,2.2093448638916016
COL1A2,Both,2.0455217361450195
COL1A2,Both,2.6285018920898438
COL1A2,Both,2.68809175491333
COL1A2,Both,2.9529783725738525
COL1A2,Both,2.625127077102661
COL1A2,Both,1.3795058727264404
COL1A2,Both,2.3607680797576904
COL1A2,Both,2.0854012966156006
COL1A2,Both,2.203787088394165
COL1A2,Both,2.393646478652954
COL1A2,Both,2.2136070728302
COL1A2,Both,2.220128059387207
COL1A2,Both,2.651442289352417
COL1A2,Both,2.82427978515625
COL1A2,Both,2.163517713546753
COL1A2,Both,1.7965517044067383
COL1A2,Both,1.8954834938049316
COL1A2,Both,2.4350268840789795
COL1A2,Both,2.2420358657836914
COL1A2,Both,2.297158718109131
COL1A2,Both,2.5091028213500977
COL1A2,Both,1.9688589572906494
COL1A2,Both,2.1795992851257324
COL1A2,Both,2.32114577293396
COL1A2,Both,2.2549378871917725
COL1A2,Both,2.561399221420288
COL1A2,Both,2.252000331878662
COL1A2,Both,2.7277562618255615
COL1A2,Both,2.673591136932373
COL1A2,Both,2.403168201446533
COL1A2,Both,2.536799430847168
COL1A2,Both,2.1839494705200195
COL1A2,Both,1.8379713296890259
COL1A2,Both,2.36265230178833
COL1A2,Both,2.265404462814331
COL1A2,Both,2.777923345565796
COL1A2,Both,2.0331215858459473
COL1A2,Both,2.3302536010742188
COL1A2,Both,2.408296823501587
COL1A2,Both,3.1301989555358887
COL1A2,Both,2.567685604095459
COL1A2,Both,2.6754064559936523
COL1A2,Both,2.3991308212280273
COL1A2,Both,2.297117233276367
COL1A2,Both,2.6271910667419434
COL1A2,Both,2.3443431854248047
COL1A2,Both,1.88047194480896
COL1A2,Both,2.548743963241577
COL1A2,Both,2.2447574138641357
COL1A2,Both,2.4893226623535156
COL1A2,Both,2.314638137817383
COL1A2,Both,2.633108615875244
COL1A2,Both,2.2965707778930664
COL1A2,Both,2.308333396911621
COL1A2,Both,2.4738035202026367
COL1A2,Both,2.0461313724517822
COL1A2,Both,2.5593268871307373
COL1A2,Both,2.6115477085113525
COL1A2,Both,3.2507753372192383
COL1A2,Both,1.8634167909622192
COL1A2,Both,2.582143783569336
COL1A2,Both,2.379157304763794
COL1A2,Both,2.478109359741211
COL1A2,Both,2.319685697555542
COL1A2,Both,0.0
COL1A2,Both,1.8202991485595703
COL1A2,Both,2.7183353900909424
COL1A2,Both,2.538954019546509
COL1A2,Both,2.2000937461853027
COL1A2,Both,2.559147834777832
COL1A2,Both,2.001793622970581
COL1A2,Both,2.26151967048645
COL1A2,Both,2.4776453971862793
COL1A2,Both,2.2926530838012695
COL1A2,Both,2.739492654800415
COL1A2,Both,2.7348806858062744
COL1A2,Both,1.898707389831543
COL1A2,Both,2.7462596893310547
COL1A2,Both,2.7288615703582764
COL1A2,Both,0.0
COL1A2,Both,2.3090274333953857
COL1A2,Both,2.620800018310547
COL1A2,Both,2.4616575241088867
COL1A2,Both,1.1072914600372314
COL1A2,Both,2.1898841857910156
COL1A2,Both,0.0
COL1A2,Both,2.1776554584503174
COL1A2,Both,2.3101110458374023
COL1A2,Both,2.4901514053344727
COL1A2,Both,1.9784122705459595
COL1A2,Both,2.493824005126953
COL1A2,Both,2.7853941917419434
COL1A2,Both,2.4194910526275635
COL1A2,Both,2.6405858993530273
COL1A2,Both,2.5188188552856445
COL1A2,Both,2.4391236305236816
COL1A2,Both,2.6516354084014893
COL1A2,Both,2.2991764545440674
COL1A2,Both,2.114985704421997
COL1A2,Both,2.477755069732666
COL1A2,Both,2.4679486751556396
COL1A2,Both,2.1550028324127197
COL1A2,Both,2.70202374458313
COL1A2,Both,2.3287055492401123
COL1A2,Both,1.539741039276123
COL1A2,Both,2.879223108291626
COL1A2,Both,2.4839673042297363
COL1A2,Both,2.2997331619262695
COL1A2,Both,0.0
COL1A2,Both,2.7823336124420166
COL1A2,Both,1.6055768728256226
COL1A2,Both,2.539425849914551
COL1A2,Both,2.1930012702941895
COL1A2,Both,2.876312732696533
COL1A2,Both,2.143355369567871
COL1A2,Both,0.0
COL1A2,Both,2.911465883255005
COL1A2,Both,2.819350004196167
COL1A2,Both,2.6425702571868896
COL1A2,Both,2.2762277126312256
COL1A2,Both,1.7205626964569092
COL1A2,Both,2.413053274154663
COL1A2,Both,2.4491872787475586
COL1A2,Both,2.5936717987060547
COL1A2,Both,2.7633190155029297
COL1A2,Both,2.39764666557312
COL1A2,Both,1.9873390197753906
COL1A2,Both,2.55615234375
COL1A2,Both,1.856634259223938
COL1A2,Both,1.7754477262496948
COL1A2,Both,2.019932508468628
COL1A2,Both,0.0
COL1A2,Both,2.823335886001587
COL1A2,Both,2.053321599960327
COL1A2,Both,2.3680665493011475
COL1A2,Both,2.2736499309539795
COL1A2,Both,2.446004629135132
COL1A2,Both,0.0
COL1A2,Both,0.0
COL1A2,Both,1.9983073472976685
COL1A2,Both,2.3374509811401367
COL1A2,Both,2.613293170928955
COL1A2,Both,2.7757067680358887
COL1A2,Both,2.7702763080596924
COL1A2,Both,2.2008728981018066
COL1A2,Both,2.055326461791992
COL1A2,Both,2.3658416271209717
COL1A2,Both,2.299254894256592
COL1A2,Both,2.659440279006958
COL1A2,Both,2.3977625370025635
COL1A2,Both,2.217775344848633
COL1A2,Both,2.719505548477173
COL1A2,Both,2.8202173709869385
COL1A2,Both,2.7334322929382324
COL1A2,Both,2.4542269706726074
COL1A2,Both,2.600623369216919
COL1A2,Both,2.070713520050049
COL1A2,Both,2.8242201805114746
COL1A2,Both,2.468195676803589
COL1A2,Both,2.563286781311035
COL1A2,Both,1.9405345916748047
COL1A2,Both,2.2417855262756348
COL1A2,Both,2.513967990875244
COL1A2,Both,2.6524930000305176
COL1A2,Both,2.2787747383117676
COL1A2,Both,2.551090955734253
COL1A2,Both,2.4794199466705322
COL1A2,Both,2.219175338745117
COL1A2,Both,2.535707712173462
COL1A2,Both,2.1941118240356445
COL1A2,Both,2.2617199420928955
COL1A2,Both,2.447813034057617
COL1A2,Both,2.2146036624908447
COL1A2,Both,0.0
COL1A2,Both,2.1739518642425537
COL1A2,Both,2.613917350769043
COL1A2,Both,2.359790086746216
COL1A2,Both,2.4674952030181885
COL1A2,Both,2.6974830627441406
COL1A2,Both,1.72926664352417
COL1A2,Both,2.6201744079589844
COL1A2,Both,2.448782444000244
COL1A2,Both,2.45491099357605
COL1A2,Both,2.114861011505127
COL1A2,Both,2.339022397994995
COL1A2,Both,2.2757346630096436
COL1A2,Both,2.032500982284546
COL1A2,Both,0.0
COL1A2,Both,2.178382158279419
COL1A2,Both,2.357755184173584
COL1A2,Both,2.5577681064605713
COL1A2,Both,2.589794635772705
COL1A2,Both,2.0977706909179688
COL1A2,Both,2.532301425933838
COL1A2,Both,2.0596425533294678
COL1A2,Both,2.574453830718994
COL1A2,Both,2.396303176879883
COL1A2,Both,2.2036855220794678
COL1A2,Both,2.3045198917388916
COL1A2,Both,2.4184868335723877
COL1A2,Both,2.718815565109253
COL1A2,Both,2.459259510040283
COL1A2,Both,1.9210610389709473
COL1A2,Both,2.6362926959991455
COL1A2,Both,2.732442617416382
COL1A2,Both,2.755854845046997
COL1A2,Both,2.5105772018432617
COL1A2,Both,2.7790279388427734
COL1A2,Both,2.78743839263916
COL1A2,Both,2.513385772705078
COL1A2,Both,2.752939224243164
COL1A2,Both,2.540484666824341
COL1A2,Both,2.4390478134155273
COL1A2,Both,2.4591617584228516
COL1A2,Both,0.0
COL1A2,Both,2.509826421737671
COL1A2,Both,2.866427183151245
COL1A2,Both,2.5957303047180176
COL1A2,Both,2.3872194290161133
COL1A2,Both,2.5813705921173096
COL1A2,Both,2.3053040504455566
COL1A2,Both,2.1090221405029297
COL1A2,Both,1.768221139907837
COL1A2,Both,2.001817226409912
COL1A2,Both,2.360060214996338
COL1A2,Both,2.165921449661255
COL1A2,Both,2.3244528770446777
COL1A2,Both,2.8301568031311035
COL1A2,Both,2.1780033111572266
COL1A2,Both,2.505439281463623
COL1A2,Both,2.692157745361328
COL1A2,Both,0.0
COL1A2,Both,1.92006254196167
COL1A2,Both,2.258741855621338
COL1A2,Both,2.189671039581299
COL1A2,Both,2.0994770526885986
COL1A2,Both,2.806140899658203
COL1A2,Both,2.716356039047241
COL1A2,Both,0.0
COL1A2,Both,2.418245553970337
COL1A2,Both,1.750648856163025
COL1A2,Both,2.526785135269165
COL1A2,Both,2.3555855751037598
COL1A2,Both,2.1539361476898193
COL1A2,Both,1.7461483478546143
COL1A2,Both,2.5802841186523438
COL1A2,Both,2.25799822807312
COL1A2,Both,1.9835965633392334
COL1A2,Both,1.9715337753295898
COL1A2,Both,0.0
COL1A2,Both,2.270064115524292
COL1A2,Both,2.302720069885254
COL1A2,Both,2.413173198699951
COL1A2,Both,2.241633415222168
COL1A2,Both,2.784688949584961
COL1A2,Both,2.535954713821411
COL1A2,Both,2.328868865966797
COL1A2,Both,2.4793312549591064
COL1A2,Both,2.119945526123047
COL1A2,Both,2.5886454582214355
COL1A2,Both,2.455258846282959
COL1A2,Both,1.430701494216919
COL1A2,Both,2.732135772705078
COL1A2,Both,2.429058313369751
COL1A2,Both,2.412431240081787
COL1A2,Both,2.106498956680298
COL1A2,Both,2.5011041164398193
COL1A2,Both,1.9947713613510132
COL1A2,Both,2.576587200164795
COL1A2,Both,3.18410325050354
COL1A2,Both,2.577068328857422
COL1A2,Both,2.780406951904297
COL1A2,Both,2.6284432411193848
COL1A2,Both,2.2352771759033203
COL1A2,Both,2.2809677124023438
COL1A2,Both,1.8586066961288452
COL1A2,Both,2.389219045639038
COL1A2,Both,2.014761209487915
COL1A2,Both,2.034651279449463
COL1A2,Both,2.990190029144287
COL1A2,Both,2.609395980834961
COL1A2,Both,2.091341972351074
COL1A2,Both,2.5824992656707764
COL1A2,Both,1.4944201707839966
COL1A2,Both,2.4858310222625732
COL1A2,Both,2.7879528999328613
COL1A2,Both,2.676593780517578
COL1A2,Both,2.232656955718994
COL1A2,Both,0.0
COL1A2,Both,2.5107383728027344
COL1A2,Both,2.8378617763519287
COL1A2,Both,2.0279226303100586
COL1A2,Both,1.369744896888733
COL1A2,Both,2.88728404045105
COL1A2,Both,2.3269503116607666
COL1A2,Both,2.718254566192627
COL1A2,Both,1.8745425939559937
COL1A2,Both,2.273886203765869
COL1A2,Both,2.521930694580078
COL1A2,Both,2.46624755859375
COL1A2,Both,1.5256402492523193
COL1A2,Both,2.3093018531799316
COL1A2,Both,1.937074065208435
COL1A2,Both,2.5191056728363037
COL1A2,Both,2.539644241333008
COL1A2,Both,2.744025707244873
COL1A2,Both,1.9013350009918213
COL1A2,Both,1.982381820678711
COL1A2,Both,2.58038592338562
COL1A2,Both,2.3561909198760986
COL1A2,Both,2.1585402488708496
COL1A2,Both,2.313018560409546
COL1A2,Both,2.277190685272217
COL1A2,Both,2.7647266387939453
COL1A2,Both,2.4752089977264404
COL1A2,Both,2.32415771484375
COL1A2,Both,2.9738900661468506
COL1A2,Both,1.9761143922805786
COL1A2,Both,1.7418384552001953
COL1A2,Both,2.651709794998169
COL1A2,Both,2.4282572269439697
COL1A2,Both,2.481207847595215
COL1A2,Both,2.896545886993408
COL1A2,Both,2.6438682079315186
COL1A2,Both,2.396533966064453
COL1A2,Both,2.3197250366210938
COL1A2,Both,2.2511799335479736
COL1A2,Both,2.292621612548828
COL1A2,Both,2.4604268074035645
COL1A2,Both,2.056185245513916
COL1A2,Both,2.4659628868103027
COL1A2,Both,2.58907413482666
COL1A2,Both,2.665990114212036
COL1A2,Both,1.9435728788375854
COL1A2,Both,1.986210823059082
COL1A2,Both,1.9970401525497437
COL1A2,Both,2.650391101837158
COL1A2,Both,2.4637980461120605
COL1A2,Both,2.2194087505340576
COL1A2,Both,2.5223960876464844
COL1A2,Both,2.00349760055542
COL1A2,Both,1.934485912322998
COL1A2,Both,2.256682872772217
COL1A2,Both,2.8593900203704834
COL1A2,Both,2.7147910594940186
COL1A2,Both,2.4687767028808594
COL1A2,Both,2.8129420280456543
COL1A2,Both,2.5535125732421875
COL1A2,Both,2.383775234222412
COL1A2,Both,2.828599691390991
COL1A2,Both,2.3122646808624268
COL1A2,Both,2.4693522453308105
COL1A2,Both,3.0494375228881836
COL1A2,Both,2.6351466178894043
COL1A2,Both,2.1185452938079834
COL1A2,Both,2.5058846473693848
COL1A2,Both,0.0
COL1A2,Both,2.7851972579956055
COL1A2,Both,2.641824245452881
COL1A2,Both,2.4374773502349854
COL1A2,Both,2.6024622917175293
COL1A2,Both,2.526078939437866
COL1A2,Both,0.0
COL1A2,Both,2.618309259414673
COL1A2,Both,2.616265296936035
COL1A2,Both,2.4128692150115967
COL1A2,Both,2.5595014095306396
COL1A2,Both,2.4646408557891846
COL1A2,Both,2.8925230503082275
COL1A2,Both,2.198082685470581
COL1A2,Both,2.67769718170166
COL1A2,Both,1.906219244003296
COL1A2,Both,1.9178422689437866
COL1A2,Both,2.6984245777130127
COL1A2,Both,2.140962600708008
COL1A2,Both,2.407519578933716
COL1A2,Both,1.7256823778152466
COL1A2,Both,2.0501444339752197
COL1A2,Both,2.818300724029541
COL1A2,Both,2.669572591781616
COL1A2,Both,1.6132709980010986
COL1A2,Both,2.171905040740967
COL1A2,Both,2.7189478874206543
COL1A2,Both,2.6319141387939453
COL1A2,Both,2.5054547786712646
COL1A2,Both,3.28254771232605
COL1A2,Both,2.2198426723480225
COL1A2,Both,2.5537960529327393
COL1A2,Both,3.239023208618164
COL1A2,Both,2.8517019748687744
COL1A2,Both,2.336803913116455
COL1A2,Both,2.197768211364746
COL1A2,Both,1.9515929222106934
COL1A2,Both,2.203799247741699
COL1A2,Both,2.00223708152771
COL1A2,Both,2.543062686920166
COL1A2,Both,2.5560953617095947
COL1A2,Both,2.6437220573425293
COL1A2,Both,2.4917428493499756
COL1A2,Both,2.3813977241516113
COL1A2,Both,2.1791796684265137
COL1A2,Both,2.6088671684265137
COL1A2,Both,2.2636752128601074
COL1A2,Both,2.6929211616516113
COL1A2,Both,2.5826334953308105
COL1A2,Both,2.6340696811676025
COL1A2,Both,1.9843640327453613
COL1A2,Both,2.6782755851745605
COL1A2,Both,1.5737719535827637
COL1A2,Both,2.3253767490386963
COL1A2,Both,1.5194554328918457
COL1A2,Both,2.6464314460754395
COL1A2,Both,2.824655294418335
COL1A2,Both,2.5730128288269043
COL1A2,Both,2.5252482891082764
COL1A2,Both,3.349936008453369
COL1A2,Both,1.8495584726333618
COL1A2,Both,2.730971097946167
COL1A2,Both,2.07149076461792
COL1A2,Both,1.87890625
COL1A2,Both,2.7104265689849854
COL1A2,Both,1.8842756748199463
COL1A2,Both,2.2040886878967285
COL1A2,Both,2.2059669494628906
COL1A2,Both,1.7425570487976074
COL1A2,Both,2.475080966949463
COL1A2,Both,2.584474563598633
COL1A2,Both,2.979421377182007
COL1A2,Both,2.5058300495147705
COL1A2,Both,2.7366764545440674
COL1A2,Both,2.5899593830108643
COL1A2,Both,2.8177151679992676
COL1A2,Both,2.413860321044922
COL1A2,Both,1.9306166172027588
COL1A2,Both,2.07877779006958
COL1A2,Both,2.171787738800049
COL1A2,Both,1.276968240737915
COL1A2,Both,2.132948875427246
COL1A2,Both,0.0
COL1A2,Both,2.9142873287200928
COL1A2,Both,2.0252461433410645
COL1A2,Both,2.597490072250366
COL1A2,Both,2.1108813285827637
COL1A2,Both,2.0043718814849854
COL1A2,Both,2.516606330871582
COL1A2,Both,2.1001594066619873
COL1A2,Both,2.6227219104766846
COL1A2,Both,2.7655372619628906
COL1A2,Both,2.2092583179473877
COL1A2,Both,0.0
COL1A2,Both,2.9350292682647705
COL1A2,Both,2.24651837348938
COL1A2,Both,2.298783302307129
COL1A2,Both,2.5991458892822266
COL1A2,Both,2.7065587043762207
COL1A2,Both,2.2322282791137695
COL1A2,Both,2.0577402114868164
COL1A2,Both,2.6101574897766113
COL1A2,Both,1.9928542375564575
COL1A2,Both,2.0815682411193848
COL1A2,Both,2.1324408054351807
COL1A2,Both,1.5508630275726318
COL1A2,Both,1.8936827182769775
COL1A2,Both,2.1566524505615234
COL1A2,Both,3.057190179824829
COL1A2,Both,2.0739247798919678
COL1A2,Both,2.6524059772491455
COL1A2,Both,2.6134629249572754
COL1A2,Both,1.7819181680679321
COL1A2,Both,1.722806453704834
COL1A2,Both,2.8805599212646484
COL1A2,Both,2.96589994430542
COL1A2,Both,2.2182815074920654
COL1A2,Both,2.1284940242767334
COL1A2,Both,2.6145975589752197
COL1A2,Both,2.8604073524475098
COL1A2,Both,2.3975331783294678
COL1A2,Both,1.8463327884674072
COL1A2,Both,1.734957218170166
COL1A2,Both,2.0482075214385986
COL1A2,Both,3.0492238998413086
COL1A2,Both,2.1972110271453857
COL1A2,Both,0.0
COL1A2,Both,2.6029765605926514
COL1A2,Both,2.17861270904541
COL1A2,Both,2.462406635284424
COL1A2,Both,2.575117826461792
COL1A2,Both,2.513328790664673
COL1A2,Both,2.476044178009033
COL1A2,Both,2.5861406326293945
COL1A2,Both,2.4476988315582275
COL1A2,Both,2.7636609077453613
COL1A2,Both,2.2191755771636963
COL1A2,Both,2.5614211559295654
COL1A2,Both,2.5540592670440674
COL1A2,Both,2.4037909507751465
COL1A2,Both,2.511159896850586
COL1A2,Both,2.7051117420196533
COL1A2,Both,2.503131151199341
COL1A2,Both,2.945300579071045
COL1A2,Both,2.112354278564453
COL1A2,Both,2.244293689727783
COL1A2,Both,2.386674642562866
COL1A2,Both,0.0
COL1A2,Both,1.3780416250228882
COL1A2,Both,2.696682929992676
COL1A2,Both,2.5549166202545166
COL1A2,Both,2.8818552494049072
COL1A2,Both,1.982116937637329
COL1A2,Both,2.257636070251465
COL1A2,Both,2.92348575592041
COL1A2,Both,2.611675262451172
COL1A2,Both,2.6367104053497314
COL1A2,Both,1.8637841939926147
COL1A2,Both,2.4353556632995605
COL1A2,Both,2.2034695148468018
COL1A2,Both,2.1619908809661865
COL1A2,Both,2.4953534603118896
COL1A2,Both,0.0
COL1A2,Both,2.6551833152770996
COL1A2,Both,2.3585522174835205
COL1A2,Both,2.5631065368652344
COL1A2,Both,2.5112452507019043
COL1A2,Both,2.7021870613098145
COL1A2,Both,2.520468235015869
COL1A2,Both,2.704343557357788
COL1A2,Both,1.6234374046325684
COL1A2,Both,2.1473145484924316
COL1A2,Both,2.304499864578247
COL1A2,Both,2.2296340465545654
COL1A2,Both,2.2908034324645996
COL1A2,Both,2.5422251224517822
COL1A2,Both,2.4787914752960205
COL1A2,Both,2.540708541870117
COL1A2,Both,2.3276045322418213
COL1A2,Both,2.467648506164551
COL1A2,Both,2.161288261413574
COL1A2,Both,2.5738611221313477
COL1A2,Both,2.0139403343200684
COL1A2,Both,2.006134271621704
COL1A2,Both,2.184748649597168
COL1A2,Both,1.8241554498672485
COL1A2,Both,1.663818359375
COL1A2,Both,2.5534074306488037
COL1A2,Both,2.0155558586120605
COL1A2,Both,2.067516803741455
COL1A2,Both,2.693570852279663
COL1A2,Both,3.3146986961364746
COL1A2,Both,2.660414218902588
COL1A2,Both,1.6141066551208496
COL1A2,Both,2.1947293281555176
COL1A2,Both,1.9074411392211914
COL1A2,Both,2.572514772415161
COL1A2,Both,2.322838306427002
COL1A2,Both,2.596954345703125
COL1A2,Both,2.434947967529297
COL1A2,Both,2.586224317550659
COL1A2,Both,2.6876070499420166
COL1A2,Both,2.8051977157592773
COL1A2,Both,2.3864288330078125
COL1A2,Both,2.7399277687072754
COL1A2,Both,2.4674594402313232
COL1A2,Both,2.5152134895324707
COL1A2,Both,2.544081926345825
COL1A2,Both,2.5170373916625977
COL1A2,Both,1.919493556022644
COL1A2,Both,1.9424513578414917
COL1A2,Both,2.6375136375427246
COL1A2,Both,2.53916597366333
COL1A2,Both,2.320411443710327
COL1A2,Both,2.519399642944336
COL1A2,Both,2.752612829208374
COL1A2,Both,0.0
COL1A2,Both,1.7145813703536987
COL1A2,Both,2.7311058044433594
COL1A2,Both,2.1688783168792725
COL1A2,Both,2.3623008728027344
COL1A2,Both,3.0358920097351074
COL1A2,Both,2.37528920173645
COL1A2,Both,2.2431375980377197
COL1A2,Both,2.254079580307007
COL1A2,Both,2.55422306060791
COL1A2,Both,2.649956703186035
COL1A2,Both,2.4429445266723633
COL1A2,Both,2.28035831451416
COL1A2,Both,2.1215085983276367
COL1A2,Both,2.6206107139587402
COL1A2,Both,2.1682825088500977
COL1A2,Both,2.3486533164978027
COL1A2,Both,0.0
COL1A2,Both,2.17974853515625
COL1A2,Both,2.0076661109924316
COL1A2,Both,3.0991108417510986
COL1A2,Both,1.5987356901168823
COL1A2,Both,2.5586066246032715
COL1A2,Both,2.002699851989746
COL1A2,Both,2.5410006046295166
COL1A2,Both,2.6050872802734375
COL1A2,Both,2.1790759563446045
COL1A2,Both,2.164071559906006
COL1A2,Both,0.0
COL1A2,Both,2.552475929260254
COL1A2,Both,2.625546455383301
COL1A2,Both,2.0913586616516113
COL1A2,Both,2.5968644618988037
COL1A2,Both,2.9436686038970947
COL1A2,Both,2.333878993988037
COL1A2,Both,2.667557716369629
COL1A2,Both,3.134732723236084
COL1A2,Both,3.0423173904418945
COL1A2,Both,2.544036388397217
COL1A2,Both,1.9699950218200684
COL1A2,Both,1.9787178039550781
COL1A2,Both,2.823225975036621
COL1A2,Both,2.639739751815796
COL1A2,Both,3.017014265060425
COL1A2,Both,2.430277109146118
COL1A2,Both,2.593233108520508
COL1A2,Both,1.8301336765289307
COL1A2,Both,2.258962869644165
COL1A2,Both,2.3434009552001953
COL1A2,Both,2.4223756790161133
COL1A2,Both,2.991454601287842
COL1A2,Both,2.5865609645843506
COL1A2,Both,2.7632334232330322
COL1A2,Both,2.503206968307495
COL1A2,Both,2.26377272605896
COL1A2,Both,2.1525604724884033
COL1A2,Both,2.6860852241516113
COL1A2,Both,2.3507580757141113
COL1A2,Both,2.335911750793457
COL1A2,Both,2.6488442420959473
COL1A2,Both,2.158782958984375
COL1A2,Both,2.6534106731414795
COL1A2,Both,2.5395429134368896
COL1A2,Both,2.1350042819976807
COL1A2,Both,2.1325559616088867
COL1A2,Both,2.583730459213257
COL1A2,Both,2.083829879760742
COL1A2,Both,2.7277557849884033
COL1A2,Both,2.2659058570861816
COL1A2,Both,2.1544957160949707
COL1A2,Both,1.3199715614318848
COL1A2,Both,2.2558603286743164
COL1A2,Both,0.0
COL1A2,Both,2.563049554824829
COL1A2,Both,2.5544071197509766
COL1A2,Both,2.87152361869812
COL1A2,Both,2.384406566619873
COL1A2,Both,2.1845436096191406
COL1A2,Both,2.162590742111206
COL1A2,Both,2.1997182369232178
COL1A2,Both,2.478583812713623
COL1A2,Both,2.9872002601623535
COL1A2,Both,0.0
COL1A2,Both,3.1560239791870117
COL1A2,Both,2.0350043773651123
COL1A2,Both,2.322779655456543
COL1A2,Both,1.9896801710128784
COL1A2,Both,1.9005343914031982
COL1A2,Both,2.54172420501709
COL1A2,Both,2.9488589763641357
COL1A2,Both,2.1766695976257324
COL1A2,Both,2.660914421081543
COL1A2,Both,0.0
COL1A2,Both,2.5943315029144287
COL1A2,Both,2.373631000518799
COL1A2,Both,2.7604475021362305
COL1A2,Both,2.3983497619628906
COL1A2,Both,2.4397382736206055
COL1A2,Both,2.480722427368164
COL1A2,Both,2.5204102993011475
COL1A2,Both,2.492248773574829
COL1A2,Both,1.7027246952056885
COL1A2,Both,2.4723777770996094
COL1A2,Both,0.0
COL1A2,Both,2.4767725467681885
COL1A2,Both,1.8561004400253296
COL1A2,Both,1.8424606323242188
COL1A2,Both,2.3912124633789062
COL1A2,Both,2.2859740257263184
COL1A2,Both,2.7205371856689453
COL1A2,Both,2.3057861328125
COL1A2,Both,2.1499979496002197
COL1A2,Both,0.0
COL1A2,Both,2.803447723388672
COL1A2,Both,2.169376850128174
COL1A2,Both,2.8957576751708984
COL1A2,Both,2.217839241027832
COL1A2,Both,2.5875508785247803
COL1A2,Both,2.7721123695373535
COL1A2,Both,0.9725321531295776
COL1A2,Both,1.322514533996582
COL1A2,Both,0.0
COL1A2,Both,1.9357566833496094
COL1A2,Both,2.639113187789917
COL1A2,Both,2.1662395000457764
COL1A2,Both,2.2630527019500732
COL1A2,Both,2.4706175327301025
COL1A2,Both,2.425097942352295
COL1A2,Both,2.4137256145477295
COL1A2,Both,2.5334653854370117
COL1A2,Both,2.9064197540283203
COL1A2,Both,2.6604464054107666
COL1A2,Both,2.2769618034362793
COL1A2,Both,2.449026346206665
COL1A2,Both,1.6350916624069214
COL1A2,Both,2.7229745388031006
COL1A2,Both,2.1664347648620605
COL1A2,Both,2.5898594856262207
COL1A2,Both,1.3493362665176392
COL1A2,Both,2.746837615966797
COL1A2,Both,1.806044101715088
COL1A2,Both,2.716421127319336
COL1A2,Both,2.5665252208709717
COL1A2,Both,2.288695812225342
COL1A2,Both,2.266880512237549
COL1A2,Both,1.8696974515914917
COL1A2,Both,2.597562313079834
COL1A2,Both,2.4404654502868652
COL1A2,Both,3.0332682132720947
COL1A2,Both,2.7784042358398438
COL1A2,Both,2.5664331912994385
COL1A2,Both,2.1532833576202393
COL1A2,Both,2.6812291145324707
COL1A2,Both,2.6726784706115723
COL1A2,Both,2.6746175289154053
COL1A2,Both,2.8142826557159424
COL1A2,Both,2.442979574203491
COL1A2,Both,2.4244418144226074
COL1A2,Both,2.7950358390808105
COL1A2,Both,2.4426121711730957
COL1A2,Both,2.193495035171509
COL1A2,Both,2.586855173110962
COL1A2,Both,2.3332765102386475
COL1A2,Both,2.637902021408081
COL1A2,Both,2.617189645767212
COL1A2,Both,1.5160657167434692
COL1A2,Both,2.1730825901031494
COL1A2,Both,2.392815113067627
COL1A2,Both,1.7673323154449463
COL1A2,Both,2.630668878555298
COL1A2,Both,1.9068453311920166
COL1A2,Both,2.601679801940918
COL1A2,Both,1.9938857555389404
COL1A2,Both,2.8608789443969727
COL1A2,Both,2.553300142288208
COL1A2,Both,2.7398364543914795
COL1A2,Both,2.510030746459961
COL1A2,Both,2.07997465133667
COL1A2,Both,2.0166196823120117
COL1A2,Both,2.1744706630706787
COL1A2,Both,2.303452491760254
COL1A2,Both,2.7324695587158203
COL1A2,Both,1.7391510009765625
COL1A2,Both,2.494271993637085
COL1A2,Both,2.323678493499756
COL1A2,Both,2.8205552101135254
COL1A2,Both,2.5564792156219482
COL1A2,Both,2.493086576461792
COL1A2,Both,2.7193410396575928
COL1A2,Both,2.3717987537384033
COL1A2,Both,0.0
COL1A2,Both,1.796562910079956
COL1A2,Both,2.2084901332855225
COL1A2,Both,2.722364902496338
COL1A2,Both,2.7813429832458496
COL1A2,Both,2.6293342113494873
COL1A2,Both,1.4345265626907349
COL1A2,Both,3.162224292755127
COL1A2,Both,2.5120301246643066
COL1A2,Both,2.7595267295837402
COL1A2,Both,2.6751246452331543
COL1A2,Both,2.1458740234375
COL1A2,Both,1.9294617176055908
COL1A2,Both,2.533350706100464
COL1A2,Both,2.3258423805236816
COL1A2,Both,1.7365634441375732
COL1A2,Both,2.5313000679016113
COL1A2,Both,2.580378293991089
COL1A2,Both,2.9857230186462402
COL1A2,Both,1.862918496131897
COL1A2,Both,2.4332363605499268
COL1A2,Both,3.040104627609253
COL1A2,Both,2.56136155128479
COL1A2,Both,2.6282029151916504
COL1A2,Both,2.831929922103882
COL1A2,Both,0.0
COL1A2,Both,1.9744555950164795
COL1A2,Both,2.4112300872802734
COL1A2,Both,2.1743323802948
COL1A2,Both,2.424710988998413
COL1A2,Both,2.6845314502716064
COL1A2,Both,1.5119454860687256
COL1A2,Both,2.8169074058532715
COL1A2,Both,1.884332299232483
COL1A2,Both,2.227208375930786
COL1A2,Both,2.34309720993042
COL1A2,Both,2.640632390975952
COL1A2,Both,2.5380771160125732
COL1A2,Both,2.033203125
COL1A2,Both,2.534567356109619
COL1A2,Both,2.1494641304016113
COL1A2,Both,2.709390878677368
COL1A2,Both,3.0942533016204834
COL1A2,Both,2.4082770347595215
COL1A2,Both,2.1662211418151855
COL1A2,Both,2.145944356918335
COL1A2,Both,1.2043458223342896
COL1A2,Both,2.6466317176818848
COL1A2,Both,2.883350372314453
COL1A2,Both,2.245318651199341
COL1A2,Both,1.88884699344635
COL1A2,Both,1.596605896949768
COL1A2,Both,2.7081243991851807
COL1A2,Both,2.4613165855407715
COL1A2,Both,2.52681827545166
COL1A2,Both,2.517927408218384
COL1A2,Both,2.685431718826294
COL1A2,Both,2.0140256881713867
COL1A2,Both,2.075246810913086
COL1A2,Both,2.739856719970703
COL1A2,Both,2.0833418369293213
COL1A2,Both,2.2725648880004883
COL1A2,Both,2.259965181350708
COL1A2,Both,0.0
COL1A2,Both,2.4421629905700684
COL1A2,Both,2.316500186920166
COL1A2,Both,2.462357521057129
COL1A2,Both,2.6675894260406494
COL1A2,Both,2.2399704456329346
COL1A2,Both,2.5233089923858643
COL1A2,Both,2.548151731491089
COL1A2,Both,2.6559691429138184
COL1A2,Both,2.364243268966675
COL1A2,Both,2.2223808765411377
COL1A2,Both,2.984161853790283
COL1A2,Both,2.985074758529663
COL1A2,Both,2.069239377975464
COL1A2,Both,2.520313262939453
COL1A2,Both,2.5745320320129395
COL1A2,Both,0.0
COL1A2,Both,2.4954380989074707
COL1A2,Both,2.521373748779297
COL1A2,Both,2.3382325172424316
COL1A2,Both,1.073974847793579
COL1A2,Both,2.35555100440979
COL1A2,Both,2.6472911834716797
COL1A2,Both,1.8001364469528198
COL1A2,Both,2.4120032787323
COL1A2,Both,2.9485280513763428
COL1A2,Both,2.5931384563446045
COL1A2,Both,2.1580355167388916
COL1A2,Both,2.144207239151001
COL1A2,Both,2.965182304382324
COL1A2,Both,2.5486528873443604
COL1A2,Both,2.67924427986145
COL1A2,Both,0.0
COL1A2,Both,2.3409335613250732
COL1A2,Both,2.8518576622009277
COL1A2,Both,1.8536781072616577
COL1A2,Both,2.567410469055176
COL1A2,Both,2.5863165855407715
COL1A2,Both,2.378532886505127
COL1A2,Both,2.3800864219665527
COL1A2,Both,2.4240081310272217
COL1A2,Both,2.3901596069335938
COL1A2,Both,2.390549659729004
COL1A2,Both,2.4400815963745117
COL1A2,Both,2.6074512004852295
COL1A2,Both,2.631225109100342
COL1A2,Both,2.4824185371398926
COL1A2,Both,2.205059289932251
COL1A2,Both,2.5539205074310303
COL1A2,Both,2.292041778564453
COL1A2,Both,1.9716544151306152
COL1A2,Both,2.539658784866333
COL1A2,Both,2.6331393718719482
COL1A2,Both,2.609015703201294
COL1A2,Both,2.6867897510528564
COL1A2,Both,2.205226421356201
COL1A2,Both,2.7298319339752197
COL1A2,Both,2.510138511657715
COL1A2,Both,2.559807538986206
COL1A2,Both,1.5979995727539062
COL1A2,Both,2.295170307159424
COL1A2,Both,1.3703724145889282
COL1A2,Both,2.5793375968933105
COL1A2,Both,2.4050729274749756
COL1A2,Both,1.8947529792785645
COL1A2,Both,2.399062395095825
COL1A2,Both,2.357834577560425
COL1A2,Both,0.0
COL1A2,Both,2.173787832260132
COL1A2,Both,2.849524974822998
COL1A2,Both,2.096454381942749
COL1A2,Both,2.2989933490753174
COL1A2,Both,2.018831968307495
COL1A2,Both,2.4932258129119873
COL1A2,Both,2.6145694255828857
COL1A2,Both,2.625075340270996
COL1A2,Both,2.800290584564209
COL1A2,Both,2.139162063598633
COL1A2,Both,2.2771997451782227
COL1A2,Both,2.4169857501983643
COL1A2,Both,2.6435751914978027
COL1A2,Both,2.4304707050323486
COL1A2,Both,2.0204646587371826
COL1A2,Both,2.6026957035064697
COL1A2,Both,2.3192687034606934
COL1A2,Both,2.761568307876587
COL1A2,Both,2.3615970611572266
COL1A2,Both,2.226487398147583
COL1A2,Both,2.2886600494384766
COL1A2,Both,2.7282540798187256
COL1A2,Both,3.1365671157836914
COL1A2,Both,2.969325304031372
COL1A2,Both,2.624443292617798
COL1A2,Both,2.345221996307373
COL1A2,Both,2.2146308422088623
COL1A2,Both,2.713021755218506
COL1A2,Both,2.6880226135253906
COL1A2,Both,1.2183701992034912
COL1A2,Both,2.474912166595459
COL1A2,Both,1.948740005493164
COL1A2,Both,0.0
COL1A2,Both,2.498929023742676
COL1A2,Both,0.0
COL1A2,Both,2.1156275272369385
COL1A2,Both,2.2041778564453125
COL1A2,Both,2.645911455154419
COL1A2,Both,2.38716983795166
COL1A2,Both,2.1935384273529053
COL1A2,Both,2.263392448425293
COL1A2,Both,2.671480894088745
COL1A2,Both,2.1460628509521484
COL1A2,Both,2.0063600540161133
COL1A2,Both,2.494478225708008
COL1A2,Both,2.358004093170166
COL1A2,Both,2.162605047225952
COL1A2,Both,2.612370014190674
COL1A2,Both,2.412273406982422
COL1A2,Both,0.0
COL1A2,Both,1.2559161186218262
COL1A2,Both,0.0
COL1A2,Both,2.5506951808929443
COL1A2,Both,2.3337910175323486
COL1A2,Both,0.0
COL1A2,Both,2.486694812774658
COL1A2,Both,1.9523085355758667
COL1A2,Both,2.2536861896514893
COL1A2,Both,2.414266347885132
COL1A2,Both,1.5346877574920654
COL1A2,Both,2.8086211681365967
COL1A2,Both,2.3321104049682617
COL1A2,Both,2.5283520221710205
COL1A2,Both,2.3000731468200684
COL1A2,Both,3.163954973220825
COL1A2,Both,0.0
COL1A2,Both,2.5304272174835205
COL1A2,Both,2.0182130336761475
COL1A2,Both,2.3617594242095947
COL1A2,Both,1.8229484558105469
COL1A2,Both,2.57704758644104
COL1A2,Both,2.8093647956848145
COL1A2,Both,1.6690435409545898
COL1A2,Both,2.448948383331299
COL1A2,Both,3.094102144241333
COL1A2,Both,2.584120273590088
COL1A2,Both,2.1781365871429443
COL1A2,Both,2.402583599090576
COL1A2,Both,2.4048049449920654
COL1A2,Both,2.620079755783081
COL1A2,Both,2.236459970474243
COL1A2,Both,2.3144218921661377
COL1A2,Both,2.441999912261963
COL1A2,Both,2.585062265396118
COL1A2,Both,2.574528217315674
COL1A2,Both,2.8266518115997314
COL1A2,Both,2.531700849533081
COL1A2,Both,2.679823398590088
COL1A2,Both,2.33130145072937
COL1A2,Both,2.388575315475464
COL1A2,Both,2.642947196960449
COL1A2,Both,1.7764134407043457
COL1A2,Both,2.4123032093048096
COL1A2,Both,1.7251150608062744
COL1A2,Both,1.9890238046646118
COL1A2,Both,2.422652244567871
COL1A2,Both,2.5833017826080322
COL1A2,Both,2.2039010524749756
COL1A2,Both,2.694068670272827
COL1A2,Both,2.4558370113372803
COL1A2,Both,2.325819253921509
COL1A2,Both,2.548953056335449
COL1A2,Both,2.167968273162842
COL1A2,Both,1.9927573204040527
COL1A2,Both,2.563981771469116
COL1A2,Both,3.2421865463256836
COL1A2,Both,2.0049943923950195
COL1A2,Both,2.310624837875366
COL1A2,Both,2.3783082962036133
COL1A2,Both,2.2813661098480225
COL1A2,Both,2.593841791152954
COL1A2,Both,2.5742416381835938
COL1A2,Both,2.0982606410980225
COL1A2,Both,2.6716835498809814
COL1A2,Both,2.6532959938049316
COL1A2,Both,2.2369794845581055
COL1A2,Both,2.583669900894165
COL1A2,Both,2.6509439945220947
COL1A2,Both,2.516974449157715
COL1A2,Both,2.403189182281494
COL1A2,Both,1.7003443241119385
COL1A2,Both,1.927848219871521
COL1A2,Both,2.01599383354187
COL1A2,Both,2.7655868530273438
COL1A2,Both,2.3747406005859375
COL1A2,Both,2.5317258834838867
COL1A2,Both,2.627681016921997
COL1A2,Both,2.724860429763794
COL1A2,Both,2.279827117919922
COL1A2,Both,1.844157099723816
COL1A2,Both,2.6687674522399902
COL1A2,Both,1.5578813552856445
COL1A2,Both,2.1547186374664307
COL1A2,Both,2.326915740966797
COL1A2,Both,2.3788394927978516
COL1A2,Both,2.5434322357177734
COL1A2,Both,2.5713775157928467
COL1A2,Both,2.1414709091186523
COL1A2,Both,2.531681776046753
COL1A2,Both,2.4337687492370605
COL1A2,Both,2.3933937549591064
COL1A2,Both,2.6970789432525635
COL1A2,Both,2.450373411178589
COL1A2,Both,2.530467987060547
COL1A2,Both,2.958019733428955
COL1A2,Both,2.246709108352661
COL1A2,Both,2.508892774581909
COL1A2,Both,2.4775071144104004
COL1A2,Both,2.6035258769989014
COL1A2,Both,2.0403120517730713
COL1A2,Both,2.723775625228882
COL1A2,Both,2.625685691833496
COL1A2,Both,2.167694568634033
COL1A2,Both,2.3627655506134033
COL1A2,Both,2.048872232437134
COL1A2,Both,1.8123551607131958
COL1A2,Both,1.0878592729568481
COL1A2,Both,2.655978202819824
COL1A2,Both,2.30474591255188
COL1A2,Both,2.947277545928955
COL1A2,Both,2.2764322757720947
COL1A2,Both,2.6761159896850586
COL1A2,Both,2.1766715049743652
COL1A2,Both,2.2222814559936523
COL1A2,Both,2.0222280025482178
COL1A2,Both,1.8902807235717773
COL1A2,Both,2.241093397140503
COL1A2,Both,2.470360040664673
COL1A2,Both,0.8521456718444824
COL1A2,Both,2.7173402309417725
COL1A2,Both,2.5067219734191895
COL1A2,Both,2.9692561626434326
COL1A2,Both,2.7712154388427734
COL1A2,Both,2.809452772140503
COL1A2,Both,2.5076286792755127
COL1A2,Both,2.7047104835510254
COL1A2,Both,2.637580394744873
COL1A2,Both,2.41736102104187
COL1A2,Both,2.6503360271453857
COL1A2,Both,2.225144147872925
COL1A2,Both,2.071321725845337
COL1A2,Both,2.7383105754852295
COL1A2,Both,1.9328922033309937
COL1A2,Both,1.6984713077545166
COL1A2,Both,1.7389705181121826
COL1A2,Both,2.015460729598999
COL1A2,Both,2.191995859146118
COL1A2,Both,2.3818557262420654
COL1A2,Both,1.6158086061477661
COL1A2,Both,1.8455573320388794
COL1A2,Both,0.0
COL1A2,Both,0.0
COL1A2,Both,0.9317480325698853
COL1A2,Both,0.0
COL1A2,Both,1.520511269569397
COL1A2,Both,1.8074743747711182
COL1A2,Both,2.578801393508911
COL1A2,Both,2.648739814758301
COL1A2,Both,0.0
COL1A2,Both,2.138514518737793
COL1A2,Both,1.9211091995239258
COL1A2,Both,0.0
COL1A2,Both,0.0
COL1A2,Both,0.0
COL1A2,Both,2.7798912525177
COL1A2,Both,2.7796974182128906
COL1A2,Both,2.583936929702759
COL1A2,Both,3.3401176929473877
COL1A2,Both,2.2982137203216553
COL1A2,Both,2.0861332416534424
COL1A2,Both,1.5094443559646606
COL1A2,Both,3.088162899017334
COL1A2,Both,1.801155924797058
COL1A2,Both,0.0
COL1A2,Both,2.060145378112793
COL1A2,Both,2.1055924892425537
COL1A2,Both,2.4291839599609375
COL1A2,Both,3.130549192428589
COL1A2,Both,2.3786325454711914
COL1A2,Both,2.7924649715423584
COL1A2,Both,2.4198825359344482
COL1A2,Both,2.861520528793335
COL1A2,Both,2.94518780708313
COL1A2,Both,2.4192416667938232
COL1A2,Both,2.4421072006225586
COL1A2,Both,2.8007707595825195
COL1A2,Both,2.5766868591308594
COL1A2,Both,2.13362717628479
COL1A2,Both,1.4310892820358276
COL1A2,Both,3.0059964656829834
COL1A2,Both,2.7415127754211426
COL1A2,Both,3.092818260192871
COL1A2,Both,2.762040853500366
COL1A2,Both,2.925276517868042
COL1A2,Both,0.0
COL1A2,Both,2.5340142250061035
COL1A2,Both,3.0038580894470215
COL1A2,Both,3.4852418899536133
COL1A2,Both,2.670423746109009
COL1A2,Both,2.6470377445220947
COL1A2,Both,3.322471857070923
COL1A2,Both,3.045971393585205
COL1A2,Both,2.9653491973876953
COL1A2,Both,3.2664332389831543
COL1A2,Both,2.84028959274292
COL1A2,Both,2.501861810684204
COL1A2,Both,3.06441068649292
COL1A2,Both,2.676243305206299
COL1A2,Both,2.7407052516937256
COL1A2,Both,3.4401748180389404
COL1A2,Both,2.874708890914917
COL1A2,Both,2.436861515045166
COL1A2,Both,3.155449390411377
COL1A2,Both,2.837836265563965
COL1A2,Both,3.181260347366333
COL1A2,Both,2.341277837753296
COL1A2,Both,3.1258277893066406
COL1A2,Both,2.7265625
COL1A2,Both,2.802541971206665
COL1A2,Both,1.6998248100280762
COL1A2,Both,2.951683759689331
COL1A2,Both,2.2919204235076904
COL1A2,Both,3.3819503784179688
COL1A2,Both,3.1490747928619385
COL1A2,Both,2.540315628051758
COL1A2,Both,3.2914371490478516
COL1A2,Both,3.504831314086914
COL1A2,Both,2.1635687351226807
COL1A2,Both,3.153837203979492
COL1A2,Both,0.0
COL1A2,Both,2.4292094707489014
COL1A2,Both,2.7397406101226807
COL1A2,Both,2.6096320152282715
COL1A2,Both,2.735917568206787
COL1A2,Both,2.6724588871002197
COL1A2,Both,1.454966425895691
COL1A2,Both,3.0303261280059814
COL1A2,Both,2.408524751663208
COL1A2,Both,2.649141550064087
COL1A2,Both,2.144078016281128
COL1A2,Both,2.4563231468200684
COL1A2,Both,2.3565573692321777
COL1A2,Both,2.8852665424346924
COL1A2,Both,2.6791832447052
COL1A2,Both,2.6642353534698486
COL1A2,Both,2.0108628273010254
COL1A2,Both,2.3106119632720947
COL1A2,Both,2.2400176525115967
COL1A2,Both,0.0
COL1A2,Both,2.517784595489502
COL1A2,Both,2.203368902206421
COL1A2,Both,2.414401054382324
COL1A2,Both,1.7121987342834473
COL1A2,Both,2.36403751373291
COL1A2,Both,2.771641254425049
COL1A2,Both,2.6270248889923096
COL1A2,Both,1.8825591802597046
COL1A2,Both,1.4347643852233887
COL1A2,Both,2.006279468536377
COL1A2,Both,1.048375129699707
COL1A2,Both,1.9948941469192505
COL1A2,Both,2.71530818939209
COL1A2,Both,2.8950815200805664
COL1A2,Both,1.1249845027923584
COL1A2,Both,2.366187334060669
COL1A2,Both,2.5316691398620605
COL1A2,Both,1.7128410339355469
COL1A2,Both,1.6063915491104126
COL1A2,Both,0.976449728012085
COL1A2,Both,0.0
COL1A2,Both,3.1830313205718994
COL1A2,Both,1.9783564805984497
COL1A2,Both,2.773650646209717
COL1A2,Both,2.867710828781128
COL1A2,Both,3.313819408416748
COL1A2,Both,2.913980484008789
COL1A2,Both,2.8527817726135254
COL1A2,Both,3.4677934646606445
COL1A2,Both,2.404611587524414
COL1A2,Both,2.5937118530273438
COL1A2,Both,3.3346080780029297
COL1A2,Both,3.157680034637451
COL1A2,Both,2.7386720180511475
COL1A2,Both,2.691891670227051
COL1A2,Both,3.398699998855591
COL1A2,Both,3.0365991592407227
COL1A2,Both,3.3089520931243896
COL1A2,Both,3.0377228260040283
COL1A2,Both,3.006453514099121
COL1A2,Both,2.952552080154419
COL1A2,Both,3.1924028396606445
COL1A2,Both,2.919712543487549
COL1A2,Both,2.514758348464966
COL1A2,Both,0.0
COL1A2,Both,2.250192880630493
COL1A2,Both,2.64841628074646
COL1A2,Both,2.3301351070404053
COL1A2,Both,0.0
COL1A2,Both,2.457390308380127
COL1A2,Both,2.4189233779907227
COL1A2,Both,2.2231433391571045
COL1A2,Both,2.635676860809326
COL1A2,Both,2.3334529399871826
COL1A2,Both,2.2543797492980957
COL1A2,Both,2.1902618408203125
COL1A2,Both,2.3391857147216797
COL1A2,Both,2.545011043548584
COL1A2,Both,2.5775365829467773
COL1A2,Both,2.4048099517822266
COL1A2,Both,2.4419736862182617
COL1A2,Both,2.629228353500366
COL1A2,Both,2.078237771987915
COL1A2,Both,0.0
COL1A2,Both,2.953845262527466
COL1A2,Both,2.6121115684509277
COL1A2,Both,2.8193349838256836
COL1A2,Both,3.020535707473755
COL1A2,Both,2.9152579307556152
COL1A2,Both,2.758216619491577
COL1A2,Both,2.0643515586853027
COL1A2,Both,2.320692300796509
COL1A2,Both,0.0
COL1A2,Both,3.182985544204712
COL1A2,Both,2.1251380443573
COL1A2,Both,3.0420498847961426
COL1A2,Both,2.529555320739746
COL1A2,Both,2.598203182220459
COL1A2,Both,2.7111940383911133
COL1A2,Both,2.6652395725250244
COL1A2,Both,2.8307034969329834
COL1A2,Both,3.426831007003784
COL1A2,Both,1.9366455078125
COL1A2,Both,2.8439738750457764
COL1A2,Both,2.6517174243927
COL1A2,Both,3.134133815765381
COL1A2,Both,2.186131000518799
COL1A2,Both,2.609600782394409
COL1A2,Both,2.8330578804016113
COL1A2,Both,2.906095027923584
COL1A2,Both,2.8538973331451416
COL1A2,Both,3.1375365257263184
COL1A2,Both,2.1648244857788086
COL1A2,Both,2.916107654571533
COL1A2,Both,2.840193271636963
COL1A2,Both,1.7299487590789795
COL1A2,Both,2.2590582370758057
COL1A2,Both,2.8519608974456787
COL1A2,Both,2.4748101234436035
COL1A2,Both,2.778688430786133
COL1A2,Both,2.6934025287628174
COL1A2,Both,2.78499174118042
COL1A2,Both,2.397007942199707
COL1A2,Both,2.6638221740722656
COL1A2,Both,2.1211845874786377
COL1A2,Both,2.7423014640808105
COL1A2,Both,2.662848472595215
COL1A2,Both,2.4183764457702637
COL1A2,Both,3.2285022735595703
COL1A2,Both,3.023379325866699
COL1A2,Both,3.237454652786255
COL1A2,Both,2.8679187297821045
COL1A2,Both,2.023928642272949
COL1A2,Both,3.020390748977661
COL1A2,Both,3.023519992828369
COL1A2,Both,2.126429796218872
COL1A2,Both,3.0232372283935547
COL1A2,Both,3.0312156677246094
COL1A2,Both,2.5870683193206787
COL1A2,Both,2.7141318321228027
COL1A2,Both,1.3786319494247437
COL1A2,Both,2.9780406951904297
COL1A2,Both,2.932832717895508
COL1A2,Both,3.101116418838501
COL1A2,Both,3.063072681427002
COL1A2,Both,2.9888925552368164
COL1A2,Both,2.1658782958984375
COL1A2,Both,2.7735886573791504
COL1A2,Both,2.2694509029388428
COL1A2,Both,2.017089366912842
COL1A2,Both,2.7453179359436035
COL1A2,Both,1.8385710716247559
COL1A2,Both,2.3380191326141357
COL1A2,Both,2.6485178470611572
COL1A2,Both,2.6118946075439453
COL1A2,Both,2.632173538208008
COL1A2,Both,2.351928234100342
COL1A2,Both,2.2045257091522217
COL1A2,Both,2.422761917114258
COL1A2,Both,2.546757936477661
COL1A2,Both,3.4040586948394775
COL1A2,Both,2.7235310077667236
COL1A2,Both,3.1596245765686035
COL1A2,Both,2.7141716480255127
COL1A2,Both,2.434993028640747
COL1A2,Both,2.2795650959014893
COL1A2,Both,3.085763454437256
COL1A2,Both,2.9657270908355713
COL1A2,Both,2.3476035594940186
COL1A2,Both,2.778438091278076
COL1A2,Both,2.9630563259124756
COL1A2,Both,3.0063111782073975
COL1A2,Both,3.0596487522125244
COL1A2,Both,2.8125834465026855
COL1A2,Both,2.6760640144348145
COL1A2,Both,2.897515296936035
COL1A2,Both,2.5106616020202637
COL1A2,Both,2.948310136795044
COL1A2,Both,2.9107165336608887
COL1A2,Both,2.5935096740722656
COL1A2,Both,3.2069010734558105
COL1A2,Both,2.5691070556640625
COL1A2,Both,3.288996696472168
COL1A2,Both,2.736112594604492
COL1A2,Both,2.028803825378418
COL1A2,Both,2.988985538482666
COL1A2,Both,2.5165886878967285
COL1A2,Both,3.042316198348999
COL1A2,Both,2.4113142490386963
COL1A2,Both,2.6694629192352295
COL1A2,Both,2.8506762981414795
COL1A2,Both,2.89237904548645
COL1A2,Both,3.0355544090270996
COL1A2,Both,3.0919296741485596
COL1A2,Both,0.0
COL1A2,Both,2.944309711456299
COL1A2,Both,2.5055832862854004
COL1A2,Both,2.875387668609619
COL1A2,Both,3.063446044921875
COL1A2,Both,2.2658116817474365
COL1A2,Both,2.6973860263824463
COL1A2,Both,3.4833388328552246
COL1A2,Both,2.7560553550720215
COL1A2,Both,2.948702335357666
COL1A2,Both,3.594172954559326
COL1A2,Both,2.976921319961548
COL1A2,Both,3.235599994659424
COL1A2,Both,2.8204779624938965
COL1A2,Both,1.9501785039901733
COL1A2,Both,2.329678535461426
COL1A2,Both,2.9347047805786133
COL1A2,Both,3.4953536987304688
COL1A2,Both,0.0
COL1A2,Both,2.639310359954834
COL1A2,Both,2.5963783264160156
COL1A2,Both,2.18754506111145
COL1A2,Both,2.9559824466705322
COL1A2,Both,1.8637456893920898
COL1A2,Both,3.2786102294921875
COL1A2,Both,2.817126989364624
COL1A2,Both,3.152351140975952
COL1A2,Both,3.033142566680908
COL1A2,Both,3.0109500885009766
COL1A2,Both,2.4781625270843506
COL1A2,Both,2.378431558609009
COL1A2,Both,2.589278221130371
COL1A2,Both,2.3086273670196533
COL1A2,Both,3.235074996948242
COL1A2,Both,2.6366543769836426
COL1A2,Both,2.4900028705596924
COL1A2,Both,2.9239540100097656
COL1A2,Both,2.7046141624450684
COL1A2,Both,2.8171656131744385
COL1A2,Both,2.600529909133911
COL1A2,Both,2.9189987182617188
COL1A2,Both,3.131859064102173
COL1A2,Both,2.9882328510284424
COL1A2,Both,2.4361631870269775
COL1A2,Both,2.4726195335388184
COL1A2,Both,2.679396629333496
COL1A2,Both,1.6304353475570679
COL1A2,Both,2.8873956203460693
COL1A2,Both,3.051201581954956
COL1A2,Both,3.0258350372314453
COL1A2,Both,1.6686526536941528
COL1A2,Both,3.02256441116333
COL1A2,Both,2.9897682666778564
COL1A2,Both,2.7946982383728027
COL1A2,Both,2.6660521030426025
COL1A2,Both,0.0
COL1A2,Both,2.456780433654785
COL1A2,Both,2.75696063041687
COL1A2,Both,2.729170322418213
COL1A2,Both,1.707788109779358
COL1A2,Both,2.7844231128692627
COL1A2,Both,2.8561809062957764
COL1A2,Both,2.6049726009368896
COL1A2,Both,2.70306658744812
COL1A2,Both,2.1478869915008545
COL1A2,Both,3.1220815181732178
COL1A2,Both,3.2668871879577637
COL1A2,Both,3.119922637939453
COL1A2,Both,2.842496871948242
COL1A2,Both,0.7120034694671631
COL1A2,Both,1.955764651298523
COL1A2,Both,2.8014614582061768
COL1A2,Both,2.94404673576355
COL1A2,Both,3.1840662956237793
COL1A2,Both,2.7492308616638184
COL1A2,Both,3.056544780731201
COL1A2,Both,2.8698971271514893
COL1A2,Both,2.974858283996582
COL1A2,Both,2.248613119125366
COL1A2,Both,2.7699053287506104
COL1A2,Both,3.275273323059082
COL1A2,Both,2.988882064819336
COL1A2,Both,2.7738428115844727
COL1A2,Both,2.1989545822143555
COL1A2,Both,2.3147218227386475
COL1A2,Both,2.259981870651245
COL1A2,Both,2.7787373065948486
COL1A2,Both,2.8217251300811768
COL1A2,Both,2.3646318912506104
COL1A2,Both,3.02351713180542
COL1A2,Both,3.0561423301696777
COL1A2,Both,2.8760294914245605
COL1A2,Both,3.017301321029663
COL1A2,Both,2.8798232078552246
COL1A2,Both,2.8038806915283203
COL1A2,Both,2.7212955951690674
COL1A2,Both,3.591566801071167
COL1A2,Both,3.1913132667541504
COL1A2,Both,2.8587605953216553
COL1A2,Both,2.839616537094116
COL1A2,Both,2.023676633834839
COL1A2,Both,3.45613694190979
COL1A2,Both,2.5627176761627197
COL1A2,Both,2.7908387184143066
COL1A2,Both,2.4041385650634766
COL1A2,Both,2.422029495239258
COL1A2,Both,2.7106165885925293
COL1A2,Both,2.9114291667938232
COL1A2,Both,2.7700164318084717
COL1A2,Both,2.621729850769043
COL1A2,Both,2.2956676483154297
COL1A2,Both,2.981870651245117
COL1A2,Both,3.112074375152588
COL1A2,Both,2.5838980674743652
COL1A2,Both,2.6606643199920654
COL1A2,Both,2.575746536254883
COL1A2,Both,2.7406673431396484
COL1A2,Both,2.5283961296081543
COL1A2,Both,3.1338858604431152
COL1A2,Both,2.6341538429260254
COL1A2,Both,3.0222280025482178
COL1A2,Both,2.6956589221954346
COL1A2,Both,2.057875871658325
COL1A2,Both,3.0266809463500977
COL1A2,Both,2.4077162742614746
COL1A2,Both,2.9898836612701416
COL1A2,Both,2.45945143699646
COL1A2,Both,2.662839651107788
COL1A2,Both,2.168532371520996
COL1A2,Both,2.4489026069641113
COL1A2,Both,2.851257801055908
COL1A2,Both,3.3689913749694824
COL1A2,Both,2.7076096534729004
COL1A2,Both,2.2369415760040283
COL1A2,Both,2.4081313610076904
COL1A2,Both,2.7626068592071533
COL1A2,Both,2.937412977218628
COL1A2,Both,1.972577691078186
COL1A2,Both,2.0661303997039795
COL1A2,Both,2.914046049118042
COL1A2,Both,2.717890977859497
COL1A2,Both,2.9478375911712646
COL1A2,Both,2.7925100326538086
COL1A2,Both,2.4625556468963623
COL1A2,Both,3.015925645828247
COL1A2,Both,3.0364346504211426
COL1A2,Both,2.9195079803466797
COL1A2,Both,2.732682228088379
COL1A2,Both,2.500317335128784
COL1A2,Both,2.9198989868164062
COL1A2,Both,3.033109188079834
COL1A2,Both,2.878728151321411
COL1A2,Both,3.099541664123535
COL1A2,Both,2.6452293395996094
COL1A2,Both,2.794233560562134
COL1A2,Both,3.2043535709381104
COL1A2,Both,2.8692221641540527
COL1A2,Both,2.963514804840088
COL1A2,Both,2.1416163444519043
COL1A2,Both,2.584566354751587
COL1A2,Both,3.080416202545166
COL1A2,Both,3.384066343307495
COL1A2,Both,2.8961939811706543
COL1A2,Both,3.0745527744293213
COL1A2,Both,2.2298049926757812
COL1A2,Both,2.213144540786743
COL1A2,Both,2.4293324947357178
COL1A2,Both,2.871366024017334
COL1A2,Both,2.7040417194366455
COL1A2,Both,2.220712661743164
COL1A2,Both,3.1086487770080566
COL1A2,Both,3.8716726303100586
COL1A2,Both,2.8078503608703613
COL1A2,Both,2.9116461277008057
COL1A2,Both,2.5558512210845947
COL1A2,Both,2.4230599403381348
COL1A2,Both,2.7509937286376953
COL1A2,Both,3.0022480487823486
COL1A2,Both,2.8573436737060547
COL1A2,Both,2.8591153621673584
COL1A2,Both,2.6382668018341064
COL1A2,Both,2.6273622512817383
COL1A2,Both,3.0484790802001953
COL1A2,Both,2.175269365310669
COL1A2,Both,2.790151596069336
COL1A2,Both,2.370753526687622
COL1A2,Both,2.880148410797119
COL1A2,Both,2.9806158542633057
COL1A2,Both,2.901562213897705
COL1A2,Both,3.095496892929077
COL1A2,Both,1.4748125076293945
COL1A2,Both,2.5855774879455566
COL1A2,Both,3.5334455966949463
COL1A2,Both,2.640794515609741
COL1A2,Both,2.8554799556732178
COL1A2,Both,2.69526743888855
COL1A2,Both,1.9973642826080322
COL1A2,Both,2.8618276119232178
COL1A2,Both,3.0548899173736572
COL1A2,Both,1.9647483825683594
COL1A2,Both,2.7783777713775635
COL1A2,Both,3.3327770233154297
COL1A2,Both,2.993673086166382
COL1A2,Both,2.714949607849121
COL1A2,Both,2.951889753341675
COL1A2,Both,2.8884236812591553
COL1A2,Both,2.535731315612793
COL1A2,Both,2.9837474822998047
COL1A2,Both,2.6401190757751465
COL1A2,Both,3.0726141929626465
COL1A2,Both,2.7581899166107178
COL1A2,Both,2.333717107772827
COL1A2,Both,3.140237331390381
COL1A2,Both,1.9888439178466797
COL1A2,Both,3.0309128761291504
COL1A2,Both,2.2423276901245117
COL1A2,Both,2.183243751525879
COL1A2,Both,2.965242862701416
COL1A2,Both,3.0084991455078125
COL1A2,Both,2.5791873931884766
COL1A2,Both,2.4074649810791016
COL1A2,Both,2.368652820587158
COL1A2,Both,3.2107577323913574
COL1A2,Both,3.074688196182251
COL1A2,Both,1.6293165683746338
COL1A2,Both,3.30886173248291
COL1A2,Both,2.6414926052093506
COL1A2,Both,1.5619010925292969
COL1A2,Both,2.2847020626068115
COL1A2,Both,2.827362060546875
COL1A2,Both,2.624655246734619
COL1A2,Both,2.8148462772369385
COL1A2,Both,2.7122018337249756
COL1A2,Both,3.1744284629821777
COL1A2,Both,2.7572293281555176
COL1A2,Both,2.482211112976074
COL1A2,Both,2.846362829208374
COL1A2,Both,2.6756954193115234
COL1A2,Both,3.1326327323913574
COL1A2,Both,3.218214750289917
COL1A2,Both,3.1403517723083496
COL1A2,Both,2.7468578815460205
COL1A2,Both,2.9232518672943115
COL1A2,Both,3.083292007446289
COL1A2,Both,2.4324135780334473
COL1A2,Both,2.9789516925811768
COL1A2,Both,3.0455362796783447
COL1A2,Both,1.7989780902862549
COL1A2,Both,2.5493435859680176
COL1A2,Both,1.9633029699325562
COL1A2,Both,2.8778154850006104
COL1A2,Both,2.2178795337677
COL1A2,Both,3.3322713375091553
COL1A2,Both,2.8605995178222656
COL1A2,Both,3.416884660720825
COL1A2,Both,1.6560455560684204
COL1A2,Both,2.0267698764801025
COL1A2,Both,2.290050983428955
COL1A2,Both,0.0
COL1A2,Both,2.295311450958252
COL1A2,Both,2.7635436058044434
COL1A2,Both,2.8435845375061035
COL1A2,Both,2.916032314300537
COL1A2,Both,2.7837178707122803
COL1A2,Both,3.1272871494293213
COL1A2,Both,2.9927141666412354
COL1A2,Both,2.70613169670105
COL1A2,Both,3.0537874698638916
COL1A2,Both,1.1256928443908691
COL1A2,Both,2.84352445602417
COL1A2,Both,3.1806905269622803
COL1A2,Both,2.559298276901245
COL1A2,Both,2.732527732849121
COL1A2,Both,3.021738290786743
COL1A2,Both,2.4381020069122314
COL1A2,Both,2.9095399379730225
COL1A2,Both,2.855776786804199
COL1A2,Both,2.7648088932037354
COL1A2,Both,3.129739284515381
COL1A2,Both,3.219270706176758
COL1A2,Both,1.4652624130249023
COL1A2,Both,2.8062639236450195
COL1A2,Both,3.0967328548431396
COL1A2,Both,2.243415355682373
COL1A2,Both,2.8875985145568848
COL1A2,Both,2.7329049110412598
COL1A2,Both,3.165433168411255
COL1A2,Both,2.8654298782348633
COL1A2,Both,2.511061191558838
COL1A2,Both,2.6574289798736572
COL1A2,Both,1.9765510559082031
COL1A2,Both,2.757112979888916
COL1A2,Both,2.5611610412597656
COL1A2,Both,3.0236804485321045
COL1A2,Both,3.376901865005493
COL1A2,Both,3.2295637130737305
COL1A2,Both,3.020444393157959
COL1A2,Both,2.758829116821289
COL1A2,Both,2.801970958709717
COL1A2,Both,2.1977028846740723
COL1A2,Both,2.9009790420532227
COL1A2,Both,2.8607606887817383
COL1A2,Both,3.0080015659332275
COL1A2,Both,3.137928009033203
COL1A2,Both,3.1839561462402344
COL1A2,Both,2.8986918926239014
COL1A2,Both,3.3897104263305664
COL1A2,Both,3.2162413597106934
COL1A2,Both,2.962416887283325
COL1A2,Both,2.7818171977996826
COL1A2,Both,2.837385654449463
COL1A2,Both,3.1511459350585938
COL1A2,Both,2.6078503131866455
COL1A2,Both,2.765770196914673
COL1A2,Both,2.9336111545562744
COL1A2,Both,3.1477839946746826
COL1A2,Both,3.1080660820007324
COL1A2,Both,2.9996092319488525
COL1A2,Both,3.2849574089050293
COL1A2,Both,2.789107084274292
COL1A2,Both,0.9607992172241211
COL1A2,Both,2.8814897537231445
COL1A2,Both,2.4230568408966064
COL1A2,Both,2.949017286300659
COL1A2,Both,2.661947011947632
COL1A2,Both,2.9735918045043945
COL1A2,Both,2.0165867805480957
COL1A2,Both,2.821770429611206
COL1A2,Both,2.0125694274902344
COL1A2,Both,2.387155055999756
COL1A2,Both,2.0168046951293945
COL1A2,Both,3.0000903606414795
COL1A2,Both,1.934991717338562
COL1A2,Both,2.636031150817871
COL1A2,Both,3.1316864490509033
COL1A2,Both,3.202198028564453
COL1A2,Both,2.8150722980499268
COL1A2,Both,3.2014408111572266
COL1A2,Both,3.1669576168060303
COL1A2,Both,2.8853046894073486
COL1A2,Both,2.5268919467926025
COL1A2,Both,3.021070718765259
COL1A2,Both,2.8244340419769287
COL1A2,Both,2.9096391201019287
COL1A2,Both,2.758565664291382
COL1A2,Both,0.0
COL1A2,Both,3.071721076965332
COL1A2,Both,2.536330461502075
COL1A2,Both,3.0857653617858887
COL1A2,Both,2.309621572494507
COL1A2,Both,3.2574868202209473
COL1A2,Both,2.4609014987945557
COL1A2,Both,2.76712703704834
COL1A2,Both,3.116114616394043
COL1A2,Both,3.185542106628418
COL1A2,Both,2.843644142150879
COL1A2,Both,2.5508475303649902
COL1A2,Both,3.271665096282959
COL1A2,Both,2.88602614402771
COL1A2,Both,3.206540107727051
COL1A2,Both,2.5906522274017334
COL1A2,Both,3.019470453262329
COL1A2,Both,2.835113286972046
COL1A2,Both,3.0418198108673096
COL1A2,Both,2.1064226627349854
COL1A2,Both,3.106661319732666
COL1A2,Both,2.45554518699646
COL1A2,Both,2.9192705154418945
COL1A2,Both,1.8333576917648315
COL1A2,Both,3.0383670330047607
COL1A2,Both,2.656627893447876
COL1A2,Both,2.5174052715301514
COL1A2,Both,2.6731951236724854
COL1A2,Both,3.1726467609405518
COL1A2,Both,1.9130932092666626
COL1A2,Both,3.1362671852111816
COL1A2,Both,0.0
COL1A2,Both,3.007397413253784
COL1A2,Both,0.0
COL1A2,Both,1.975463628768921
COL1A2,Both,2.7493863105773926
COL1A2,Both,2.8192527294158936
COL1A2,Both,2.679631471633911
COL1A2,Both,3.0067741870880127
COL1A2,Both,2.510308027267456
COL1A2,Both,2.9598145484924316
COL1A2,Both,2.5647878646850586
COL1A2,Both,2.4701428413391113
COL1A2,Both,3.0872464179992676
COL1A2,Both,2.030008554458618
COL1A2,Both,3.207090377807617
COL1A2,Both,2.720116138458252
COL1A2,Both,3.108720541000366
COL1A2,Both,2.664971113204956
COL1A2,Both,3.0269808769226074
COL1A2,Both,2.846437692642212
COL1A2,Both,3.0300374031066895
COL1A2,Both,3.2478232383728027
COL1A2,Both,2.613196611404419
COL1A2,Both,3.0334184169769287
COL1A2,Both,2.6785202026367188
COL1A2,Both,2.5247538089752197
COL1A2,Both,2.979710102081299
COL1A2,Both,2.9766743183135986
COL1A2,Both,2.605241537094116
COL1A2,Both,2.7011749744415283
COL1A2,Both,2.5183629989624023
COL1A2,Both,2.254298210144043
COL1A2,Both,3.2221691608428955
COL1A2,Both,2.6935908794403076
COL1A2,Both,2.720831871032715
COL1A2,Both,1.9737770557403564
COL1A2,Both,3.085847854614258
COL1A2,Both,2.6137092113494873
COL1A2,Both,2.930539846420288
COL1A2,Both,2.7509005069732666
COL1A2,Both,2.2217516899108887
COL1A2,Both,2.942838191986084
COL1A2,Both,3.2508065700531006
COL1A2,Both,2.7793848514556885
COL1A2,Both,2.912099838256836
COL1A2,Both,2.946373701095581
COL1A2,Both,2.6291916370391846
COL1A2,Both,3.3059327602386475
COL1A2,Both,2.271824598312378
COL1A2,Both,2.886491298675537
COL1A2,Both,2.6960039138793945
COL1A2,Both,2.893590211868286
COL1A2,Both,2.6698169708251953
COL1A2,Both,1.9594850540161133
COL1A2,Both,2.794221878051758
COL1A2,Both,2.924858570098877
COL1A2,Both,3.0255825519561768
COL1A2,Both,3.215437889099121
COL1A2,Both,2.6871206760406494
COL1A2,Both,2.560199737548828
COL1A2,Both,2.755716562271118
COL1A2,Both,3.0356345176696777
COL1A2,Both,3.0788326263427734
COL1A2,Both,2.6084632873535156
COL1A2,Both,2.9092307090759277
COL1A2,Both,3.0495471954345703
COL1A2,Both,3.1626670360565186
COL1A2,Both,3.197218894958496
COL1A2,Both,2.786339282989502
COL1A2,Both,3.0904664993286133
COL1A2,Both,3.175250768661499
COL1A2,Both,2.449556350708008
COL1A2,Both,3.362825870513916
COL1A2,Both,2.9461476802825928
COL1A2,Both,2.809748888015747
COL1A2,Both,3.1107614040374756
COL1A2,Both,2.5466461181640625
COL1A2,Both,3.2371015548706055
COL1A2,Both,2.902615785598755
COL1A2,Both,3.0204720497131348
COL1A2,Both,3.053165912628174
COL1A2,Both,2.5135350227355957
COL1A2,Both,2.956083297729492
COL1A2,Both,3.3084166049957275
COL1A2,Both,2.9289004802703857
COL1A2,Both,2.8309059143066406
COL1A2,Both,1.5689976215362549
COL1A2,Both,2.996732711791992
COL1A2,Both,3.0601110458374023
COL1A2,Both,2.504805326461792
COL1A2,Both,3.186615467071533
COL1A2,Both,2.720201015472412
COL1A2,Both,2.0744078159332275
COL1A2,Both,2.8266406059265137
COL1A2,Both,2.3421947956085205
COL1A2,Both,3.102879047393799
COL1A2,Both,3.2620530128479004
COL1A2,Both,3.2309842109680176
COL1A2,Both,2.645714282989502
COL1A2,Both,2.989086627960205
COL1A2,Both,2.8923139572143555
COL1A2,Both,2.8579187393188477
COL1A2,Both,2.4971699714660645
COL1A2,Both,2.5274932384490967
COL1A2,Both,2.342031240463257
COL1A2,Both,2.5771727561950684
COL1A2,Both,3.1425974369049072
COL1A2,Both,3.130617141723633
COL1A2,Both,2.925070285797119
COL1A2,Both,3.094599485397339
COL1A2,Both,2.6212308406829834
COL1A2,Both,2.370245933532715
COL1A2,Both,2.8195362091064453
COL1A2,Both,2.582805633544922
COL1A2,Both,3.0247740745544434
COL1A2,Both,3.0466785430908203
COL1A2,Both,3.1360280513763428
COL1A2,Both,2.561485767364502
COL1A2,Both,3.0456480979919434
COL1A2,Both,2.8679616451263428
COL1A2,Both,2.969911575317383
COL1A2,Both,2.7079670429229736
COL1A2,Both,2.764834403991699
COL1A2,Both,3.044776439666748
COL1A2,Both,2.3290998935699463
COL1A2,Both,0.0
COL1A2,Both,2.381019353866577
COL1A2,Both,2.6987922191619873
COL1A2,Both,2.9268412590026855
COL1A2,Both,3.22711443901062
COL1A2,Both,2.3339924812316895
COL1A2,Both,1.302410364151001
COL1A2,Both,2.689441442489624
COL1A2,Both,2.8119513988494873
COL1A2,Both,1.5375802516937256
COL1A2,Both,2.710446834564209
COL1A2,Both,2.8422818183898926
COL1A2,Both,3.4231598377227783
COL1A2,Both,3.132169246673584
COL1A2,Both,2.944840908050537
COL1A2,Both,3.059929847717285
COL1A2,Both,3.070530652999878
COL1A2,Both,2.762842893600464
COL1A2,Both,1.3889869451522827
COL1A2,Both,2.129589319229126
COL1A2,Both,2.962294340133667
COL1A2,Both,2.8881874084472656
COL1A2,Both,2.965589761734009
COL1A2,Both,2.895636558532715
COL1A2,Both,2.640256404876709
COL1A2,Both,3.555283308029175
COL1A2,Both,2.611971378326416
COL1A2,Both,0.0
COL1A2,Both,1.4742848873138428
COL1A2,Both,2.836268901824951
COL1A2,Both,3.139011859893799
COL1A2,Both,3.0253682136535645
COL1A2,Both,2.3773837089538574
COL1A2,Both,3.3048219680786133
COL1A2,Both,2.9265925884246826
COL1A2,Both,2.260585308074951
COL1A2,Both,3.341726303100586
COL1A2,Both,2.749096155166626
COL1A2,Both,2.992716073989868
COL1A2,Both,2.507915496826172
COL1A2,Both,2.9454312324523926
COL1A2,Both,2.827592372894287
COL1A2,Both,2.7935373783111572
COL1A2,Both,2.50952410697937
COL1A2,Both,2.9759156703948975
COL1A2,Both,2.5058484077453613
COL1A2,Both,2.9245100021362305
COL1A2,Both,2.069216728210449
COL1A2,Both,2.5903122425079346
COL1A2,Both,3.1581368446350098
COL1A2,Both,2.883730888366699
COL1A2,Both,2.8756961822509766
COL1A2,Both,2.7174220085144043
COL1A2,Both,2.5968010425567627
COL1A2,Both,3.0722904205322266
COL1A2,Both,2.7762038707733154
COL1A2,Both,2.4802887439727783
COL1A2,Both,2.551234006881714
COL1A2,Both,2.883739709854126
COL1A2,Both,2.2651491165161133
COL1A2,Both,3.4294395446777344
COL1A2,Both,3.0346202850341797
COL1A2,Both,1.8047837018966675
COL1A2,Both,2.3269731998443604
COL1A2,Both,2.380129337310791
COL1A2,Both,2.9402012825012207
COL1A2,Both,3.092801809310913
COL1A2,Both,2.8322625160217285
COL1A2,Both,2.8018765449523926
COL1A2,Both,2.540950298309326
COL1A2,Both,2.9581897258758545
COL1A2,Both,2.8417305946350098
COL1A2,Both,3.2985732555389404
COL1A2,Both,3.2853543758392334
COL1A2,Both,3.1538443565368652
COL1A2,Both,2.82900071144104
COL1A2,Both,3.1812567710876465
COL1A2,Both,2.048945665359497
COL1A2,Both,1.3446314334869385
COL1A2,Both,3.2606637477874756
COL1A2,Both,2.910545825958252
COL1A2,Both,2.7352218627929688
COL1A2,Both,3.039064407348633
COL1A2,Both,2.5190718173980713
COL1A2,Both,1.539904236793518
COL1A2,Both,2.9882349967956543
COL1A2,Both,0.0
COL1A2,Both,2.9354593753814697
COL1A2,Both,2.4078636169433594
COL1A2,Both,2.3665177822113037
COL1A2,Both,2.4953460693359375
COL1A2,Both,2.544548988342285
COL1A2,Both,2.7976717948913574
COL1A2,Both,3.000520944595337
COL1A2,Both,3.076132297515869
COL1A2,Both,2.9724843502044678
COL1A2,Both,2.2943689823150635
COL1A2,Both,2.372568130493164
COL1A2,Both,2.2603182792663574
COL1A2,Both,2.8341546058654785
COL1A2,Both,3.0478711128234863
COL1A2,Both,2.898366928100586
COL1A2,Both,2.7571308612823486
COL1A2,Both,3.2417612075805664
COL1A2,Both,0.0
COL1A2,Both,2.9433271884918213
COL1A2,Both,2.790461540222168
COL1A2,Both,3.019932985305786
COL1A2,Both,2.733811378479004
COL1A2,Both,3.1854264736175537
COL1A2,Both,2.085744857788086
COL1A2,Both,2.3785581588745117
COL1A2,Both,3.0299205780029297
COL1A2,Both,2.90614914894104
COL1A2,Both,1.7031041383743286
COL1A2,Both,2.5779526233673096
COL1A2,Both,3.0520942211151123
COL1A2,Both,2.823089361190796
COL1A2,Both,2.2926740646362305
COL1A2,Both,2.3146655559539795
COL1A2,Both,1.6671046018600464
COL1A2,Both,2.6807620525360107
COL1A2,Both,2.927628755569458
COL1A2,Both,2.5789883136749268
COL1A2,Both,2.812880516052246
COL1A2,Both,3.0797107219696045
COL1A2,Both,2.921213150024414
COL1A2,Both,3.273115396499634
COL1A2,Both,2.1857290267944336
COL1A2,Both,3.4725630283355713
COL1A2,Both,3.1721701622009277
COL1A2,Both,3.09714937210083
COL1A2,Both,1.9006487131118774
COL1A2,Both,2.0056474208831787
COL1A2,Both,3.142585277557373
COL1A2,Both,2.4733803272247314
COL1A2,Both,2.912759304046631
COL1A2,Both,2.963852882385254
COL1A2,Both,3.3701975345611572
COL1A2,Both,3.10591459274292
COL1A2,Both,0.9640907049179077
COL1A2,Both,0.0
COL1A2,Both,3.029963254928589
COL1A2,Both,2.7151639461517334
COL1A2,Both,3.401933193206787
COL1A2,Both,2.0305967330932617
COL1A2,Both,3.0014054775238037
COL1A2,Both,3.1597213745117188
COL1A2,Both,3.1860737800598145
COL1A2,Both,2.717867851257324
COL1A2,Both,2.8649895191192627
COL1A2,Both,2.832415819168091
COL1A2,Both,2.5500645637512207
COL1A2,Both,3.0835378170013428
COL1A2,Both,3.180227279663086
COL1A2,Both,2.6773734092712402
COL1A2,Both,2.831470251083374
COL1A2,Both,2.3961775302886963
COL1A2,Both,2.7196667194366455
COL1A2,Both,2.567901372909546
COL1A2,Both,3.1586973667144775
COL1A2,Both,3.245563268661499
COL1A2,Both,2.8918025493621826
COL1A2,Both,3.0215988159179688
COL1A2,Both,2.8529810905456543
COL1A2,Both,2.8022913932800293
COL1A2,Both,3.013500690460205
COL1A2,Both,2.8358707427978516
COL1A2,Both,3.481820583343506
COL1A2,Both,2.5024728775024414
COL1A2,Both,2.0316407680511475
COL1A2,Both,2.9071037769317627
COL1A2,Both,3.0219149589538574
COL1A2,Both,3.0223469734191895
COL1A2,Both,2.938387155532837
COL1A2,Both,2.95831036567688
COL1A2,Both,2.3799197673797607
COL1A2,Both,2.2438807487487793
COL1A2,Both,3.018078327178955
COL1A2,Both,3.0247693061828613
COL1A2,Both,3.190701961517334
COL1A2,Both,2.529484987258911
COL1A2,Both,0.0
COL1A2,Both,2.9749550819396973
COL1A2,Both,2.7744498252868652
COL1A2,Both,3.084477424621582
COL1A2,Both,0.0
COL1A2,Both,3.054178476333618
COL1A2,Both,2.4324755668640137
COL1A2,Both,3.0989174842834473
COL1A2,Both,3.1092398166656494
COL1A2,Both,3.25791072845459
COL1A2,Both,2.7059316635131836
COL1A2,Both,2.5161590576171875
COL1A2,Both,2.582775592803955
COL1A2,Both,2.7123212814331055
COL1A2,Both,3.042128086090088
COL1A2,Both,3.380568027496338
COL1A2,Both,3.2295260429382324
COL1A2,Both,2.6873421669006348
COL1A2,Both,2.782862424850464
COL1A2,Both,2.484947443008423
COL1A2,Both,2.4401345252990723
COL1A2,Both,3.089399814605713
COL1A2,Both,2.6780292987823486
COL1A2,Both,2.229581356048584
COL1A2,Both,2.692004919052124
COL1A2,Both,3.2245819568634033
COL1A2,Both,2.923582077026367
COL1A2,Both,2.4155781269073486
COL1A2,Both,3.3103699684143066
COL1A2,Both,2.765241861343384
COL1A2,Both,3.0262880325317383
COL1A2,Both,2.6134250164031982
COL1A2,Both,3.0009496212005615
COL1A2,Both,3.007096767425537
COL1A2,Both,2.9507622718811035
COL1A2,Both,2.5545687675476074
COL1A2,Both,2.564002752304077
COL1A2,Both,2.1832802295684814
COL1A2,Both,2.472912311553955
COL1A2,Both,2.696678638458252
COL1A2,Both,3.223076820373535
COL1A2,Both,2.7430572509765625
COL1A2,Both,2.7675588130950928
COL1A2,Both,2.72672700881958
COL1A2,Both,2.0666654109954834
COL1A2,Both,2.2985713481903076
COL1A2,Both,3.2415430545806885
COL1A2,Both,2.7198874950408936
COL1A2,Both,2.9037344455718994
COL1A2,Both,3.0821480751037598
COL1A2,Both,2.2368435859680176
COL1A2,Both,2.5577142238616943
COL1A2,Both,2.6181252002716064
COL1A2,Both,3.186612129211426
COL1A2,Both,2.3104238510131836
COL1A2,Both,2.859550714492798
COL1A2,Both,2.764024257659912
COL1A2,Both,2.461369276046753
COL1A2,Both,3.0163772106170654
COL1A2,Both,2.4265830516815186
COL1A2,Both,2.4045016765594482
COL1A2,Both,2.732590436935425
COL1A2,Both,2.403285264968872
COL1A2,Both,2.79257869720459
COL1A2,Both,2.8621206283569336
COL1A2,Both,2.7822980880737305
COL1A2,Both,2.9069674015045166
COL1A2,Both,2.960493564605713
COL1A2,Both,3.293215274810791
COL1A2,Both,3.2526321411132812
COL1A2,Both,3.084441661834717
COL1A2,Both,2.988621711730957
COL1A2,Both,3.154334545135498
COL1A2,Both,3.373241662979126
COL1A2,Both,3.0806522369384766
COL1A2,Both,2.4757447242736816
COL1A2,Both,0.0
COL1A2,Both,3.2067322731018066
COL1A2,Both,2.5970826148986816
COL1A2,Both,2.7695322036743164
COL1A2,Both,3.045210599899292
COL1A2,Both,2.8305447101593018
COL1A2,Both,3.2951302528381348
COL1A2,Both,2.43232798576355
COL1A2,Both,2.4574592113494873
COL1A2,Both,3.1229088306427
COL1A2,Both,3.2386515140533447
COL1A2,Both,3.139148235321045
COL1A2,Both,2.0753097534179688
COL1A2,Both,2.9606711864471436
COL1A2,Both,3.2039523124694824
COL1A2,Both,2.829111337661743
COL1A2,Both,2.6134495735168457
COL1A2,Both,2.552427291870117
COL1A2,Both,3.0777297019958496
COL1A2,Both,2.3210744857788086
COL1A2,Both,3.0013833045959473
COL1A2,Both,2.7211408615112305
COL1A2,Both,2.5770668983459473
COL1A2,Both,1.9873087406158447
COL1A2,Both,2.888072967529297
COL1A2,Both,3.1870369911193848
COL1A2,Both,2.4599573612213135
COL1A2,Both,0.0
COL1A2,Both,3.0530736446380615
COL1A2,Both,3.001328945159912
COL1A2,Both,2.284268856048584
COL1A2,Both,2.4672675132751465
COL1A2,Both,2.9866421222686768
COL1A2,Both,3.23813533782959
COL1A2,Both,2.634324789047241
COL1A2,Both,2.8812777996063232
COL1A2,Both,2.9005661010742188
COL1A2,Both,3.0150206089019775
COL1A2,Both,1.7867838144302368
COL1A2,Both,2.9044852256774902
COL1A2,Both,2.4647088050842285
COL1A2,Both,2.9398436546325684
COL1A2,Both,2.909059762954712
COL1A2,Both,2.550591230392456
COL1A2,Both,2.264296293258667
COL1A2,Both,2.2322065830230713
COL1A2,Both,2.5716395378112793
COL1A2,Both,2.238438606262207
COL1A2,Both,2.635474681854248
COL1A2,Both,2.9380812644958496
COL1A2,Both,2.915426731109619
COL1A2,Both,2.7554824352264404
COL1A2,Both,3.0713584423065186
COL1A2,Both,1.633953332901001
COL1A2,Both,2.763413906097412
COL1A2,Both,3.052746057510376
COL1A2,Both,2.8527088165283203
COL1A2,Both,3.0443782806396484
COL1A2,Both,2.514540433883667
COL1A2,Both,2.0756945610046387
COL1A2,Both,2.7582480907440186
COL1A2,Both,3.198153018951416
COL1A2,Both,3.0555520057678223
COL1A2,Both,2.4170546531677246
COL1A2,Both,3.0097811222076416
COL1A2,Both,3.107379198074341
COL1A2,Both,2.3520774841308594
COL1A2,Both,2.1913180351257324
COL1A2,Both,3.2084836959838867
COL1A2,Both,2.9923696517944336
COL1A2,Both,2.7452316284179688
COL1A2,Both,3.0482289791107178
COL1A2,Both,2.8584136962890625
COL1A2,Both,2.461176633834839
COL1A2,Both,3.2020397186279297
COL1A2,Both,2.8333866596221924
COL1A2,Both,2.1914165019989014
COL1A2,Both,2.5680930614471436
COL1A2,Both,2.903449535369873
COL1A2,Both,2.2537009716033936
COL1A2,Both,1.7863054275512695
COL1A2,Both,3.1642258167266846
COL1A2,Both,1.9336519241333008
COL1A2,Both,2.4223859310150146
COL1A2,Both,2.2799994945526123
COL1A2,Both,3.0816078186035156
COL1A2,Both,2.9601871967315674
COL1A2,Both,2.0470168590545654
COL1A2,Both,1.8000417947769165
COL1A2,Both,3.095964193344116
COL1A2,Both,1.692260980606079
COL1A2,Both,2.3236422538757324
COL1A2,Both,2.265528440475464
COL1A2,Both,2.573307752609253
COL1A2,Both,2.607747793197632
COL1A2,Both,2.9607009887695312
COL1A2,Both,2.8283872604370117
COL1A2,Both,2.356227159500122
COL1A2,Both,1.6056830883026123
COL1A2,Both,3.007312774658203
COL1A2,Both,2.435044765472412
COL1A2,Both,2.1119353771209717
COL1A2,Both,2.8419017791748047
COL1A2,Both,2.3975510597229004
COL1A2,Both,2.993595600128174
COL1A2,Both,3.048520803451538
COL1A2,Both,2.2824668884277344
COL1A2,Both,2.0447888374328613
COL1A2,Both,2.5790271759033203
COL1A2,Both,3.040348529815674
COL1A2,Both,2.626265048980713
COL1A2,Both,2.5014431476593018
COL1A2,Both,2.8862974643707275
COL1A2,Both,2.169100284576416
COL1A2,Both,2.828052043914795
COL1A2,Both,1.579898476600647
COL1A2,Both,3.080411195755005
COL1A2,Both,2.302109479904175
COL1A2,Both,3.2224514484405518
COL1A2,Both,2.9361143112182617
COL1A2,Both,2.755903959274292
COL1A2,Both,2.2406792640686035
COL1A2,Both,2.6555850505828857
COL1A2,Both,2.2687594890594482
COL1A2,Both,2.9610185623168945
COL1A2,Both,3.275545597076416
COL1A2,Both,2.9682910442352295
COL1A2,Both,2.898575782775879
COL1A2,Both,2.393387794494629
COL1A2,Both,2.064089775085449
COL1A2,Both,2.5274693965911865
COL1A2,Both,2.496251344680786
COL1A2,Both,3.243443250656128
COL1A2,Both,3.075758457183838
COL1A2,Both,2.7495460510253906
COL1A2,Both,2.9750702381134033
COL1A2,Both,2.4842584133148193
COL1A2,Both,2.893827438354492
COL1A2,Both,2.966505765914917
COL1A2,Both,2.9940075874328613
COL1A2,Both,3.258434534072876
COL1A2,Both,2.894974946975708
COL1A2,Both,2.7339208126068115
COL1A2,Both,3.1630759239196777
COL1A2,Both,3.2979025840759277
COL1A2,Both,3.270484447479248
COL1A2,Both,2.941948890686035
COL1A2,Both,3.462692975997925
COL1A2,Both,2.855304002761841
COL1A2,Both,2.802818536758423
COL1A2,Both,2.2113327980041504
COL1A2,Both,2.8201839923858643
COL1A2,Both,0.0
COL1A2,Both,2.664909601211548
COL1A2,Both,2.858584403991699
COL1A2,Both,2.981762409210205
COL1A2,Both,2.962920904159546
COL1A2,Both,2.71321964263916
COL1A2,Both,3.1128878593444824
COL1A2,Both,2.3038110733032227
COL1A2,Both,2.8780720233917236
COL1A2,Both,3.229295015335083
COL1A2,Both,2.1980371475219727
COL1A2,Both,2.2620131969451904
COL1A2,Both,2.771629810333252
COL1A2,Both,2.229374885559082
COL1A2,Both,2.2522759437561035
COL1A2,Both,2.7955808639526367
COL1A2,Both,2.567427635192871
COL1A2,Both,2.6141507625579834
COL1A2,Both,3.0774216651916504
COL1A2,Both,2.396148443222046
COL1A2,Both,3.0772666931152344
COL1A2,Both,3.1418070793151855
COL1A2,Both,2.0807225704193115
COL1A2,Both,2.896756649017334
COL1A2,Both,3.0121846199035645
COL1A2,Both,2.2381398677825928
COL1A2,Both,3.1686670780181885
COL1A2,Both,2.70125412940979
COL1A2,Both,2.5467419624328613
COL1A2,Both,2.4421255588531494
COL1A2,Both,2.8802242279052734
COL1A2,Both,1.7360275983810425
COL1A2,Both,1.9110087156295776
COL1A2,Both,2.8191466331481934
COL1A2,Both,3.43400502204895
COL1A2,Both,3.011505603790283
COL1A2,Both,2.392531394958496
COL1A2,Both,2.792388916015625
COL1A2,Both,2.881192922592163
COL1A2,Both,2.920252799987793
COL1A2,Both,1.6092894077301025
COL1A2,Both,2.4347782135009766
COL1A2,Both,1.608150601387024
COL1A2,Both,3.0520670413970947
COL1A2,Both,2.7851715087890625
COL1A2,Both,3.123082160949707
COL1A2,Both,1.0742229223251343
COL1A2,Both,2.51090669631958
COL1A2,Both,3.00105357170105
COL1A2,Both,2.591165781021118
COL1A2,Both,2.849546432495117
COL1A2,Both,2.8064053058624268
COL1A2,Both,2.484100818634033
COL1A2,Both,2.8107752799987793
COL1A2,Both,1.925076961517334
COL1A2,Both,2.876260757446289
COL1A2,Both,2.875861644744873
COL1A2,Both,2.752581834793091
COL1A2,Both,2.7665789127349854
COL1A2,Both,3.141130208969116
COL1A2,Both,2.8345861434936523
COL1A2,Both,2.6209561824798584
COL1A2,Both,2.959690809249878
COL1A2,Both,2.376058578491211
COL1A2,Both,3.2212371826171875
COL1A2,Both,2.7601449489593506
COL1A2,Both,2.957033157348633
COL1A2,Both,2.484586477279663
COL1A2,Both,2.479161024093628
COL1A2,Both,2.804845094680786
COL1A2,Both,3.1516971588134766
COL1A2,Both,2.6385483741760254
COL1A2,Both,0.0
COL1A2,Both,2.5139224529266357
COL1A2,Both,2.1966164112091064
COL1A2,Both,2.977480173110962
COL1A2,Both,1.311213731765747
COL1A2,Both,2.7027440071105957
COL1A2,Both,2.2031257152557373
COL1A2,Both,2.893789768218994
COL1A2,Both,2.488147258758545
COL1A2,Both,2.925159215927124
COL1A2,Both,2.850029706954956
COL1A2,Both,3.566762685775757
COL1A2,Both,3.052542209625244
COL1A2,Both,3.347336530685425
COL1A2,Both,2.4984898567199707
COL1A2,Both,2.837193489074707
COL1A2,Both,3.0014071464538574
COL1A2,Both,0.0
COL1A2,Both,2.9491140842437744
COL1A2,Both,2.6368024349212646
COL1A2,Both,3.1743099689483643
COL1A2,Both,3.057971477508545
COL1A2,Both,3.090534210205078
COL1A2,Both,2.666630983352661
COL1A2,Both,3.0299837589263916
COL1A2,Both,2.790557622909546
COL1A2,Both,2.9544336795806885
COL1A2,Both,2.3126821517944336
COL1A2,Both,3.0534579753875732
COL1A2,Both,2.88590669631958
COL1A2,Both,3.4320309162139893
COL1A2,Both,2.7461183071136475
COL1A2,Both,2.376056432723999
COL1A2,Both,1.4803223609924316
COL1A2,Both,2.513814687728882
COL1A2,Both,2.683065414428711
COL1A2,Both,2.8933708667755127
COL1A2,Both,2.767716646194458
COL1A2,Both,2.0999298095703125
COL1A2,Both,2.5730671882629395
COL1A2,Both,2.303201198577881
COL1A2,Both,3.1546690464019775
COL1A2,Both,2.9439949989318848
COL1A2,Both,2.7648746967315674
COL1A2,Both,2.857107639312744
COL1A2,Both,3.0074331760406494
COL1A2,Both,2.3651270866394043
COL1A2,Both,2.867119312286377
COL1A2,Both,2.2007017135620117
COL1A2,Both,3.0611419677734375
COL1A2,Both,2.839791774749756
COL1A2,Both,3.0344276428222656
COL1A2,Both,2.699173927307129
COL1A2,Both,2.780449628829956
COL1A2,Both,2.9312963485717773
COL1A2,Both,3.254932403564453
COL1A2,Both,2.565986156463623
COL1A2,Both,2.618361711502075
COL1A2,Both,3.333157539367676
COL1A2,Both,2.0679969787597656
COL1A2,Both,3.1318411827087402
COL1A2,Both,3.0108819007873535
COL1A2,Both,2.578007459640503
COL1A2,Both,2.9335341453552246
COL1A2,Both,2.684276580810547
COL1A2,Both,2.786058187484741
COL1A2,Both,2.9085538387298584
COL1A2,Both,3.342299461364746
COL1A2,Both,3.1747052669525146
COL1A2,Both,3.0963735580444336
COL1A2,Both,3.0242562294006348
COL1A2,Both,2.4188015460968018
COL1A2,Both,2.2886297702789307
COL1A2,Both,3.0162668228149414
COL1A2,Both,0.0
COL1A2,Both,3.201002359390259
COL1A2,Both,2.939204692840576
COL1A2,Both,3.2401812076568604
COL1A2,Both,2.7224063873291016
COL1A2,Both,1.7484853267669678
COL1A2,Both,2.8665077686309814
COL1A2,Both,1.7862952947616577
COL1A2,Both,3.252997875213623
COL1A2,Both,2.708922863006592
COL1A2,Both,3.008639097213745
COL1A2,Both,2.7157535552978516
COL1A2,Both,3.3192451000213623
COL1A2,Both,3.0586276054382324
COL1A2,Both,2.865952730178833
COL1A2,Both,2.9162042140960693
COL1A2,Both,1.5925781726837158
COL1A2,Both,2.723677635192871
COL1A2,Both,1.9500089883804321
COL1A2,Both,1.7621839046478271
COL1A2,Both,2.2470035552978516
COL1A2,Both,2.914991617202759
COL1A2,Both,2.6805500984191895
COL1A2,Both,3.075815200805664
COL1A2,Both,2.9555504322052
COL1A2,Both,2.4700047969818115
COL1A2,Both,2.9478540420532227
COL1A2,Both,2.6401751041412354
COL1A2,Both,3.214547634124756
COL1A2,Both,2.779928207397461
COL1A2,Both,2.5542640686035156
COL1A2,Both,2.7970569133758545
COL1A2,Both,0.0
COL1A2,Both,2.8987677097320557
COL1A2,Both,1.9015542268753052
COL1A2,Both,2.740128755569458
COL1A2,Both,2.637946367263794
COL1A2,Both,3.0638985633850098
COL1A2,Both,2.736842632293701
COL1A2,Both,2.4325063228607178
COL1A2,Both,3.1113202571868896
COL1A2,Both,3.069105625152588
COL1A2,Both,1.7493551969528198
COL1A2,Both,3.5745742321014404
COL1A2,Both,3.225595235824585
COL1A2,Both,2.0136966705322266
COL1A2,Both,1.9525524377822876
COL1A2,Both,2.230374813079834
COL1A2,Both,2.917139768600464
COL1A2,Both,3.222106456756592
COL1A2,Both,3.0990185737609863
COL1A2,Both,3.1096384525299072
COL1A2,Both,2.248305559158325
COL1A2,Both,3.17730712890625
COL1A2,Both,0.0
COL1A2,Both,2.936262607574463
COL1A2,Both,2.785489797592163
COL1A2,Both,2.89743709564209
COL1A2,Both,3.2382590770721436
COL1A2,Both,3.259648561477661
COL1A2,Both,3.1049089431762695
COL1A2,Both,2.676438093185425
COL1A2,Both,2.109255313873291
COL1A2,Both,2.6963987350463867
COL1A2,Both,2.608541965484619
COL1A2,Both,2.5305111408233643
COL1A2,Both,2.603134870529175
COL1A2,Both,2.3683857917785645
COL1A2,Both,2.7814033031463623
COL1A2,Both,2.1885054111480713
COL1A2,Both,3.1392736434936523
COL1A2,Both,1.8155734539031982
COL1A2,Both,2.973331928253174
COL1A2,Both,2.621964931488037
COL1A2,Both,2.994471311569214
COL1A2,Both,2.914273738861084
COL1A2,Both,2.6795144081115723
COL1A2,Both,2.9081039428710938
COL1A2,Both,2.878929853439331
COL1A2,Both,3.2968835830688477
COL1A2,Both,2.8525967597961426
COL1A2,Both,3.129418134689331
COL1A2,Both,0.9882450103759766
COL1A2,Both,2.1786491870880127
COL1A2,Both,2.5792152881622314
COL1A2,Both,2.5806949138641357
COL1A2,Both,2.727595329284668
COL1A2,Both,2.9820947647094727
COL1A2,Both,3.1787688732147217
COL1A2,Both,2.834855794906616
COL1A2,Both,2.6663451194763184
COL1A2,Both,2.821580171585083
COL1A2,Both,2.3782732486724854
COL1A2,Both,2.384127140045166
COL1A2,Both,2.6896495819091797
COL1A2,Both,2.2086341381073
COL1A2,Both,3.2123427391052246
COL1A2,Both,2.7042434215545654
COL1A2,Both,2.4992501735687256
COL1A2,Both,0.0
COL1A2,Both,2.9343526363372803
COL1A2,Both,2.628589391708374
COL1A2,Both,3.1166574954986572
COL1A2,Both,2.653639793395996
COL1A2,Both,2.4831037521362305
COL1A2,Both,1.9000484943389893
COL1A2,Both,3.132906436920166
COL1A2,Both,2.8070387840270996
COL1A2,Both,2.687166213989258
COL1A2,Both,2.661447763442993
COL1A2,Both,2.6345744132995605
COL1A2,Both,2.8315038681030273
COL1A2,Both,2.6303319931030273
COL1A2,Both,2.895278215408325
COL1A2,Both,3.2296457290649414
COL1A2,Both,3.108119010925293
COL1A2,Both,2.998727798461914
COL1A2,Both,2.6252284049987793
COL1A2,Both,2.9994540214538574
COL1A2,Both,2.475048303604126
COL1A2,Both,2.385565996170044
COL1A2,Both,2.19095516204834
COL1A2,Both,2.303793430328369
COL1A2,Both,2.777151107788086
COL1A2,Both,3.1405835151672363
COL1A2,Both,2.869727849960327
COL1A2,Both,3.046118974685669
COL1A2,Both,2.9784650802612305
COL1A2,Both,2.2154409885406494
COL1A2,Both,2.7296528816223145
COL1A2,Both,2.8773694038391113
COL1A2,Both,2.7661402225494385
COL1A2,Both,3.0733413696289062
COL1A2,Both,2.6201794147491455
COL1A2,Both,2.3845322132110596
COL1A2,Both,2.693199634552002
COL1A2,Both,3.0380442142486572
COL1A2,Both,2.7477567195892334
COL1A2,Both,2.544565200805664
COL1A2,Both,2.5074987411499023
COL1A2,Both,2.5980024337768555
COL1A2,Both,2.8640685081481934
COL1A2,Both,3.228773355484009
COL1A2,Both,2.9053103923797607
COL1A2,Both,2.763727903366089
COL1A2,Both,1.9521708488464355
COL1A2,Both,3.034942388534546
COL1A2,Both,2.3901710510253906
COL1A2,Both,3.239370822906494
COL1A2,Both,2.530102491378784
COL1A2,Both,3.033062696456909
COL1A2,Both,2.847266435623169
COL1A2,Both,3.1276702880859375
COL1A2,Both,2.7296106815338135
COL1A2,Both,3.2005693912506104
COL1A2,Both,2.8453617095947266
COL1A2,Both,2.883021831512451
COL1A2,Both,2.058187961578369
COL1A2,Both,2.7050423622131348
COL1A2,Both,2.5958542823791504
COL1A2,Both,2.731398105621338
COL1A2,Both,2.9575624465942383
COL1A2,Both,3.201263666152954
COL1A2,Both,2.888317346572876
COL1A2,Both,3.15804386138916
COL1A2,Both,2.547292709350586
COL1A2,Both,2.691004753112793
COL1A2,Both,2.478255033493042
COL1A2,Both,1.529584288597107
COL1A2,Both,2.770537853240967
COL1A2,Both,2.411052942276001
COL1A2,Both,2.2956268787384033
COL1A2,Both,2.988337516784668
COL1A2,Both,3.3529677391052246
COL1A2,Both,2.873223066329956
COL1A2,Both,2.9201200008392334
COL1A2,Both,2.9220316410064697
COL1A2,Both,3.1234540939331055
COL1A2,Both,2.826341152191162
COL1A2,Both,3.2295520305633545
COL1A2,Both,2.6640944480895996
COL1A2,Both,2.8003172874450684
COL1A2,Both,2.9631290435791016
COL1A2,Both,2.938093900680542
COL1A2,Both,1.8422126770019531
COL1A2,Both,2.9998269081115723
COL1A2,Both,2.051924467086792
COL1A2,Both,2.1526432037353516
COL1A2,Both,1.8181812763214111
COL1A2,Both,2.888570785522461
COL1A2,Both,3.0527305603027344
COL1A2,Both,2.784412145614624
COL1A2,Both,2.3852663040161133
COL1A2,Both,1.876648187637329
COL1A2,Both,2.030668258666992
COL1A2,Both,3.2883265018463135
COL1A2,Both,2.984498977661133
COL1A2,Both,3.100551128387451
COL1A2,Both,2.2096409797668457
COL1A2,Both,2.6878037452697754
COL1A2,Both,2.890382766723633
COL1A2,Both,2.2757418155670166
COL1A2,Both,2.094078540802002
COL1A2,Both,2.1054394245147705
COL1A2,Both,1.4346857070922852
COL1A2,Both,2.965156078338623
COL1A2,Both,0.0
COL1A2,Both,2.892378091812134
COL1A2,Both,2.71372652053833
COL1A2,Both,2.435795545578003
COL1A2,Both,3.02628755569458
COL1A2,Both,2.4987101554870605
COL1A2,Both,1.875568151473999
COL1A2,Both,2.957798957824707
COL1A2,Both,2.108119249343872
COL1A2,Both,2.992720127105713
COL1A2,Both,0.0
COL1A2,Both,3.108713388442993
COL1A2,Both,2.8474009037017822
COL1A2,Both,2.6006689071655273
COL1A2,Both,0.0
COL1A2,Both,2.755554437637329
COL1A2,Both,2.2913432121276855
COL1A2,Both,0.0
COL1A2,Both,3.021688461303711
COL1A2,Both,2.475027322769165
COL1A2,Both,2.3152096271514893
COL1A2,Both,2.8753933906555176
COL1A2,Both,2.5323493480682373
COL1A2,Both,2.895869493484497
COL1A2,Both,3.132474422454834
COL1A2,Both,3.1495039463043213
COL1A2,Both,3.4090700149536133
COL1A2,Both,3.0851378440856934
COL1A2,Both,3.250321865081787
COL1A2,Both,3.209148645401001
COL1A2,Both,3.248985767364502
COL1A2,Both,3.080333709716797
COL1A2,Both,3.2882139682769775
COL1A2,Both,3.319204330444336
COL1A2,Both,3.148747444152832
COL1A2,Both,3.009293556213379
COL1A2,Both,3.014407157897949
COL1A2,Both,3.207730531692505
COL1A2,Both,2.981295585632324
COL1A2,Both,2.9081461429595947
COL1A2,Both,2.9499940872192383
COL1A2,Both,3.2890877723693848
COL1A2,Both,3.2065980434417725
COL1A2,Both,3.2005505561828613
COL1A2,Both,3.1411728858947754
COL1A2,Both,3.0314388275146484
COL1A2,Both,3.1718146800994873
COL1A2,Both,0.0
COL1A2,Both,2.995872974395752
COL1A2,Both,3.066663980484009
COL1A2,Both,3.383718967437744
COL1A2,Both,3.1214852333068848
COL1A2,Both,3.189293622970581
COL1A2,Both,2.2514100074768066
COL1A2,Both,2.5209550857543945
COL1A2,Both,0.0
COL1A2,Both,2.8494772911071777
COL1A2,Both,0.0
COL1A2,Both,0.0
COL1A2,Both,2.3834171295166016
COL1A2,Both,0.0
COL1A2,Both,2.454019784927368
COL1A2,Both,0.0
COL1A2,Both,2.815702438354492
COL1A2,Both,2.7081520557403564
COL1A2,Both,3.3919291496276855
COL1A2,Both,3.220186710357666
COL1A2,Both,2.878246545791626
COL1A2,Both,2.1375725269317627
COL1A2,Both,0.0
COL1A2,Both,2.2105965614318848
COL1A2,Both,2.830767869949341
COL1A2,Both,2.5506174564361572
COL1A2,Both,2.6077122688293457
COL1A2,Both,2.73844051361084
COL1A2,Both,1.8423550128936768
COL1A2,Both,2.5688698291778564
COL1A2,Both,2.4701473712921143
COL1A2,Both,0.0
COL1A2,Both,2.303222417831421
COL1A2,Both,3.03708815574646
COL1A2,Both,2.4960341453552246
COL1A2,Both,3.065810441970825
COL1A2,Both,3.241574287414551
COL1A2,Both,2.670043468475342
COL1A2,Both,2.6897075176239014
COL1A2,Both,2.940626621246338
COL1A2,Both,2.6426572799682617
COL1A2,Both,2.4192748069763184
COL1A2,Both,2.8882436752319336
COL1A2,Both,2.6910526752471924
COL1A2,Both,3.1004490852355957
COL1A2,Both,2.5661706924438477
COL1A2,Both,3.739719867706299
COL1A2,Both,2.7950050830841064
COL1A2,Both,3.2213709354400635
COL1A2,Both,2.9723591804504395
COL1A2,Both,3.102802276611328
COL1A2,Both,2.9949705600738525
COL1A2,Both,2.5808448791503906
COL1A2,Both,3.219245195388794
COL1A2,Both,2.956010341644287
COL1A2,Both,3.0358524322509766
COL1A2,Both,2.9902095794677734
COL1A2,Both,3.055346965789795
COL1A2,Both,2.969461679458618
COL1A2,Both,2.3835694789886475
COL1A2,Both,3.1223556995391846
COL1A2,Both,2.926318407058716
COL1A2,Both,3.0345935821533203
COL1A2,Both,2.854518175125122
COL1A2,Both,2.7474522590637207
COL1A2,Both,2.9189631938934326
COL1A2,Both,3.0013279914855957
COL1A2,Both,3.306861400604248
COL1A2,Both,2.5322318077087402
COL1A2,Both,2.977370500564575
COL1A2,Both,3.3288662433624268
COL1A2,Both,0.0
COL1A2,Both,0.7122743129730225
COL1A2,Both,2.232686996459961
COL1A2,Both,0.0
COL1A2,Both,2.3164544105529785
COL1A2,Both,2.5623650550842285
COL1A2,Both,3.244610548019409
COL1A2,Both,0.6289404630661011
COL1A2,Both,2.02280330657959
COL1A2,Both,0.0
COL1A2,Both,2.3794260025024414
COL1A2,Both,1.7965114116668701
COL1A2,Both,2.8166754245758057
COL1A2,Both,1.3659499883651733
COL1A2,Both,2.6697144508361816
COL1A2,Both,0.0
COL1A2,Both,3.0050342082977295
COL1A2,Both,0.0
COL1A2,Both,1.6473699808120728
COL1A2,Both,2.694038152694702
COL1A2,Both,1.965457558631897
COL1A2,Both,3.1108291149139404
COL1A2,Both,3.309868812561035
COL1A2,Both,2.19819974899292
COL1A2,Both,0.0
COL1A2,Both,0.0
COL1A2,Both,2.921217441558838
COL1A2,Both,2.4423677921295166
COL1A2,Both,0.0
COL1A2,Both,0.0
COL1A2,Both,2.1401731967926025
COL1A2,Both,1.9708629846572876
COL1A2,Both,0.7135148048400879
COL1A2,Both,2.7174580097198486
COL1A2,Both,2.464836597442627
COL1A2,Both,1.3191627264022827
COL1A2,Both,1.50212562084198
COL1A2,Both,2.3565642833709717
COL1A2,Both,2.4369757175445557
COL1A2,Both,2.604374647140503
COL1A2,Both,1.717203974723816
COL1A2,Both,2.9009928703308105
COL1A2,Both,3.7460968494415283
COL1A2,Both,0.0
COL1A2,Both,0.0
COL1A2,Both,2.5825934410095215
COL1A2,Both,2.574089527130127
COL1A2,Both,0.0
COL1A2,Both,3.2457938194274902
COL1A2,Both,2.695667266845703
COL1A2,Both,0.0
COL1A2,Both,3.0266170501708984
COL1A2,Both,2.523550510406494
COL1A2,Both,2.7416799068450928
COL1A2,Both,3.0184342861175537
COL1A2,Both,2.233699083328247
COL1A2,Both,1.953169584274292
COL1A2,Both,3.3365094661712646
COL1A2,Both,0.0
COL1A2,Both,2.917444944381714
COL1A2,Both,1.5901553630828857
COL1A2,Both,1.8137640953063965
COL1A2,Both,3.2831029891967773
COL1A2,Both,1.114546298980713
COL1A2,Both,0.0
COL1A2,Both,2.247100353240967
COL1A2,Both,3.4003987312316895
COL1A2,Both,0.0
COL1A2,Both,0.0
COL1A2,Both,2.9053051471710205
COL1A2,Both,0.0
COL1A2,Both,2.4793925285339355
COL1A2,Both,1.9010030031204224
COL1A2,Both,0.0
COL1A2,Both,1.9374463558197021
COL1A2,Both,1.6464149951934814
COL1A2,Both,0.0
COL1A2,Both,0.0
COL1A2,Both,1.6653790473937988
COL1A2,Both,2.902496337890625
COL1A2,Both,0.0
COL1A2,Both,2.1934919357299805
COL1A2,Both,2.111778974533081
COL1A2,Both,2.712695837020874
COL1A2,Both,0.0
COL1A2,Both,2.1005733013153076
COL1A2,Both,0.7858542799949646
COL1A2,Both,1.7200738191604614
COL1A2,Both,0.0
COL1A2,Both,2.496751308441162
COL1A2,Both,0.9505586624145508
COL1A2,Both,1.6730951070785522
COL1A2,Both,2.7387278079986572
COL1A2,Both,2.859259843826294
COL1A2,Both,0.0
COL1A2,Both,2.2434628009796143
COL1A2,Both,3.3969945907592773
COL1A2,Both,0.0
COL1A2,Both,2.6934468746185303
COL1A2,Both,0.0
COL1A2,Both,3.1295740604400635
COL1A2,Both,0.0
COL1A2,Both,2.5149803161621094
COL1A2,Both,2.598536252975464
COL1A2,Both,0.0
COL1A2,Both,2.4924724102020264
COL1A2,Both,2.6234827041625977
COL1A2,Both,2.1046395301818848
COL1A2,Both,2.552983283996582
COL1A2,Both,1.5314195156097412
COL1A2,Both,2.442690849304199
COL1A2,Both,2.5358283519744873
COL1A2,Both,2.5088062286376953
COL1A2,Both,2.5783748626708984
COL1A2,Both,2.580703020095825
COL1A2,Both,0.0
COL1A2,Both,2.9366557598114014
COL1A2,Both,2.844325304031372
COL1A2,Both,2.8418076038360596
COL1A2,Both,0.0
COL1A2,Both,0.0
COL1A2,Both,2.105736494064331
COL1A2,Both,0.0
COL1A2,Both,0.0
COL1A2,Both,0.0
COL1A2,Both,0.0
COL1A2,Both,0.0
COL1A2,Both,3.330564022064209
COL1A2,Both,2.967792510986328
COL1A2,Both,2.0187430381774902
COL1A2,Both,0.0
COL1A2,Both,0.0
COL1A2,Both,2.6582868099212646
COL1A2,Both,0.0
COL1A2,Both,2.3698129653930664
COL1A2,Both,0.0
COL1A2,Both,0.0
COL1A2,Both,3.0671770572662354
COL1A2,Both,2.5316929817199707
COL1A2,Both,2.7653391361236572
COL1A2,Both,2.820026159286499
COL1A2,Both,1.965226411819458
COL1A2,Both,1.4751237630844116
COL1A2,Both,2.3926544189453125
COL1A2,Both,0.0
COL1A2,Both,2.95757794380188
COL1A2,Both,0.0
COL1A2,Both,0.0
COL1A2,Both,0.0
COL1A2,Both,0.0
COL1A2,Both,0.0
COL1A2,Both,0.0
COL1A2,Both,0.0
COL1A2,Both,1.9797253608703613
COL1A2,Both,0.0
COL1A2,Both,0.0
COL1A2,Both,0.0
COL1A2,Both,0.0
COL1A2,Both,1.1403065919876099
COL1A2,Both,1.1426701545715332
COL1A2,Both,1.0796618461608887
COL1A2,Both,0.0
COL1A2,Both,1.863348364830017
COL1A2,Both,0.0
COL1A2,Both,2.7690627574920654
COL1A2,Both,0.0
COL1A2,Both,0.0
COL1A2,Both,3.4544763565063477
COL1A2,Both,0.0
COL1A2,Both,0.0
COL1A2,Both,2.7049827575683594
COL1A2,Both,0.0
COL1A2,Both,2.2735140323638916
COL1A2,Both,2.228431224822998
COL1A2,Both,0.8966954350471497
COL1A2,Both,3.1274163722991943
COL1A2,Both,3.2606310844421387
COL1A2,Both,3.4132254123687744
COL1A2,Both,3.314734697341919
COL1A2,Both,2.752480983734131
COL1A2,Both,3.2136621475219727
COL1A2,Both,2.8692879676818848
COL1A2,Both,3.36190128326416
COL1A2,Both,2.9443700313568115
COL1A2,Both,3.0240962505340576
COL1A2,Both,3.094343900680542
COL1A2,Both,3.3132681846618652
COL1A2,Both,3.175124168395996
COL1A2,Both,2.918281078338623
COL1A2,Both,3.3636274337768555
COL1A2,Both,1.888741374015808
COL1A2,Both,3.5354671478271484
COL1A2,Both,2.856302261352539
COL1A2,Both,3.4237165451049805
COL1A2,Both,3.3876290321350098
COL1A2,Both,3.439992666244507
COL1A2,Both,3.421337366104126
COL1A2,Both,3.436955213546753
COL1A2,Both,2.9613375663757324
COL1A2,Both,3.373481273651123
COL1A2,Both,3.257878541946411
COL1A2,Both,2.9351112842559814
COL1A2,Both,3.387913942337036
COL1A2,Both,3.3596556186676025
COL1A2,Both,3.2763991355895996
COL1A2,Both,3.1914193630218506
COL1A2,Both,2.583622932434082
COL1A2,Both,3.4977200031280518
COL1A2,Both,3.3299365043640137
COL1A2,Both,3.357325553894043
COL1A2,Both,2.842911720275879
COL1A2,Both,3.274570941925049
COL1A2,Both,2.762671709060669
COL1A2,Both,3.256608247756958
COL1A2,Both,2.3383686542510986
COL1A2,Both,3.2050693035125732
COL1A2,Both,2.109666585922241
COL1A2,Both,3.4170477390289307
COL1A2,Both,3.2451887130737305
COL1A2,Both,2.7205002307891846
COL1A2,Both,3.0505616664886475
COL1A2,Both,3.4172818660736084
COL1A2,Both,0.0
COL1A2,Both,2.26529598236084
COL1A2,Both,0.0
COL1A2,Both,2.724263906478882
COL1A2,Both,0.0
COL1A2,Both,3.2431681156158447
COL1A2,Both,2.8700602054595947
COL1A2,Both,2.595195770263672
COL1A2,Both,3.6070497035980225
COL1A2,Both,2.930860757827759
COL1A2,Both,3.1401288509368896
COL1A2,Both,2.1357431411743164
COL1A2,Both,0.0
COL1A2,Both,0.0
COL1A2,Both,0.0
COL1A2,Both,3.303619623184204
COL1A2,Both,3.158628463745117
COL1A2,Both,3.006577968597412
COL1A2,Both,3.132648468017578
COL1A2,Both,2.981931209564209
COL1A2,Both,3.2335000038146973
COL1A2,Both,3.0948619842529297
COL1A2,Both,2.4950127601623535
COL1A2,Both,3.29748797416687
COL1A2,Both,3.168853759765625
COL1A2,Both,3.1398682594299316
COL1A2,Both,2.5398247241973877
COL1A2,Both,3.1699936389923096
COL1A2,Both,3.14129900932312
COL1A2,Both,2.611304759979248
COL1A2,Both,3.1558451652526855
COL1A2,Both,3.4261763095855713
COL1A2,Both,2.919869899749756
COL1A2,Both,3.3377935886383057
COL1A2,Both,3.2025997638702393
COL1A2,Both,3.0611228942871094
COL1A2,Both,3.4684407711029053
COL1A2,Both,3.1385135650634766
COL1A2,Both,3.429011344909668
COL1A2,Both,3.67946720123291
COL1A2,Both,3.040992498397827
COL1A2,Both,3.07104229927063
COL1A2,Both,2.6477930545806885
COL1A2,Both,3.429489850997925
COL1A2,Both,2.257439613342285
COL1A2,Both,3.4275600910186768
COL1A2,Both,2.760873317718506
COL1A2,Both,3.0451183319091797
COL1A2,Both,3.0222396850585938
COL1A2,Both,2.6988167762756348
COL1A2,Both,3.009507894515991
COL1A2,Both,2.7583870887756348
COL1A2,Both,2.6580512523651123
COL1A2,Both,2.7661759853363037
COL1A2,Both,2.6510074138641357
COL1A2,Both,2.809544563293457
COL1A2,Both,3.2005720138549805
COL1A2,Both,3.120438575744629
COL1A2,Both,2.959502935409546
COL1A2,Both,2.759664297103882
COL1A2,Both,2.8004300594329834
COL1A2,Both,2.762470006942749
COL1A2,Both,3.2060158252716064
COL1A2,Both,2.961441993713379
COL1A2,Both,3.4259140491485596
COL1A2,Both,3.1294827461242676
COL1A2,Both,2.6718506813049316
COL1A2,Both,3.598083019256592
COL1A2,Both,3.4005682468414307
COL1A2,Both,3.110029697418213
COL1A2,Both,2.9712367057800293
COL1A2,Both,3.048985004425049
COL1A2,Both,3.389983892440796
COL1A2,Both,3.191131830215454
COL1A2,Both,3.3499341011047363
COL1A2,Both,3.1320784091949463
COL1A2,Both,3.445613384246826
COL1A2,Both,3.04946231842041
COL1A2,Both,3.157682180404663
COL1A2,Both,3.026854991912842
COL1A2,Both,3.1132853031158447
COL1A2,Both,3.241506576538086
COL1A2,Both,3.324491024017334
COL1A2,Both,3.0079541206359863
COL1A2,Both,3.2435669898986816
COL1A2,Both,2.9359092712402344
COL1A2,Both,3.3874542713165283
COL1A2,Both,3.071895122528076
COL1A2,Both,3.123298406600952
COL1A2,Both,2.9814558029174805
COL1A2,Both,3.098398208618164
COL1A2,Both,3.0718750953674316
COL1A2,Both,2.9733498096466064
COL1A2,Both,2.834178924560547
COL1A2,Both,3.1198134422302246
COL1A2,Both,3.643768310546875
COL1A2,Both,3.407132148742676
COL1A2,Both,3.432321786880493
COL1A2,Both,3.1654934883117676
COL1A2,Both,3.29362154006958
COL1A2,Both,3.2439486980438232
COL1A2,Both,2.303598403930664
COL1A2,Both,2.6233081817626953
COL1A2,Both,0.0
COL1A2,Both,2.0730268955230713
COL1A2,Both,2.119091033935547
COL1A2,Both,2.438455581665039
COL1A2,Both,2.8134827613830566
COL1A2,Both,2.184852361679077
COL1A2,Both,2.7598161697387695
COL1A2,Both,2.1916768550872803
COL1A2,Both,2.6968231201171875
COL1A2,Both,2.3551251888275146
COL1A2,Both,2.4829843044281006
COL1A2,Both,2.940730333328247
COL1A2,Both,2.7152764797210693
COL1A2,Both,2.554652690887451
COL1A2,Both,1.320241928100586
COL1A2,Both,1.8561567068099976
COL1A2,Both,2.3439204692840576
COL1A2,Both,1.9499552249908447
COL1A2,Both,1.854356050491333
COL1A2,Both,2.7347817420959473
COL1A2,Both,0.0
COL1A2,Both,2.5621864795684814
COL1A2,Both,1.7060579061508179
COL1A2,Both,0.0
COL1A2,Both,0.0
COL1A2,Both,2.6823956966400146
COL1A2,Both,0.0
COL1A2,Both,2.515054702758789
COL1A2,Both,0.0
COL1A2,Both,2.5823276042938232
COL1A2,Both,2.5880353450775146
COL1A2,Both,2.789914131164551
COL1A2,Both,2.281841278076172
COL1A2,Both,3.036923885345459
COL1A2,Both,3.276979923248291
COL1A2,Both,3.161740779876709
COL1A2,Both,3.0921671390533447
COL1A2,Both,2.3137547969818115
COL1A2,Both,3.0292115211486816
COL1A2,Both,3.0220844745635986
COL1A2,Both,3.112966775894165
COL1A2,Both,0.0
COL1A2,Both,0.0
COL1A2,Both,1.834587812423706
COL1A2,Both,2.818315029144287
COL1A2,Both,1.4877017736434937
COL1A2,Both,2.604903221130371
COL1A2,Both,1.8188267946243286
COL1A2,Both,1.7401864528656006
COL1A2,Both,2.738255262374878
COL1A2,Both,2.148560047149658
COL1A2,Both,2.499664068222046
COL1A2,Both,2.1057097911834717
COL1A2,Both,2.4589016437530518
COL1A2,Both,2.7596309185028076
COL1A2,Both,2.6039962768554688
COL1A2,Both,1.9427844285964966
COL1A2,Both,2.0450499057769775
COL1A2,Both,2.8318591117858887
COL1A2,Both,2.9718689918518066
COL1A2,Both,0.0
COL1A2,Both,2.858729124069214
COL1A2,Both,3.247434139251709
COL1A2,Both,1.8994944095611572
COL1A2,Both,2.7556650638580322
COL1A2,Both,1.4740628004074097
COL1A2,Both,2.5080034732818604
COL1A2,Both,2.7676210403442383
COL1A2,Both,2.514962673187256
COL1A2,Both,2.8778395652770996
COL1A2,Both,2.5896012783050537
COL1A2,Both,2.9547007083892822
COL1A2,Both,3.2558257579803467
COL1A2,Both,3.1967806816101074
COL1A2,Both,3.341576337814331
COL1A2,Both,3.1670475006103516
COL1A2,Both,3.3237929344177246
COL1A2,Both,3.4220831394195557
COL1A2,Both,2.3192362785339355
COL1A2,Both,3.408078908920288
COL1A2,Both,2.5989153385162354
COL1A2,Both,3.1244962215423584
COL1A2,Both,3.229893922805786
COL1A2,Both,3.304415464401245
COL1A2,Both,3.1975507736206055
COL1A2,Both,3.3917629718780518
COL1A2,Both,2.236889362335205
COL1A2,Both,3.1302196979522705
COL1A2,Both,2.2868359088897705
COL1A2,Both,3.074673891067505
COL1A2,Both,3.209555149078369
COL1A2,Both,3.0196499824523926
COL1A2,Both,2.5420095920562744
COL1A2,Both,2.063798189163208
COL1A2,Both,3.1235928535461426
COL1A2,Both,3.3948497772216797
COL1A2,Both,2.950958728790283
COL1A2,Both,3.4223990440368652
COL1A2,Both,3.304755210876465
COL1A2,Both,3.3449175357818604
COL1A2,Both,3.020421266555786
COL1A2,Both,3.2816317081451416
COL1A2,Both,3.1226344108581543
COL1A2,Both,2.3512167930603027
COL1A2,Both,3.233318328857422
COL1A2,Both,2.644861936569214
COL1A2,Both,3.075209379196167
COL1A2,Both,2.441598892211914
COL1A2,Both,3.270925521850586
COL1A2,Both,3.3355026245117188
COL1A2,Both,2.8817496299743652
COL1A2,Both,2.6519100666046143
COL1A2,Both,3.353635549545288
COL1A2,Both,3.229891777038574
COL1A2,Both,3.0705368518829346
COL1A2,Both,3.049718141555786
COL1A2,Both,2.6236743927001953
COL1A2,Both,2.7920327186584473
COL1A2,Both,3.1079540252685547
COL1A2,Both,2.7309365272521973
COL1A2,Both,2.9223031997680664
COL1A2,Both,2.8378419876098633
COL1A2,Both,2.737757921218872
COL1A2,Both,2.413698434829712
COL1A2,Both,3.1929564476013184
COL1A2,Both,2.774644374847412
COL1A2,Both,2.8286325931549072
COL1A2,Both,2.836880683898926
COL1A2,Both,2.400953769683838
COL1A2,Both,2.8631787300109863
COL1A2,Both,3.3038887977600098
COL1A2,Both,1.812390685081482
COL1A2,Both,2.317814588546753
COL1A2,Both,3.234297037124634
COL1A2,Both,2.9806034564971924
COL1A2,Both,3.029362678527832
COL1A2,Both,1.9124282598495483
COL1A2,Both,2.789785146713257
COL1A2,Both,3.2316670417785645
COL1A2,Both,3.3179831504821777
COL1A2,Both,2.8880984783172607
COL1A2,Both,2.8831098079681396
COL1A2,Both,3.0774922370910645
COL1A2,Both,3.074289560317993
COL1A2,Both,2.4445810317993164
COL1A2,Both,1.5478638410568237
COL1A2,Both,3.1100573539733887
COL1A2,Both,2.3939971923828125
COL1A2,Both,2.339195966720581
COL1A2,Both,1.816857099533081
COL1A2,Both,0.0
COL1A2,Both,2.059326410293579
COL1A2,Both,2.581117630004883
COL1A2,Both,3.199632406234741
COL1A2,Both,3.1689767837524414
COL1A2,Both,2.733065605163574
COL1A2,Both,3.178734540939331
COL1A2,Both,2.696607828140259
COL1A2,Both,3.008585214614868
COL1A2,Both,3.224891185760498
COL1A2,Both,3.0784571170806885
COL1A2,Both,3.1356658935546875
COL1A2,Both,3.1547508239746094
COL1A2,Both,2.741828680038452
COL1A2,Both,3.1915714740753174
COL1A2,Both,3.139251947402954
COL1A2,Both,2.923788070678711
COL1A2,Both,3.394170045852661
COL1A2,Both,3.009760856628418
COL1A2,Both,3.2483315467834473
COL1A2,Both,3.236353874206543
COL1A2,Both,3.381418228149414
COL1A2,Both,2.9274985790252686
COL1A2,Both,3.13025164604187
COL1A2,Both,3.2771897315979004
COL1A2,Both,3.1900672912597656
COL1A2,Both,2.9364511966705322
COL1A2,Both,3.0678822994232178
COL1A2,Both,3.1748993396759033
COL1A2,Both,3.16829252243042
COL1A2,Both,2.9377405643463135
COL1A2,Both,3.2050843238830566
COL1A2,Both,3.0564088821411133
COL1A2,Both,3.050358295440674
COL1A2,Both,3.2142815589904785
COL1A2,Both,3.1823408603668213
COL1A2,Both,3.049102783203125
COL1A2,Both,3.195842981338501
COL1A2,Both,3.3647470474243164
COL1A2,Both,3.239374876022339
COL1A2,Both,3.118882417678833
COL1A2,Both,2.911740303039551
COL1A2,Both,3.0272812843322754
COL1A2,Both,3.28688383102417
COL1A2,Both,3.462843894958496
COL1A2,Both,2.8158559799194336
COL1A2,Both,3.225717306137085
COL1A2,Both,2.709851026535034
COL1A2,Both,2.975642204284668
COL1A2,Both,3.0030086040496826
COL1A2,Both,2.9608218669891357
COL1A2,Both,3.2390987873077393
COL1A2,Both,2.617323398590088
COL1A2,Both,0.0
COL1A2,Both,3.268239974975586
COL1A2,Both,3.326727867126465
COL1A2,Both,2.445302963256836
COL1A2,Both,3.280670642852783
COL1A2,Both,3.230937957763672
COL1A2,Both,2.985213279724121
COL1A2,Both,3.331313371658325
COL1A2,Both,2.9345366954803467
COL1A2,Both,2.7961325645446777
COL1A2,Both,3.398895025253296
COL1A2,Both,3.180612087249756
COL1A2,Both,2.6745569705963135
COL1A2,Both,3.1852939128875732
COL1A2,Both,2.4221014976501465
COL1A2,Both,2.8565330505371094
COL1A2,Both,2.3643882274627686
COL1A2,Both,2.9527034759521484
COL1A2,Both,3.163912773132324
COL1A2,Both,3.4053030014038086
COL1A2,Both,3.1880202293395996
COL1A2,Both,2.5161943435668945
COL1A2,Both,3.132392644882202
COL1A2,Both,3.198059320449829
COL1A2,Both,3.2487237453460693
COL1A2,Both,2.7012884616851807
COL1A2,Both,2.835275888442993
COL1A2,Both,3.1244308948516846
COL1A2,Both,3.225280284881592
COL1A2,Both,3.1806039810180664
COL1A2,Both,2.678299903869629
COL1A2,Both,3.2472522258758545
COL1A2,Both,3.4221394062042236
COL1A2,Both,3.2489004135131836
COL1A2,Both,3.1250593662261963
COL1A2,Both,3.2159597873687744
COL1A2,Both,3.4853293895721436
COL1A2,Both,2.7804577350616455
COL1A2,Both,2.7898073196411133
COL1A2,Both,3.049684762954712
COL1A2,Both,3.244321584701538
COL1A2,Both,2.9408059120178223
COL1A2,Both,3.2324986457824707
COL1A2,Both,3.1904561519622803
COL1A2,Both,3.1187100410461426
COL1A2,Both,2.5773141384124756
COL1A2,Both,3.193157911300659
COL1A2,Both,3.1299021244049072
COL1A2,Both,3.327510118484497
COL1A2,Both,3.266458749771118
COL1A2,Both,3.1826117038726807
COL1A2,Both,3.2614622116088867
COL1A2,Both,3.177065372467041
COL1A2,Both,3.305217742919922
COL1A2,Both,2.5498874187469482
COL1A2,Both,3.279667377471924
COL1A2,Both,3.216618061065674
COL1A2,Both,2.727869987487793
COL1A2,Both,2.988755226135254
COL1A2,Both,2.7535667419433594
COL1A2,Both,2.4586193561553955
COL1A2,Both,2.6473991870880127
COL1A2,Both,2.684155225753784
COL1A2,Both,2.809669256210327
COL1A2,Both,2.8671796321868896
COL1A2,Both,3.0713014602661133
COL1A2,Both,2.322648763656616
COL1A2,Both,2.4402482509613037
COL1A2,Both,2.1861422061920166
COL1A2,Both,2.7442610263824463
COL1A2,Both,2.635387897491455
COL1A2,Both,2.7694735527038574
COL1A2,Both,2.863173484802246
COL1A2,Both,2.5319151878356934
COL1A2,Both,2.854391574859619
COL1A2,Both,2.7654592990875244
COL1A2,Both,3.071469783782959
COL1A2,Both,2.212907075881958
COL1A2,Both,3.128369092941284
COL1A2,Both,2.7478435039520264
COL1A2,Both,2.7947285175323486
COL1A2,Both,3.1393182277679443
COL1A2,Both,2.5912015438079834
COL1A2,Both,2.1743805408477783
COL1A2,Both,2.8647122383117676
COL1A2,Both,2.8845858573913574
COL1A2,Both,2.798051357269287
COL1A2,Both,2.6875665187835693
COL1A2,Both,2.9722394943237305
COL1A2,Both,2.866443157196045
COL1A2,Both,2.6057679653167725
COL1A2,Both,2.464811086654663
COL1A2,Both,0.0
COL1A2,Both,2.442115306854248
COL1A2,Both,2.6445131301879883
COL1A2,Both,2.149770975112915
COL1A2,Both,1.6663970947265625
COL1A2,Both,2.6887102127075195
COL1A2,Both,2.468973398208618
COL1A2,Both,2.502671241760254
COL1A2,Both,2.5744805335998535
COL1A2,Both,0.0
COL1A2,Both,1.7054741382598877
COL1A2,Both,3.0323002338409424
COL1A2,Both,2.3167319297790527
COL1A2,Both,2.7120800018310547
COL1A2,Both,2.5597424507141113
COL1A2,Both,2.7479186058044434
COL1A2,Both,1.9501475095748901
COL1A2,Both,2.845019817352295
COL1A2,Both,2.335426092147827
COL1A2,Both,2.4701852798461914
COL1A2,Both,1.7262356281280518
COL1A2,Both,2.317323684692383
COL1A2,Both,0.0
COL1A2,Both,2.4442389011383057
COL1A2,Both,2.3950533866882324
COL1A2,Both,2.2185726165771484
COL1A2,Both,2.0958518981933594
COL1A2,Both,2.2655134201049805
COL1A2,Both,0.0
COL1A2,Both,2.596121311187744
COL1A2,Both,2.556333541870117
COL1A2,Both,1.9213865995407104
COL1A2,Both,2.5154004096984863
COL1A2,Both,2.630664587020874
COL1A2,Both,2.142906427383423
COL1A2,Both,2.202113628387451
COL1A2,Both,2.160098075866699
COL1A2,Both,3.1099205017089844
COL1A2,Both,2.656233787536621
COL1A2,Both,2.550989866256714
COL1A2,Both,2.9678056240081787
COL1A2,Both,2.150756359100342
COL1A2,Both,2.6913905143737793
COL1A2,Both,2.068718433380127
COL1A2,Both,2.290747880935669
COL1A2,Both,2.454500913619995
COL1A2,Both,2.1552133560180664
COL1A2,Both,2.761237859725952
COL1A2,Both,2.128678560256958
COL1A2,Both,2.7852084636688232
COL1A2,Both,2.912329912185669
COL1A2,Both,2.9139630794525146
COL1A2,Both,3.0084590911865234
COL1A2,Both,2.8416731357574463
COL1A2,Both,2.688206434249878
COL1A2,Both,3.090684413909912
COL1A2,Both,2.6679365634918213
COL1A2,Both,2.8406643867492676
COL1A2,Both,2.9282562732696533
COL1A2,Both,2.529829263687134
COL1A2,Both,2.3205466270446777
COL1A2,Both,2.7807443141937256
COL1A2,Both,3.1404194831848145
COL1A2,Both,3.0888020992279053
COL1A2,Both,2.9036760330200195
COL1A2,Both,2.8473615646362305
COL1A2,Both,3.0113017559051514
COL1A2,Both,2.470132827758789
COL1A2,Both,3.007535219192505
COL1A2,Both,2.4643189907073975
COL1A2,Both,2.6405303478240967
COL1A2,Both,2.6458845138549805
COL1A2,Both,0.0
COL1A2,Both,2.6652724742889404
COL1A2,Both,2.9140307903289795
COL1A2,Both,2.666159152984619
COL1A2,Both,2.6923203468322754
COL1A2,Both,3.187448263168335
COL1A2,Both,3.0942656993865967
COL1A2,Both,2.7910499572753906
COL1A2,Both,2.657236337661743
COL1A2,Both,2.759033679962158
COL1A2,Both,2.7890305519104004
COL1A2,Both,2.891380786895752
COL1A2,Both,2.8156533241271973
COL1A2,Both,2.8341379165649414
COL1A2,Both,3.006373167037964
COL1A2,Both,2.7271924018859863
COL1A2,Both,2.800976514816284
COL1A2,Both,2.7516562938690186
COL1A2,Both,2.761148691177368
COL1A2,Both,2.488478660583496
COL1A2,Both,2.1513478755950928
COL1A2,Both,2.4986379146575928
COL1A2,Both,2.2979116439819336
COL1A2,Both,2.626896858215332
COL1A2,Both,2.792419195175171
COL1A2,Both,2.8643510341644287
COL1A2,Both,2.9637513160705566
COL1A2,Both,2.749145984649658
COL1A2,Both,2.798981189727783
COL1A2,Both,2.5835418701171875
COL1A2,Both,2.2719852924346924
COL1A2,Both,2.4930403232574463
COL1A2,Both,2.010632276535034
COL1A2,Both,2.5786783695220947
COL1A2,Both,2.7383041381835938
COL1A2,Both,2.415515184402466
COL1A2,Both,2.0337166786193848
COL1A2,Both,2.825448751449585
COL1A2,Both,3.0568747520446777
COL1A2,Both,2.3702008724212646
COL1A2,Both,2.8696680068969727
COL1A2,Both,2.4709243774414062
COL1A2,Both,2.410933494567871
COL1A2,Both,3.085283041000366
COL1A2,Both,2.873141050338745
COL1A2,Both,2.8090312480926514
COL1A2,Both,2.897627592086792
COL1A2,Both,3.056938886642456
COL1A2,Both,2.3049702644348145
COL1A2,Both,2.62703275680542
COL1A2,Both,2.6835885047912598
COL1A2,Both,2.7835562229156494
COL1A2,Both,2.789623975753784
COL1A2,Both,2.779315710067749
COL1A2,Both,2.1518096923828125
COL1A2,Both,2.668285369873047
COL1A2,Both,2.910294532775879
COL1A2,Both,2.018174886703491
COL1A2,Both,3.0132486820220947
COL1A2,Both,2.55501389503479
COL1A2,Both,2.769895315170288
COL1A2,Both,2.5382437705993652
COL1A2,Both,2.550522804260254
COL1A2,Both,2.4566690921783447
COL1A2,Both,1.8510606288909912
COL1A2,Both,2.8748350143432617
COL1A2,Both,2.285144567489624
COL1A2,Both,2.5507547855377197
COL1A2,Both,2.3083581924438477
COL1A2,Both,2.9897611141204834
COL1A2,Both,2.608424425125122
COL1A2,Both,2.6291654109954834
COL1A2,Both,2.9365715980529785
COL1A2,Both,2.8808417320251465
COL1A2,Both,2.3172881603240967
COL1A2,Both,2.5976080894470215
COL1A2,Both,2.5046908855438232
COL1A2,Both,2.759018898010254
COL1A2,Both,2.7656006813049316
COL1A2,Both,1.4786163568496704
COL1A2,Both,2.819448709487915
COL1A2,Both,2.471013069152832
COL1A2,Both,2.1638617515563965
COL1A2,Both,2.833369731903076
COL1A2,Both,2.7961506843566895
COL1A2,Both,3.3238894939422607
COL1A2,Both,2.5867412090301514
COL1A2,Both,2.573171377182007
COL1A2,Both,2.3967926502227783
COL1A2,Both,2.9572255611419678
COL1A2,Both,3.241056203842163
COL1A2,Both,2.625424385070801
COL1A2,Both,2.626157283782959
COL1A2,Both,2.945636749267578
COL1A2,Both,2.9713122844696045
COL1A2,Both,2.3845412731170654
COL1A2,Both,2.9143285751342773
COL1A2,Both,2.874957799911499
COL1A2,Both,2.942000150680542
COL1A2,Both,3.2815494537353516
COL1A2,Both,2.807387113571167
COL1A2,Both,2.8916683197021484
COL1A2,Both,2.8920600414276123
COL1A2,Both,2.9692564010620117
COL1A2,Both,2.789517402648926
COL1A2,Both,2.7039101123809814
COL1A2,Both,1.8781132698059082
COL1A2,Both,3.160135269165039
COL1A2,Both,2.757028579711914
COL1A2,Both,2.673651695251465
COL1A2,Both,2.6558165550231934
COL1A2,Both,3.041288375854492
COL1A2,Both,2.889441967010498
COL1A2,Both,2.9184794425964355
COL1A2,Both,2.9679741859436035
COL1A2,Both,3.0697240829467773
COL1A2,Both,3.150852918624878
COL1A2,Both,2.8911805152893066
COL1A2,Both,3.1328041553497314
COL1A2,Both,2.3266682624816895
COL1A2,Both,3.328644275665283
COL1A2,Both,2.6532201766967773
COL1A2,Both,3.3183364868164062
COL1A2,Both,3.294236898422241
COL1A2,Both,2.9341368675231934
COL1A2,Both,2.986140727996826
COL1A2,Both,2.7786052227020264
COL1A2,Both,2.603677749633789
COL1A2,Both,2.974900960922241
COL1A2,Both,2.7997021675109863
COL1A2,Both,3.3067941665649414
COL1A2,Both,3.2210593223571777
COL1A2,Both,2.4824578762054443
COL1A2,Both,2.272066593170166
COL1A2,Both,2.841376781463623
COL1A2,Both,2.6015923023223877
COL1A2,Both,2.681046962738037
COL1A2,Both,2.8292839527130127
COL1A2,Both,3.0377449989318848
COL1A2,Both,3.4409890174865723
COL1A2,Both,1.589386224746704
COL1A2,Both,3.076864004135132
COL1A2,Both,2.973846197128296
COL1A2,Both,2.590805768966675
COL1A2,Both,2.6278741359710693
COL1A2,Both,3.259626626968384
COL1A2,Both,2.624274730682373
COL1A2,Both,3.4379584789276123
COL1A2,Both,3.4571328163146973
COL1A2,Both,3.0501744747161865
COL1A2,Both,3.049149990081787
COL1A2,Both,2.852759599685669
COL1A2,Both,2.889177083969116
COL1A2,Both,2.7248096466064453
COL1A2,Both,3.1169443130493164
COL1A2,Both,3.2406530380249023
COL1A2,Both,2.428772449493408
COL1A2,Both,3.0762579441070557
COL1A2,Both,2.4045417308807373
COL1A2,Both,2.5892810821533203
COL1A2,Both,3.3400719165802
COL1A2,Both,2.7962615489959717
COL1A2,Both,2.8764352798461914
COL1A2,Both,2.962721824645996
COL1A2,Both,3.051647186279297
COL1A2,Both,3.0939714908599854
COL1A2,Both,2.451683282852173
COL1A2,Both,2.570800304412842
COL1A2,Both,3.130873918533325
COL1A2,Both,3.2445709705352783
COL1A2,Both,2.6523475646972656
COL1A2,Both,2.757625102996826
COL1A2,Both,2.7440102100372314
COL1A2,Both,2.3088855743408203
COL1A2,Both,2.5594303607940674
COL1A2,Both,2.764432907104492
COL1A2,Both,2.996462345123291
COL1A2,Both,2.760308265686035
COL1A2,Both,2.9051568508148193
COL1A2,Both,2.744392156600952
COL1A2,Both,2.5177340507507324
COL1A2,Both,3.249582290649414
COL1A2,Both,2.4854371547698975
COL1A2,Both,2.7370622158050537
COL1A2,Both,3.071112632751465
COL1A2,Both,3.1826467514038086
COL1A2,Both,2.3199357986450195
COL1A2,Both,2.440967559814453
COL1A2,Both,3.408473014831543
COL1A2,Both,3.040648937225342
COL1A2,Both,2.7494733333587646
COL1A2,Both,2.713117837905884
COL1A2,Both,2.448988199234009
COL1A2,Both,3.1767821311950684
COL1A2,Both,3.014117479324341
COL1A2,Both,2.352353572845459
COL1A2,Both,2.7499895095825195
COL1A2,Both,2.972839832305908
COL1A2,Both,3.0199949741363525
COL1A2,Both,2.5412886142730713
COL1A2,Both,3.0741310119628906
COL1A2,Both,3.2296226024627686
COL1A2,Both,2.6160261631011963
COL1A2,Both,2.826820135116577
COL1A2,Both,2.8065457344055176
COL1A2,Both,2.8152992725372314
COL1A2,Both,2.8370838165283203
COL1A2,Both,3.138378143310547
COL1A2,Both,3.2881853580474854
COL1A2,Both,2.949286937713623
COL1A2,Both,2.9464151859283447
COL1A2,Both,2.9651501178741455
COL1A2,Both,2.928872585296631
COL1A2,Both,3.122908353805542
COL1A2,Both,1.6376765966415405
COL1A2,Both,2.8481602668762207
COL1A2,Both,2.5197737216949463
COL1A2,Both,3.277822732925415
COL1A2,Both,2.716049909591675
COL1A2,Both,2.7201480865478516
COL1A2,Both,2.818964719772339
COL1A2,Both,2.7051234245300293
COL1A2,Both,2.7861087322235107
COL1A2,Both,3.266368865966797
COL1A2,Both,2.897904396057129
COL1A2,Both,2.690078020095825
COL1A2,Both,3.0555500984191895
COL1A2,Both,2.7638742923736572
COL1A2,Both,2.7907655239105225
COL1A2,Both,2.9125704765319824
COL1A2,Both,2.932281732559204
COL1A2,Both,2.795459270477295
COL1A2,Both,2.915240526199341
COL1A2,Both,2.8558571338653564
COL1A2,Both,2.787651777267456
COL1A2,Both,2.729757308959961
COL1A2,Both,2.927302360534668
COL1A2,Both,2.531409978866577
COL1A2,Both,2.2589259147644043
COL1A2,Both,2.9984896183013916
COL1A2,Both,3.0471222400665283
COL1A2,Both,2.9163646697998047
COL1A2,Both,2.976611614227295
COL1A2,Both,2.69891095161438
COL1A2,Both,3.304386615753174
COL1A2,Both,2.832571506500244
COL1A2,Both,3.09643292427063
COL1A2,Both,2.4271912574768066
COL1A2,Both,3.5006351470947266
COL1A2,Both,2.9176156520843506
COL1A2,Both,2.9347896575927734
COL1A2,Both,3.251213550567627
COL1A2,Both,2.6823267936706543
COL1A2,Both,3.2516121864318848
COL1A2,Both,2.9204745292663574
COL1A2,Both,2.7372448444366455
COL1A2,Both,2.849165439605713
COL1A2,Both,3.142390251159668
COL1A2,Both,2.7803127765655518
COL1A2,Both,2.354412794113159
COL1A2,Both,2.889644145965576
COL1A2,Both,2.4807586669921875
COL1A2,Both,2.6261022090911865
COL1A2,Both,3.0915493965148926
COL1A2,Both,2.7498655319213867
COL1A2,Both,2.776594400405884
COL1A2,Both,2.953380823135376
COL1A2,Both,3.1092700958251953
COL1A2,Both,2.7727928161621094
COL1A2,Both,3.4584670066833496
COL1A2,Both,2.603142261505127
COL1A2,Both,3.0883543491363525
COL1A2,Both,1.9942368268966675
COL1A2,Both,3.106529474258423
COL1A2,Both,3.2200849056243896
COL1A2,Both,2.759352922439575
COL1A2,Both,3.066037178039551
COL1A2,Both,2.954484224319458
COL1A2,Both,2.559140920639038
COL1A2,Both,2.931448221206665
COL1A2,Both,3.2271816730499268
COL1A2,Both,2.8774561882019043
COL1A2,Both,2.7726762294769287
COL1A2,Both,3.0525195598602295
COL1A2,Both,2.7656736373901367
COL1A2,Both,3.113507032394409
COL1A2,Both,2.697115182876587
COL1A2,Both,2.8417041301727295
COL1A2,Both,2.7221500873565674
COL1A2,Both,3.255946159362793
COL1A2,Both,2.841301441192627
COL1A2,Both,2.1825592517852783
COL1A2,Both,3.100050449371338
COL1A2,Both,2.9647340774536133
COL1A2,Both,2.599914789199829
COL1A2,Both,3.15671706199646
COL1A2,Both,2.141909122467041
COL1A2,Both,3.1084890365600586
COL1A2,Both,3.276437759399414
COL1A2,Both,2.912876844406128
COL1A2,Both,3.186920642852783
COL1A2,Both,1.163450002670288
COL1A2,Both,3.134517192840576
COL1A2,Both,2.935490131378174
COL1A2,Both,3.0216662883758545
COL1A2,Both,2.903902053833008
COL1A2,Both,3.2847414016723633
COL1A2,Both,3.0427896976470947
COL1A2,Both,2.902981996536255
COL1A2,Both,2.928546905517578
COL1A2,Both,2.9310131072998047
COL1A2,Both,2.07731294631958
COL1A2,Both,3.0854225158691406
COL1A2,Both,2.826857089996338
COL1A2,Both,3.0566673278808594
COL1A2,Both,3.2400975227355957
COL1A2,Both,3.000731945037842
COL1A2,Both,3.07324481010437
COL1A2,Both,3.27915358543396
COL1A2,Both,3.1948225498199463
COL1A2,Both,3.0251457691192627
COL1A2,Both,2.7421436309814453
COL1A2,Both,2.95454478263855
COL1A2,Both,3.07895827293396
COL1A2,Both,2.7287585735321045
COL1A2,Both,2.9027578830718994
COL1A2,Both,2.725965976715088
COL1A2,Both,2.9480550289154053
COL1A2,Both,2.8366293907165527
COL1A2,Both,2.963831663131714
COL1A2,Both,2.898444175720215
COL1A2,Both,2.64206600189209
COL1A2,Both,2.9471306800842285
COL1A2,Both,2.832629680633545
COL1A2,Both,2.932420492172241
COL1A2,Both,2.9577999114990234
COL1A2,Both,3.1811270713806152
COL1A2,Both,3.052598237991333
COL1A2,Both,2.8760628700256348
COL1A2,Both,3.1188595294952393
COL1A2,Both,3.0975077152252197
COL1A2,Both,2.932081460952759
COL1A2,Both,2.995903730392456
COL1A2,Both,3.051813840866089
COL1A2,Both,3.3305015563964844
COL1A2,Both,2.9593629837036133
COL1A2,Both,3.225166082382202
COL1A2,Both,2.8282721042633057
COL1A2,Both,2.9961633682250977
COL1A2,Both,2.994417428970337
COL1A2,Both,2.746379852294922
COL1A2,Both,2.914409637451172
COL1A2,Both,2.5841519832611084
COL1A2,Both,2.454517364501953
COL1A2,Both,2.767803430557251
COL1A2,Both,3.3186697959899902
COL1A2,Both,2.603686809539795
COL1A2,Both,2.62007999420166
COL1A2,Both,2.986143112182617
COL1A2,Both,2.8563501834869385
COL1A2,Both,2.5902695655822754
COL1A2,Both,2.9881880283355713
COL1A2,Both,3.088981866836548
COL1A2,Both,3.459676742553711
COL1A2,Both,2.2942683696746826
COL1A2,Both,3.430943727493286
COL1A2,Both,3.0569961071014404
COL1A2,Both,3.1496469974517822
COL1A2,Both,2.8535828590393066
COL1A2,Both,2.6681418418884277
COL1A2,Both,2.4751715660095215
COL1A2,Both,2.9943439960479736
COL1A2,Both,1.2887203693389893
COL1A2,Both,2.8422698974609375
COL1A2,Both,3.047248363494873
COL1A2,Both,2.659609317779541
COL1A2,Both,2.7744245529174805
COL1A2,Both,2.6395819187164307
COL1A2,Both,3.2070822715759277
COL1A2,Both,3.0752792358398438
COL1A2,Both,3.163818836212158
COL1A2,Both,2.498483896255493
COL1A2,Both,3.1488747596740723
COL1A2,Both,3.2244741916656494
COL1A2,Both,3.065443992614746
COL1A2,Both,3.194094657897949
COL1A2,Both,3.0025248527526855
COL1A2,Both,3.2175145149230957
COL1A2,Both,3.7288949489593506
COL1A2,Both,2.9753241539001465
COL1A2,Both,2.7346270084381104
COL1A2,Both,3.166661024093628
COL1A2,Both,2.699636459350586
COL1A2,Both,3.031830310821533
COL1A2,Both,3.0551095008850098
COL1A2,Both,3.209780693054199
COL1A2,Both,2.7457916736602783
COL1A2,Both,3.1233482360839844
COL1A2,Both,3.3020436763763428
COL1A2,Both,3.063675880432129
COL1A2,Both,3.390967845916748
COL1A2,Both,2.9210405349731445
COL1A2,Both,3.349121332168579
COL1A2,Both,2.8766489028930664
COL1A2,Both,3.084473133087158
COL1A2,Both,3.3129284381866455
COL1A2,Both,3.2663514614105225
COL1A2,Both,3.158320903778076
COL1A2,Both,3.3813490867614746
COL1A2,Both,3.0867815017700195
COL1A2,Both,2.9433908462524414
COL1A2,Both,3.749035120010376
COL1A2,Both,2.9793004989624023
COL1A2,Both,2.7573230266571045
COL1A2,Both,2.965080738067627
COL1A2,Both,2.886784315109253
COL1A2,Both,2.9950003623962402
COL1A2,Both,3.225341796875
COL1A2,Both,3.232022285461426
COL1A2,Both,2.9725258350372314
COL1A2,Both,2.6653170585632324
COL1A2,Both,3.052711009979248
COL1A2,Both,3.0997774600982666
COL1A2,Both,3.112215518951416
COL1A2,Both,3.0040395259857178
COL1A2,Both,2.383502721786499
COL1A2,Both,3.6947243213653564
COL1A2,Both,3.276892900466919
COL1A2,Both,3.138770341873169
COL1A2,Both,3.096787214279175
COL1A2,Both,2.3066651821136475
COL1A2,Both,3.3385114669799805
COL1A2,Both,2.6841626167297363
COL1A2,Both,3.1096696853637695
COL1A2,Both,2.3257462978363037
COL1A2,Both,3.0763635635375977
COL1A2,Both,2.6784536838531494
COL1A2,Both,2.895210027694702
COL1A2,Both,2.94926381111145
COL1A2,Both,3.297144651412964
COL1A2,Both,3.3673808574676514
COL1A2,Both,3.58245587348938
COL1A2,Both,2.627553939819336
COL1A2,Both,3.4219894409179688
COL1A2,Both,3.5229737758636475
COL1A2,Both,2.887955665588379
COL1A2,Both,3.1888442039489746
COL1A2,Both,2.861027240753174
COL1A2,Both,2.9593024253845215
COL1A2,Both,3.3852615356445312
COL1A2,Both,3.234391689300537
COL1A2,Both,2.9608523845672607
COL1A2,Both,3.2672359943389893
COL1A2,Both,3.1041059494018555
COL1A2,Both,3.071913242340088
COL1A2,Both,3.289381980895996
COL1A2,Both,3.3798341751098633
COL1A2,Both,3.1144309043884277
COL1A2,Both,3.0950396060943604
COL1A2,Both,2.6628198623657227
COL1A2,Both,3.153780698776245
COL1A2,Both,3.370955467224121
COL1A2,Both,3.0612244606018066
COL1A2,Both,3.272481918334961
COL1A2,Both,3.000758171081543
COL1A2,Both,2.68624210357666
COL1A2,Both,3.1393187046051025
COL1A2,Both,2.8594751358032227
COL1A2,Both,2.883359432220459
COL1A2,Both,3.2690069675445557
COL1A2,Both,2.9218735694885254
COL1A2,Both,3.512881278991699
COL1A2,Both,3.0074987411499023
COL1A2,Both,3.050610303878784
COL1A2,Both,3.211364269256592
COL1A2,Both,3.58207368850708
COL1A2,Both,2.7339961528778076
COL1A2,Both,3.0684680938720703
COL1A2,Both,1.7662010192871094
COL1A2,Both,2.832674264907837
COL1A2,Both,2.9063827991485596
COL1A2,Both,3.0191357135772705
COL1A2,Both,2.8230981826782227
COL1A2,Both,3.242128849029541
COL1A2,Both,2.3862061500549316
COL1A2,Both,3.3594577312469482
COL1A2,Both,3.500776529312134
COL1A2,Both,2.772169351577759
COL1A2,Both,3.107286214828491
COL1A2,Both,3.2185535430908203
COL1A2,Both,3.133039951324463
COL1A2,Both,2.885838747024536
COL1A2,Both,3.076066732406616
COL1A2,Both,3.275259017944336
COL1A2,Both,2.732085943222046
COL1A2,Both,3.3465540409088135
COL1A2,Both,2.8962669372558594
COL1A2,Both,3.5918357372283936
COL1A2,Both,3.4569196701049805
COL1A2,Both,3.0409910678863525
COL1A2,Both,3.0316646099090576
COL1A2,Both,2.999556064605713
COL1A2,Both,2.846248149871826
COL1A2,Both,3.0290777683258057
COL1A2,Both,2.352545976638794
COL1A2,Both,3.0170083045959473
COL1A2,Both,3.164844274520874
COL1A2,Both,2.2593674659729004
COL1A2,Both,2.779999256134033
COL1A2,Both,2.89630389213562
COL1A2,Both,3.3746705055236816
COL1A2,Both,3.124720573425293
COL1A2,Both,3.011056661605835
COL1A2,Both,2.5739521980285645
COL1A2,Both,3.1902403831481934
COL1A2,Both,3.242152690887451
COL1A2,Both,3.003086566925049
COL1A2,Both,3.1156373023986816
COL1A2,Both,3.0573387145996094
COL1A2,Both,2.9594624042510986
COL1A2,Both,2.994516611099243
COL1A2,Both,2.9169921875
COL1A2,Both,2.71043062210083
COL1A2,Both,3.5200254917144775
COL1A2,Both,3.3794453144073486
COL1A2,Both,2.950338840484619
COL1A2,Both,3.1568078994750977
COL1A2,Both,2.886573314666748
COL1A2,Both,3.103470802307129
COL1A2,Both,3.0301084518432617
COL1A2,Both,3.5435855388641357
COL1A2,Both,3.059774398803711
COL1A2,Both,3.2915239334106445
COL1A2,Both,3.201127767562866
COL1A2,Both,3.16546630859375
COL1A2,Both,3.2488722801208496
COL1A2,Both,3.075472831726074
COL1A2,Both,2.580390453338623
COL1A2,Both,3.260319471359253
COL1A2,Both,2.887103796005249
COL1A2,Both,3.313523769378662
COL1A2,Both,3.2137787342071533
COL1A2,Both,3.1385960578918457
COL1A2,Both,3.1412887573242188
COL1A2,Both,2.9469921588897705
COL1A2,Both,2.823702812194824
COL1A2,Both,3.216813087463379
COL1A2,Both,3.2785332202911377
COL1A2,Both,3.1106748580932617
COL1A2,Both,3.217764377593994
COL1A2,Both,2.922985076904297
COL1A2,Both,3.6058459281921387
COL1A2,Both,2.893630027770996
COL1A2,Both,2.8606629371643066
COL1A2,Both,3.2343688011169434
COL1A2,Both,2.9910645484924316
COL1A2,Both,2.934385299682617
COL1A2,Both,3.1419575214385986
COL1A2,Both,3.1286497116088867
COL1A2,Both,2.6342153549194336
COL1A2,Both,2.953366756439209
COL1A2,Both,3.054271936416626
COL1A2,Both,2.432391881942749
COL1A2,Both,3.2265784740448
COL1A2,Both,0.0
COL1A2,Both,3.060744285583496
COL1A2,Both,2.894080638885498
COL1A2,Both,0.0
COL1A2,Both,2.9899351596832275
COL1A2,Both,3.0229952335357666
COL1A2,Both,3.167722463607788
COL1A2,Both,2.981769561767578
COL1A2,Both,3.2999258041381836
COL1A2,Both,3.049013614654541
COL1A2,Both,2.9336581230163574
COL1A2,Both,3.2605395317077637
COL1A2,Both,3.191357374191284
COL1A2,Both,3.01509952545166
COL1A2,Both,2.83711314201355
COL1A2,Both,3.2003016471862793
COL1A2,Both,3.146073818206787
COL1A2,Both,2.88999080657959
COL1A2,Both,2.652411460876465
COL1A2,Both,3.3564603328704834
COL1A2,Both,2.8306775093078613
COL1A2,Both,3.156331777572632
COL1A2,Both,3.00754976272583
COL1A2,Both,3.390430212020874
COL1A2,Both,3.033566951751709
COL1A2,Both,3.208765983581543
COL1A2,Both,3.1910016536712646
COL1A2,Both,3.1000378131866455
COL1A2,Both,2.9429659843444824
COL1A2,Both,2.939298629760742
COL1A2,Both,2.9232065677642822
COL1A2,Both,2.9871718883514404
COL1A2,Both,2.0372886657714844
COL1A2,Both,3.025503158569336
COL1A2,Both,2.7335917949676514
COL1A2,Both,3.0619378089904785
COL1A2,Both,2.849799633026123
COL1A2,Both,3.2692012786865234
COL1A2,Both,3.0151617527008057
COL1A2,Both,2.098778247833252
COL1A2,Both,2.7573459148406982
COL1A2,Both,3.27060866355896
COL1A2,Both,2.9734439849853516
COL1A2,Both,3.309260368347168
COL1A2,Both,3.1894969940185547
COL1A2,Both,2.9026386737823486
COL1A2,Both,2.915135383605957
COL1A2,Both,2.9893219470977783
COL1A2,Both,3.081197738647461
COL1A2,Both,3.2588624954223633
COL1A2,Both,3.176278829574585
COL1A2,Both,2.961820125579834
COL1A2,Both,2.933957099914551
COL1A2,Both,2.609830141067505
COL1A2,Both,2.842689037322998
COL1A2,Both,3.0093722343444824
COL1A2,Both,2.3632378578186035
COL1A2,Both,2.6774446964263916
COL1A2,Both,2.998488187789917
COL1A2,Both,2.2139153480529785
COL1A2,Both,2.8335554599761963
COL1A2,Both,2.9040026664733887
COL1A2,Both,2.6969423294067383
COL1A2,Both,2.3203184604644775
COL1A2,Both,2.8646559715270996
COL1A2,Both,2.9464516639709473
COL1A2,Both,2.911797046661377
COL1A2,Both,2.789515495300293
COL1A2,Both,2.6530282497406006
COL1A2,Both,2.349550724029541
COL1A2,Both,2.74139666557312
COL1A2,Both,2.751408576965332
COL1A2,Both,2.4200971126556396
COL1A2,Both,2.6730711460113525
COL1A2,Both,2.4447641372680664
COL1A2,Both,2.6817944049835205
COL1A2,Both,2.6509385108947754
COL1A2,Both,2.9921250343322754
COL1A2,Both,2.3346123695373535
COL1A2,Both,2.269226551055908
COL1A2,Both,2.566915512084961
COL1A2,Both,2.76754093170166
COL1A2,Both,2.2110509872436523
COL1A2,Both,2.7070329189300537
COL1A2,Both,2.765225648880005
COL1A2,Both,3.1526310443878174
COL1A2,Both,2.6968212127685547
COL1A2,Both,2.8529610633850098
COL1A2,Both,3.1778950691223145
COL1A2,Both,2.6055355072021484
COL1A2,Both,2.55485200881958
COL1A2,Both,2.5820162296295166
COL1A2,Both,2.7044589519500732
COL1A2,Both,2.6978189945220947
COL1A2,Both,2.75331974029541
COL1A2,Both,2.7265262603759766
COL1A2,Both,2.507251262664795
COL1A2,Both,2.644662618637085
COL1A2,Both,2.4655253887176514
COL1A2,Both,2.9857139587402344
COL1A2,Both,2.514719247817993
COL1A2,Both,2.525616407394409
COL1A2,Both,2.3976707458496094
COL1A2,Both,2.7548649311065674
COL1A2,Both,3.131950855255127
COL1A2,Both,2.412733316421509
COL1A2,Both,3.0360796451568604
COL1A2,Both,2.631310224533081
COL1A2,Both,2.981746196746826
COL1A2,Both,2.668325424194336
COL1A2,Both,2.821962594985962
COL1A2,Both,2.3988354206085205
COL1A2,Both,2.6621522903442383
COL1A2,Both,2.6573352813720703
COL1A2,Both,3.0127503871917725
COL1A2,Both,2.566638469696045
COL1A2,Both,2.9424009323120117
COL1A2,Both,2.6052849292755127
COL1A2,Both,2.639294147491455
COL1A2,Both,2.6744141578674316
COL1A2,Both,2.8255093097686768
COL1A2,Both,2.546701431274414
COL1A2,Both,2.3874378204345703
COL1A2,Both,2.7783029079437256
COL1A2,Both,2.359729528427124
COL1A2,Both,2.471644878387451
COL1A2,Both,2.7975223064422607
COL1A2,Both,2.511235237121582
COL1A2,Both,2.8541743755340576
COL1A2,Both,2.651048183441162
COL1A2,Both,1.9253218173980713
COL1A2,Both,2.6868715286254883
COL1A2,Both,3.1647956371307373
COL1A2,Both,2.246643304824829
COL1A2,Both,2.597538948059082
COL1A2,Both,2.859250545501709
COL1A2,Both,2.4068245887756348
COL1A2,Both,2.622509241104126
COL1A2,Both,2.8889870643615723
COL1A2,Both,2.5292680263519287
COL1A2,Both,2.4111430644989014
COL1A2,Both,2.1798088550567627
COL1A2,Both,2.8680758476257324
COL1A2,Both,2.968256950378418
COL1A2,Both,2.405348777770996
COL1A2,Both,2.6189005374908447
COL1A2,Both,3.019965410232544
COL1A2,Both,2.338130235671997
COL1A2,Both,2.521934747695923
COL1A2,Both,2.5932445526123047
COL1A2,Both,2.693068265914917
COL1A2,Both,2.622441053390503
COL1A2,Both,2.5279719829559326
COL1A2,Both,2.1838741302490234
COL1A2,Both,2.9786131381988525
COL1A2,Both,2.743720769882202
COL1A2,Both,3.0566470623016357
COL1A2,Both,2.652254819869995
COL1A2,Both,2.7741456031799316
COL1A2,Both,2.647460460662842
COL1A2,Both,2.6500601768493652
COL1A2,Both,2.8122353553771973
COL1A2,Both,2.726640224456787
COL1A2,Both,2.5940442085266113
COL1A2,Both,2.302671432495117
COL1A2,Both,2.311208724975586
COL1A2,Both,2.044165849685669
COL1A2,Both,2.947469472885132
COL1A2,Both,2.631186008453369
COL1A2,Both,2.831122398376465
COL1A2,Both,2.638915777206421
COL1A2,Both,2.6962835788726807
COL1A2,Both,2.663825511932373
COL1A2,Both,2.1554160118103027
COL1A2,Both,3.127943992614746
COL1A2,Both,2.507235050201416
COL1A2,Both,2.6287519931793213
COL1A2,Both,2.711653232574463
COL1A2,Both,2.7000837326049805
COL1A2,Both,2.346163034439087
COL1A2,Both,2.8177011013031006
COL1A2,Both,2.662539482116699
COL1A2,Both,2.2588324546813965
COL1A2,Both,2.775000810623169
COL1A2,Both,2.521939992904663
COL1A2,Both,2.5838840007781982
COL1A2,Both,2.705981731414795
COL1A2,Both,2.4192047119140625
COL1A2,Both,2.7084293365478516
COL1A2,Both,2.6961212158203125
COL1A2,Both,0.0
COL1A2,Both,2.670124053955078
COL1A2,Both,2.8716859817504883
COL1A2,Both,2.2179298400878906
COL1A2,Both,2.991244077682495
COL1A2,Both,2.7636353969573975
COL1A2,Both,3.172818660736084
COL1A2,Both,2.468146562576294
COL1A2,Both,2.570037841796875
COL1A2,Both,2.6059677600860596
COL1A2,Both,2.616840124130249
COL1A2,Both,2.513472318649292
COL1A2,Both,2.539856433868408
COL1A2,Both,2.3909759521484375
COL1A2,Both,2.631517171859741
COL1A2,Both,2.5381393432617188
COL1A2,Both,1.7573378086090088
COL1A2,Both,2.760526180267334
COL1A2,Both,2.8547234535217285
COL1A2,Both,2.1422035694122314
COL1A2,Both,2.545384407043457
COL1A2,Both,3.164717674255371
COL1A2,Both,2.8441312313079834
COL1A2,Both,2.531390905380249
COL1A2,Both,2.890714406967163
COL1A2,Both,2.7315797805786133
COL1A2,Both,2.698920488357544
COL1A2,Both,2.6207902431488037
COL1A2,Both,2.547010898590088
COL1A2,Both,2.7266361713409424
COL1A2,Both,2.6133337020874023
COL1A2,Both,2.8126742839813232
COL1A2,Both,2.599330186843872
COL1A2,Both,2.0013763904571533
COL1A2,Both,2.305025339126587
COL1A2,Both,2.842440605163574
COL1A2,Both,2.7165427207946777
COL1A2,Both,2.6106514930725098
COL1A2,Both,2.732088088989258
COL1A2,Both,2.550070285797119
COL1A2,Both,3.0725011825561523
COL1A2,Both,2.744633913040161
COL1A2,Both,2.813133716583252
COL1A2,Both,2.350252389907837
COL1A2,Both,2.537792682647705
COL1A2,Both,2.6734864711761475
COL1A2,Both,2.827624559402466
COL1A2,Both,2.6928250789642334
COL1A2,Both,2.7732863426208496
COL1A2,Both,2.6152963638305664
COL1A2,Both,2.6173934936523438
COL1A2,Both,2.3083627223968506
COL1A2,Both,2.7158844470977783
COL1A2,Both,2.4507129192352295
COL1A2,Both,2.5856456756591797
COL1A2,Both,2.645845890045166
COL1A2,Both,3.009934663772583
COL1A2,Both,2.3223371505737305
COL1A2,Both,3.019726037979126
COL1A2,Both,2.6270625591278076
COL1A2,Both,2.332613229751587
COL1A2,Both,2.865363359451294
COL1A2,Both,2.8129680156707764
COL1A2,Both,2.7940337657928467
COL1A2,Both,2.782928228378296
COL1A2,Both,2.6468124389648438
COL1A2,Both,2.6390023231506348
COL1A2,Both,2.7200942039489746
COL1A2,Both,2.965121269226074
COL1A2,Both,2.0465328693389893
COL1A2,Both,2.920808792114258
COL1A2,Both,2.546161651611328
COL1A2,Both,2.795579433441162
COL1A2,Both,2.70515513420105
COL1A2,Both,2.9207229614257812
COL1A2,Both,2.631007194519043
COL1A2,Both,1.7808362245559692
COL1A2,Both,2.789090633392334
COL1A2,Both,2.541503667831421
COL1A2,Both,2.6813361644744873
COL1A2,Both,2.702881336212158
COL1A2,Both,2.692078113555908
COL1A2,Both,2.3584201335906982
COL1A2,Both,3.0014805793762207
COL1A2,Both,2.658369302749634
COL1A2,Both,2.509096622467041
COL1A2,Both,3.135104179382324
COL1A2,Both,2.847048759460449
COL1A2,Both,2.444937229156494
COL1A2,Both,2.239089012145996
COL1A2,Both,2.4577529430389404
COL1A2,Both,2.8534367084503174
COL1A2,Both,2.981309175491333
COL1A2,Both,2.8501017093658447
COL1A2,Both,2.849546432495117
COL1A2,Both,2.729447364807129
COL1A2,Both,2.5481810569763184
COL1A2,Both,2.8402342796325684
COL1A2,Both,2.6389267444610596
COL1A2,Both,2.8502252101898193
COL1A2,Both,3.045254945755005
COL1A2,Both,1.9341685771942139
COL1A2,Both,2.759559154510498
COL1A2,Both,2.4173226356506348
COL1A2,Both,2.826259136199951
COL1A2,Both,2.2763121128082275
COL1A2,Both,3.020322799682617
COL1A2,Both,2.9868571758270264
COL1A2,Both,2.930048704147339
COL1A2,Both,2.333827257156372
COL1A2,Both,1.5744671821594238
COL1A2,Both,3.153453826904297
COL1A2,Both,2.9126710891723633
COL1A2,Both,2.8401248455047607
COL1A2,Both,2.633263111114502
COL1A2,Both,2.762376070022583
COL1A2,Both,2.688401460647583
COL1A2,Both,2.9879443645477295
COL1A2,Both,2.715658664703369
COL1A2,Both,2.898995876312256
COL1A2,Both,2.625016212463379
COL1A2,Both,2.91630482673645
COL1A2,Both,2.5794830322265625
COL1A2,Both,2.514167070388794
COL1A2,Both,2.407876491546631
COL1A2,Both,2.9027934074401855
COL1A2,Both,2.649827241897583
COL1A2,Both,2.531529426574707
COL1A2,Both,2.430537223815918
COL1A2,Both,2.627009391784668
COL1A2,Both,2.652757167816162
COL1A2,Both,2.7570109367370605
COL1A2,Both,2.460320234298706
COL1A2,Both,2.8307223320007324
COL1A2,Both,2.611862897872925
COL1A2,Both,2.569214344024658
COL1A2,Both,2.5942676067352295
COL1A2,Both,2.680919885635376
COL1A2,Both,2.7996597290039062
COL1A2,Both,2.9058644771575928
COL1A2,Both,2.9490180015563965
COL1A2,Both,3.1624674797058105
COL1A2,Both,2.733337879180908
COL1A2,Both,3.017489194869995
COL1A2,Both,2.421273708343506
COL1A2,Both,2.948065757751465
COL1A2,Both,3.012817621231079
COL1A2,Both,2.822570323944092
COL1A2,Both,2.6182031631469727
COL1A2,Both,2.8772058486938477
COL1A2,Both,2.5786991119384766
COL1A2,Both,3.040825843811035
COL1A2,Both,3.024319887161255
COL1A2,Both,2.9789962768554688
COL1A2,Both,3.137892246246338
COL1A2,Both,2.850489854812622
COL1A2,Both,2.633265256881714
COL1A2,Both,2.988959312438965
COL1A2,Both,2.957951545715332
COL1A2,Both,2.1558518409729004
COL1A2,Both,3.006276845932007
COL1A2,Both,2.648149251937866
COL1A2,Both,3.0064547061920166
COL1A2,Both,2.9331538677215576
COL1A2,Both,2.527479648590088
COL1A2,Both,2.911574125289917
COL1A2,Both,1.860363245010376
COL1A2,Both,2.8394861221313477
COL1A2,Both,2.357405424118042
COL1A2,Both,2.732618808746338
COL1A2,Both,2.770329475402832
COL1A2,Both,2.4370014667510986
COL1A2,Both,2.7380239963531494
COL1A2,Both,3.1024200916290283
COL1A2,Both,2.78200101852417
COL1A2,Both,2.9645354747772217
COL1A2,Both,2.7247812747955322
COL1A2,Both,3.1908504962921143
COL1A2,Both,3.068876266479492
COL1A2,Both,2.8538568019866943
COL1A2,Both,2.8950488567352295
COL1A2,Both,2.776235342025757
COL1A2,Both,2.8233277797698975
COL1A2,Both,2.725698471069336
COL1A2,Both,2.8172667026519775
COL1A2,Both,2.502004384994507
COL1A2,Both,2.500218629837036
COL1A2,Both,2.6081888675689697
COL1A2,Both,2.699355125427246
COL1A2,Both,2.791400909423828
COL1A2,Both,2.9422662258148193
COL1A2,Both,3.094146251678467
COL1A2,Both,2.7683353424072266
COL1A2,Both,2.792574882507324
COL1A2,Both,2.5125186443328857
COL1A2,Both,2.566427707672119
COL1A2,Both,2.9004876613616943
COL1A2,Both,2.747446298599243
COL1A2,Both,2.910508155822754
COL1A2,Both,2.8309285640716553
COL1A2,Both,2.776838779449463
COL1A2,Both,2.668236494064331
COL1A2,Both,2.8886301517486572
COL1A2,Both,2.9081270694732666
COL1A2,Both,2.6894452571868896
COL1A2,Both,2.736572027206421
COL1A2,Both,2.8315513134002686
COL1A2,Both,2.9664673805236816
COL1A2,Both,2.8132224082946777
COL1A2,Both,2.41507625579834
COL1A2,Both,2.6592419147491455
COL1A2,Both,2.9204766750335693
COL1A2,Both,2.630082368850708
COL1A2,Both,2.4857518672943115
COL1A2,Both,2.9401473999023438
COL1A2,Both,2.711824417114258
COL1A2,Both,3.077944278717041
COL1A2,Both,2.8804850578308105
COL1A2,Both,2.982961893081665
COL1A2,Both,2.2088255882263184
COL1A2,Both,2.5105233192443848
COL1A2,Both,2.874499797821045
COL1A2,Both,2.7199182510375977
COL1A2,Both,2.2444229125976562
COL1A2,Both,2.775886297225952
COL1A2,Both,2.663125514984131
COL1A2,Both,2.9134387969970703
COL1A2,Both,2.629784345626831
COL1A2,Both,3.0160326957702637
COL1A2,Both,2.5366594791412354
COL1A2,Both,2.8052003383636475
COL1A2,Both,2.9339780807495117
COL1A2,Both,2.5943233966827393
COL1A2,Both,3.0015056133270264
COL1A2,Both,2.7057383060455322
COL1A2,Both,3.0994744300842285
COL1A2,Both,2.9568889141082764
COL1A2,Both,2.658191442489624
COL1A2,Both,2.866567373275757
COL1A2,Both,2.7494301795959473
COL1A2,Both,2.636410713195801
COL1A2,Both,2.8347151279449463
COL1A2,Both,2.625199794769287
COL1A2,Both,3.0392088890075684
COL1A2,Both,2.698613405227661
COL1A2,Both,2.7554073333740234
COL1A2,Both,3.0035088062286377
COL1A2,Both,2.5750715732574463
COL1A2,Both,2.6579504013061523
COL1A2,Both,2.1576414108276367
COL1A2,Both,2.714766263961792
COL1A2,Both,2.2115731239318848
COL1A2,Both,2.52790904045105
COL1A2,Both,2.744392156600952
COL1A2,Both,2.9624669551849365
COL1A2,Both,2.5716450214385986
COL1A2,Both,1.629542350769043
COL1A2,Both,2.8874430656433105
COL1A2,Both,2.877452850341797
COL1A2,Both,2.717585325241089
COL1A2,Both,2.9080748558044434
COL1A2,Both,3.0556344985961914
COL1A2,Both,2.7775397300720215
COL1A2,Both,3.186715841293335
COL1A2,Both,2.8897132873535156
COL1A2,Both,2.465524673461914
COL1A2,Both,2.7940480709075928
COL1A2,Both,2.92795729637146
COL1A2,Both,2.5367865562438965
COL1A2,Both,2.9667298793792725
COL1A2,Both,1.8431963920593262
COL1A2,Both,2.6913001537323
COL1A2,Both,2.7290053367614746
COL1A2,Both,2.674448013305664
COL1A2,Both,2.921126127243042
COL1A2,Both,3.0480165481567383
COL1A2,Both,2.888338565826416
COL1A2,Both,2.9397029876708984
COL1A2,Both,2.732584238052368
COL1A2,Both,2.765981912612915
COL1A2,Both,2.8356637954711914
COL1A2,Both,2.419847011566162
COL1A2,Both,2.6037189960479736
COL1A2,Both,2.2456159591674805
COL1A2,Both,3.0610036849975586
COL1A2,Both,2.051448106765747
COL1A2,Both,3.038789987564087
COL1A2,Both,3.429370641708374
COL1A2,Both,2.9350645542144775
COL1A2,Both,2.401073455810547
COL1A2,Both,2.573434352874756
COL1A2,Both,2.55619478225708
COL1A2,Both,2.862729787826538
COL1A2,Both,2.8552138805389404
COL1A2,Both,2.4886627197265625
COL1A2,Both,2.7905914783477783
COL1A2,Both,2.8931851387023926
COL1A2,Both,2.906531572341919
COL1A2,Both,2.708808660507202
COL1A2,Both,3.226989269256592
COL1A2,Both,2.6562530994415283
COL1A2,Both,2.586189031600952
COL1A2,Both,2.7863619327545166
COL1A2,Both,2.6510117053985596
COL1A2,Both,2.674517869949341
COL1A2,Both,2.8621582984924316
COL1A2,Both,2.9406301975250244
COL1A2,Both,2.7562756538391113
COL1A2,Both,3.031792163848877
COL1A2,Both,3.1388940811157227
COL1A2,Both,2.877068042755127
COL1A2,Both,2.741903066635132
COL1A2,Both,2.8875412940979004
COL1A2,Both,2.8328137397766113
COL1A2,Both,2.76767897605896
COL1A2,Both,2.697669744491577
COL1A2,Both,2.8775172233581543
COL1A2,Both,2.779733896255493
COL1A2,Both,2.621901273727417
COL1A2,Both,2.828627824783325
COL1A2,Both,2.7932753562927246
COL1A2,Both,2.239222526550293
COL1A2,Both,2.247087240219116
COL1A2,Both,2.675808906555176
COL1A2,Both,2.874739646911621
COL1A2,Both,2.3866796493530273
COL1A2,Both,2.9877617359161377
COL1A2,Both,2.973587989807129
COL1A2,Both,2.8231027126312256
COL1A2,Both,2.7679479122161865
COL1A2,Both,2.8000595569610596
COL1A2,Both,3.097047805786133
COL1A2,Both,3.1395483016967773
COL1A2,Both,2.4542787075042725
COL1A2,Both,2.462462902069092
COL1A2,Both,2.664534568786621
COL1A2,Both,2.53877329826355
COL1A2,Both,2.6297502517700195
COL1A2,Both,2.714508295059204
COL1A2,Both,2.8140480518341064
COL1A2,Both,2.563885450363159
COL1A2,Both,2.913318395614624
COL1A2,Both,2.8424911499023438
COL1A2,Both,2.893653154373169
COL1A2,Both,2.449092388153076
COL1A2,Both,2.6651742458343506
COL1A2,Both,1.2334985733032227
COL1A2,Both,2.719015598297119
COL1A2,Both,2.5723495483398438
COL1A2,Both,2.905658483505249
COL1A2,Both,2.3357536792755127
COL1A2,Both,2.7420058250427246
COL1A2,Both,3.342599391937256
COL1A2,Both,2.581780195236206
COL1A2,Both,2.98006534576416
COL1A2,Both,3.1539089679718018
COL1A2,Both,2.265439748764038
COL1A2,Both,2.1774606704711914
COL1A2,Both,2.896196126937866
COL1A2,Both,2.8834166526794434
COL1A2,Both,2.679802894592285
COL1A2,Both,2.8903722763061523
COL1A2,Both,2.94297194480896
COL1A2,Both,2.4031548500061035
COL1A2,Both,2.824307441711426
COL1A2,Both,2.751725435256958
COL1A2,Both,2.9948203563690186
COL1A2,Both,3.1460444927215576
COL1A2,Both,2.585768699645996
COL1A2,Both,3.2084124088287354
COL1A2,Both,2.0818698406219482
COL1A2,Both,3.045170545578003
COL1A2,Both,2.844757556915283
COL1A2,Both,2.831148147583008
COL1A2,Both,2.8142006397247314
COL1A2,Both,2.825648069381714
COL1A2,Both,2.781773090362549
COL1A2,Both,2.629058837890625
COL1A2,Both,2.5990333557128906
COL1A2,Both,2.323544502258301
COL1A2,Both,2.7570998668670654
COL1A2,Both,1.990628957748413
COL1A2,Both,2.599362373352051
COL1A2,Both,2.5317935943603516
COL1A2,Both,2.606200695037842
COL1A2,Both,2.6141281127929688
COL1A2,Both,2.438401222229004
COL1A2,Both,2.2904622554779053
COL1A2,Both,2.47418475151062
COL1A2,Both,2.3851876258850098
COL1A2,Both,2.3557872772216797
COL1A2,Both,2.6107187271118164
COL1A2,Both,2.5981576442718506
COL1A2,Both,2.5059938430786133
COL1A2,Both,2.2509427070617676
COL1A2,Both,2.9481754302978516
COL1A2,Both,2.778032064437866
COL1A2,Both,2.3620636463165283
COL1A2,Both,2.529269218444824
COL1A2,Both,2.654472827911377
COL1A2,Both,2.465954065322876
COL1A2,Both,1.9506605863571167
COL1A2,Both,2.2125210762023926
COL1A2,Both,2.3158841133117676
COL1A2,Both,1.9321880340576172
COL1A2,Both,2.3744940757751465
COL1A2,Both,2.5777831077575684
COL1A2,Both,2.579165458679199
COL1A2,Both,2.4830658435821533
COL1A2,Both,2.5201971530914307
COL1A2,Both,2.5749356746673584
COL1A2,Both,2.474634885787964
COL1A2,Both,2.523715019226074
COL1A2,Both,2.407895088195801
COL1A2,Both,2.5275328159332275
COL1A2,Both,2.26259183883667
COL1A2,Both,2.3799166679382324
COL1A2,Both,2.1353607177734375
COL1A2,Both,2.646350860595703
COL1A2,Both,2.5893940925598145
COL1A2,Both,2.531423568725586
COL1A2,Both,2.6505675315856934
COL1A2,Both,2.2354533672332764
COL1A2,Both,2.385261058807373
COL1A2,Both,2.684915542602539
COL1A2,Both,2.753631830215454
COL1A2,Both,2.5921144485473633
COL1A2,Both,2.4881834983825684
COL1A2,Both,2.7063333988189697
COL1A2,Both,2.357748031616211
COL1A2,Both,1.9897491931915283
COL1A2,Both,2.3966777324676514
COL1A2,Both,2.5962820053100586
COL1A2,Both,2.0882279872894287
COL1A2,Both,2.159545421600342
COL1A2,Both,2.3772079944610596
COL1A2,Both,2.378265857696533
COL1A2,Both,2.585869312286377
COL1A2,Both,2.574526309967041
COL1A2,Both,2.535414457321167
COL1A2,Both,2.2333099842071533
COL1A2,Both,2.438767194747925
COL1A2,Both,2.3301095962524414
COL1A2,Both,2.7599966526031494
COL1A2,Both,2.5938475131988525
COL1A2,Both,2.615083694458008
COL1A2,Both,2.6029956340789795
COL1A2,Both,2.506063222885132
COL1A2,Both,2.7221577167510986
COL1A2,Both,2.578125238418579
COL1A2,Both,2.1857240200042725
COL1A2,Both,2.484835147857666
COL1A2,Both,2.495891809463501
COL1A2,Both,2.545898675918579
COL1A2,Both,2.6738014221191406
COL1A2,Both,2.4873836040496826
COL1A2,Both,2.364276885986328
COL1A2,Both,1.605177640914917
COL1A2,Both,1.6041065454483032
COL1A2,Both,2.412260055541992
COL1A2,Both,2.4735958576202393
COL1A2,Both,2.459768056869507
COL1A2,Both,2.0694704055786133
COL1A2,Both,2.5426928997039795
COL1A2,Both,2.471287488937378
COL1A2,Both,2.088104009628296
COL1A2,Both,2.4650943279266357
COL1A2,Both,2.1994435787200928
COL1A2,Both,1.785603642463684
COL1A2,Both,2.438462734222412
COL1A2,Both,2.3157424926757812
COL1A2,Both,2.4552340507507324
COL1A2,Both,2.4183156490325928
COL1A2,Both,2.555819511413574
COL1A2,Both,2.429636001586914
COL1A2,Both,2.626831293106079
COL1A2,Both,2.183363199234009
COL1A2,Both,2.3599586486816406
COL1A2,Both,2.836282968521118
COL1A2,Both,2.7864973545074463
COL1A2,Both,2.5241219997406006
COL1A2,Both,2.4325432777404785
COL1A2,Both,2.4625964164733887
COL1A2,Both,2.6178669929504395
COL1A2,Both,2.3279826641082764
COL1A2,Both,2.693351984024048
COL1A2,Both,2.6813647747039795
COL1A2,Both,2.47477388381958
COL1A2,Both,2.2173635959625244
COL1A2,Both,2.778580665588379
COL1A2,Both,2.715277671813965
COL1A2,Both,2.475822925567627
COL1A2,Both,2.3861892223358154
COL1A2,Both,2.3021297454833984
COL1A2,Both,2.4112355709075928
COL1A2,Both,2.1367993354797363
COL1A2,Both,2.3184475898742676
COL1A2,Both,2.724294900894165
COL1A2,Both,1.939784288406372
COL1A2,Both,2.252828359603882
COL1A2,Both,2.4926981925964355
COL1A2,Both,2.2065811157226562
COL1A2,Both,2.6091909408569336
COL1A2,Both,2.297593832015991
COL1A2,Both,2.4880714416503906
COL1A2,Both,2.9021518230438232
COL1A2,Both,2.1320507526397705
COL1A2,Both,2.420351028442383
COL1A2,Both,2.6406800746917725
COL1A2,Both,2.3285574913024902
COL1A2,Both,2.6795008182525635
COL1A2,Both,2.560483694076538
COL1A2,Both,1.7811579704284668
COL1A2,Both,2.80875563621521
COL1A2,Both,2.5419952869415283
COL1A2,Both,2.203969717025757
COL1A2,Both,2.4045848846435547
COL1A2,Both,2.482786178588867
COL1A2,Both,2.382551670074463
COL1A2,Both,2.5520548820495605
COL1A2,Both,2.612305164337158
COL1A2,Both,2.7327773571014404
COL1A2,Both,2.4359805583953857
COL1A2,Both,2.72184157371521
COL1A2,Both,2.3847193717956543
COL1A2,Both,2.4569578170776367
COL1A2,Both,2.5056169033050537
COL1A2,Both,2.4456043243408203
COL1A2,Both,2.3391759395599365
COL1A2,Both,1.8634977340698242
COL1A2,Both,2.687791347503662
COL1A2,Both,2.2337496280670166
COL1A2,Both,2.370823621749878
COL1A2,Both,2.37591814994812
COL1A2,Both,2.306448221206665
COL1A2,Both,2.6238861083984375
COL1A2,Both,2.1365208625793457
COL1A2,Both,2.605222463607788
COL1A2,Both,2.3009862899780273
COL1A2,Both,2.2590198516845703
COL1A2,Both,2.2436130046844482
COL1A2,Both,2.0283730030059814
COL1A2,Both,2.3137588500976562
COL1A2,Both,2.230365753173828
COL1A2,Both,2.1360068321228027
COL1A2,Both,0.0
COL1A2,Both,2.441895008087158
COL1A2,Both,2.8348724842071533
COL1A2,Both,2.4604904651641846
COL1A2,Both,2.624389410018921
COL1A2,Both,2.494536876678467
COL1A2,Both,2.7175891399383545
COL1A2,Both,2.6623923778533936
COL1A2,Both,2.8573782444000244
COL1A2,Both,2.1526880264282227
COL1A2,Both,2.2598488330841064
COL1A2,Both,2.3388760089874268
COL1A2,Both,2.8313889503479004
COL1A2,Both,2.7155344486236572
COL1A2,Both,2.5054996013641357
COL1A2,Both,1.8866206407546997
COL1A2,Both,2.705726146697998
COL1A2,Both,2.7437245845794678
COL1A2,Both,2.4946885108947754
COL1A2,Both,3.0201609134674072
COL1A2,Both,2.563493013381958
COL1A2,Both,2.906989812850952
COL1A2,Both,2.5261294841766357
COL1A2,Both,2.6525800228118896
COL1A2,Both,2.381985664367676
COL1A2,Both,2.0773656368255615
COL1A2,Both,3.0928878784179688
COL1A2,Both,2.6061112880706787
COL1A2,Both,2.634249210357666
COL1A2,Both,2.6338257789611816
COL1A2,Both,2.5150251388549805
COL1A2,Both,2.6756608486175537
COL1A2,Both,2.463519334793091
COL1A2,Both,2.733266830444336
COL1A2,Both,0.8247472047805786
COL1A2,Both,2.247987747192383
COL1A2,Both,0.08906285464763641
COL1A2,Both,2.7301723957061768
COL1A2,Both,2.657773733139038
COL1A2,Both,1.3437949419021606
COL1A2,Both,3.3408212661743164
COL1A2,Both,2.9011569023132324
COL1A2,Both,2.821390151977539
COL1A2,Both,2.5853829383850098
COL1A2,Both,1.8176406621932983
COL1A2,Both,0.0
COL1A2,Both,3.441314220428467
COL1A2,Both,2.837995767593384
COL1A2,Both,1.6224744319915771
COL1A2,Both,2.054244041442871
COL1A2,Both,3.3821182250976562
COL1A2,Both,2.038896083831787
COL1A2,Both,2.6995880603790283
COL1A2,Both,3.4899394512176514
COL1A2,Both,1.2716821432113647
COL1A2,Both,1.1524847745895386
COL1A2,Both,3.2108304500579834
COL1A2,Both,0.0
COL1A2,Both,2.683424472808838
COL1A2,Both,0.0
COL1A2,Both,2.411374568939209
COL1A2,Both,2.8859713077545166
COL1A2,Both,1.967995285987854
COL1A2,Both,2.641939163208008
COL1A2,Both,2.033663749694824
COL1A2,Both,2.5226807594299316
COL1A2,Both,0.12316983938217163
COL1A2,Both,2.1320223808288574
COL1A2,Both,2.9354100227355957
COL1A2,Both,0.3648409843444824
COL1A2,Both,1.3141839504241943
COL1A2,Both,2.0905911922454834
COL1A2,Both,2.317016124725342
COL1A2,Both,0.0
COL1A2,Both,2.4732937812805176
COL1A2,Both,1.9854060411453247
COL1A2,Both,2.6908130645751953
COL1A2,Both,2.7266223430633545
COL1A2,Both,1.1524457931518555
COL1A2,Both,2.799978733062744
COL1A2,Both,2.5585429668426514
COL1A2,Both,2.7011027336120605
COL1A2,Both,2.577162504196167
COL1A2,Both,3.165971517562866
COL1A2,Both,0.48489242792129517
COL1A2,Both,2.8508026599884033
COL1A2,Both,2.8753738403320312
COL1A2,Both,0.7409078478813171
COL1A2,Both,2.6222586631774902
COL1A2,Both,1.6200621128082275
COL1A2,Both,0.0
COL1A2,Both,2.4280107021331787
COL1A2,Both,2.2106335163116455
COL1A2,Both,3.171383857727051
COL1A2,Both,1.0063517093658447
COL1A2,Both,3.356700897216797
COL1A2,Both,0.0
COL1A2,Both,0.8773806691169739
COL1A2,Both,1.5522239208221436
COL1A2,Both,1.8249695301055908
COL1A2,Both,3.125425338745117
COL1A2,Both,2.116243839263916
COL1A2,Both,2.4129340648651123
COL1A2,Both,2.2829771041870117
COL1A2,Both,2.180638551712036
COL1A2,Both,2.4464218616485596
COL1A2,Both,1.3377927541732788
COL1A2,Both,2.1605846881866455
COL1A2,Both,3.125211238861084
COL1A2,Both,2.0876710414886475
COL1A2,Both,2.888380289077759
COL1A2,Both,2.823106288909912
COL1A2,Both,2.2689270973205566
COL1A2,Both,1.0866196155548096
COL1A2,Both,2.2783689498901367
COL1A2,Both,2.30924654006958
COL1A2,Both,0.0
COL1A2,Both,2.2625985145568848
COL1A2,Both,2.8151347637176514
COL1A2,Both,0.9128416180610657
COL1A2,Both,2.7252073287963867
COL1A2,Both,2.8237061500549316
COL1A2,Both,2.125727891921997
COL1A2,Both,2.282400608062744
COL1A2,Both,1.4062837362289429
COL1A2,Both,2.3265719413757324
COL1A2,Both,3.1461472511291504
COL1A2,Both,1.625732183456421
COL1A2,Both,1.6671953201293945
COL1A2,Both,0.492819607257843
COL1A2,Both,1.9185724258422852
COL1A2,Both,2.7071926593780518
COL1A2,Both,1.8548521995544434
COL1A2,Both,0.0
COL1A2,Both,2.6598830223083496
COL1A2,Both,1.9101190567016602
COL1A2,Both,2.9476070404052734
COL1A2,Both,2.814490556716919
COL1A2,Both,1.2927707433700562
COL1A2,Both,2.905979633331299
COL1A2,Both,1.450953483581543
COL1A2,Both,3.0061416625976562
COL1A2,Both,2.635953664779663
COL1A2,Both,3.090559959411621
COL1A2,Both,2.4303107261657715
COL1A2,Both,2.8947813510894775
COL1A2,Both,2.349794864654541
COL1A2,Both,0.0
COL1A2,Both,1.684397578239441
COL1A2,Both,2.127728223800659
COL1A2,Both,2.0926060676574707
COL1A2,Both,3.510145664215088
COL1A2,Both,0.0
COL1A2,Both,2.7188658714294434
COL1A2,Both,2.0425055027008057
COL1A2,Both,2.342954158782959
COL1A2,Both,3.089000701904297
COL1A2,Both,2.3265023231506348
COL1A2,Both,3.1035244464874268
COL1A2,Both,1.4063737392425537
COL1A2,Both,2.578620195388794
COL1A2,Both,2.5399725437164307
COL1A2,Both,2.775383472442627
COL1A2,Both,1.5612120628356934
COL1A2,Both,1.9495948553085327
COL1A2,Both,2.152374744415283
COL1A2,Both,3.040414571762085
COL1A2,Both,0.0
COL1A2,Both,3.0556459426879883
COL1A2,Both,2.159318447113037
COL1A2,Both,2.073049545288086
COL1A2,Both,2.4293577671051025
COL1A2,Both,2.192476272583008
COL1A2,Both,1.7975152730941772
COL1A2,Both,2.229970932006836
COL1A2,Both,2.344879627227783
COL1A2,Both,2.900285005569458
COL1A2,Both,2.4498631954193115
COL1A2,Both,2.5632083415985107
COL1A2,Both,1.6338790655136108
COL1A2,Both,1.8775603771209717
COL1A2,Both,3.1818203926086426
COL1A2,Both,2.64631986618042
COL1A2,Both,2.656468152999878
COL1A2,Both,2.8533802032470703
COL1A2,Both,2.0873935222625732
COL1A2,Both,2.439906597137451
COL1A2,Both,2.4754767417907715
COL1A2,Both,2.846102714538574
COL1A2,Both,2.2176997661590576
COL1A2,Both,2.490705966949463
COL1A2,Both,3.0888237953186035
COL1A2,Both,2.2049646377563477
COL1A2,Both,0.9809110164642334
COL1A2,Both,2.3709170818328857
COL1A2,Both,0.7302039265632629
COL1A2,Both,2.987088203430176
COL1A2,Both,0.0
COL1A2,Both,1.9609862565994263
COL1A2,Both,3.011704444885254
COL1A2,Both,2.8019402027130127
COL1A2,Both,2.8102455139160156
COL1A2,Both,2.7161173820495605
COL1A2,Both,1.5564496517181396
COL1A2,Both,0.0
COL1A2,Both,2.5723931789398193
COL1A2,Both,2.5876660346984863
COL1A2,Both,0.0
COL1A2,Both,1.3917486667633057
COL1A2,Both,1.9845144748687744
COL1A2,Both,1.6000332832336426
COL1A2,Both,0.8431375026702881
COL1A2,Both,2.8245468139648438
COL1A2,Both,0.6123214364051819
COL1A2,Both,0.0
COL1A2,Both,2.7834298610687256
COL1A2,Both,2.136155128479004
COL1A2,Both,2.59320330619812
COL1A2,Both,0.0237213596701622
COL1A2,Both,2.5066964626312256
COL1A2,Both,2.8265724182128906
COL1A2,Both,3.1311800479888916
COL1A2,Both,0.7843309044837952
COL1A2,Both,0.9255380034446716
COL1A2,Both,2.4595043659210205
COL1A2,Both,0.47734981775283813
COL1A2,Both,1.6163522005081177
COL1A2,Both,2.3035669326782227
COL1A2,Both,2.4337263107299805
COL1A2,Both,2.6047987937927246
COL1A2,Both,0.0
COL1A2,Both,2.6130940914154053
COL1A2,Both,0.6323142647743225
COL1A2,Both,2.9485158920288086
COL1A2,Both,3.5424599647521973
COL1A2,Both,2.606905460357666
COL1A2,Both,2.8801510334014893
COL1A2,Both,0.5043427348136902
COL1A2,Both,2.899700880050659
COL1A2,Both,3.0028934478759766
COL1A2,Both,2.624147891998291
COL1A2,Both,0.20098574459552765
COL1A2,Both,0.7284631133079529
COL1A2,Both,2.615067720413208
COL1A2,Both,1.9191313982009888
COL1A2,Both,2.856337547302246
COL1A2,Both,2.636164903640747
COL1A2,Both,2.5631673336029053
COL1A2,Both,1.9800385236740112
COL1A2,Both,0.0
COL1A2,Both,2.6368870735168457
COL1A2,Both,2.1727638244628906
COL1A2,Both,2.538572311401367
COL1A2,Both,1.6948745250701904
COL1A2,Both,2.4382286071777344
COL1A2,Both,2.914689540863037
COL1A2,Both,0.7531702518463135
COL1A2,Both,0.5360680818557739
COL1A2,Both,2.516266107559204
COL1A2,Both,1.1631723642349243
COL1A2,Both,0.6589120030403137
COL1A2,Both,1.11049485206604
COL1A2,Both,2.0369553565979004
COL1A2,Both,2.526913642883301
COL1A2,Both,2.4846372604370117
COL1A2,Both,1.5407516956329346
COL1A2,Both,0.8045899271965027
COL1A2,Both,2.0778915882110596
COL1A2,Both,2.6886603832244873
COL1A2,Both,3.3223350048065186
COL1A2,Both,0.437630832195282
COL1A2,Both,0.16174671053886414
COL1A2,Both,2.9637084007263184
COL1A2,Both,0.0
COL1A2,Both,3.0493199825286865
COL1A2,Both,3.0108673572540283
COL1A2,Both,2.304579734802246
COL1A2,Both,1.951124906539917
COL1A2,Both,2.507091999053955
COL1A2,Both,0.0
COL1A2,Both,0.058530986309051514
COL1A2,Both,0.8393398523330688
COL1A2,Both,2.457728385925293
COL1A2,Both,2.008425235748291
COL1A2,Both,2.0822153091430664
COL1A2,Both,2.325317144393921
COL1A2,Both,1.880852460861206
COL1A2,Both,2.770519495010376
COL1A2,Both,0.65986567735672
COL1A2,Both,2.1546056270599365
COL1A2,Both,2.780613422393799
COL1A2,Both,3.0345494747161865
COL1A2,Both,2.1422548294067383
COL1A2,Both,3.3636369705200195
COL1A2,Both,2.3303940296173096
COL1A2,Both,3.4036431312561035
COL1A2,Both,3.6840009689331055
COL1A2,Both,2.3238494396209717
COL1A2,Both,2.772271156311035
COL1A2,Both,0.8072702884674072
COL1A2,Both,0.0
COL1A2,Both,2.642035484313965
COL1A2,Both,0.03184259310364723
COL1A2,Both,3.0756494998931885
COL1A2,Both,0.4326026439666748
COL1A2,Both,2.705188274383545
COL1A2,Both,2.447375535964966
COL1A2,Both,2.457273006439209
COL1A2,Both,2.817814588546753
COL1A2,Both,2.418210506439209
COL1A2,Both,2.9840362071990967
COL1A2,Both,2.3154985904693604
COL1A2,Both,2.8548545837402344
COL1A2,Both,2.564098596572876
COL1A2,Both,2.592630386352539
COL1A2,Both,1.9245738983154297
COL1A2,Both,2.468015432357788
COL1A2,Both,2.3123433589935303
COL1A2,Both,0.0
COL1A2,Both,1.5707762241363525
COL1A2,Both,2.303065061569214
COL1A2,Both,2.845815420150757
COL1A2,Both,2.9606406688690186
COL1A2,Both,1.78523588180542
COL1A2,Both,0.5848866701126099
COL1A2,Both,0.0
COL1A2,Both,0.5597406625747681
COL1A2,Both,2.490591287612915
COL1A2,Both,1.4814661741256714
COL1A2,Both,2.9362728595733643
COL1A2,Both,3.0584189891815186
COL1A2,Both,2.0535850524902344
COL1A2,Both,1.2044861316680908
COL1A2,Both,2.4520790576934814
COL1A2,Both,3.110872745513916
COL1A2,Both,2.287912130355835
COL1A2,Both,3.013929605484009
COL1A2,Both,2.4246604442596436
COL1A2,Both,1.95025634765625
COL1A2,Both,2.7211415767669678
COL1A2,Both,2.9854488372802734
COL1A2,Both,2.094963788986206
COL1A2,Both,2.61350679397583
COL1A2,Both,2.7257461547851562
COL1A2,Both,0.05142717808485031
COL1A2,Both,3.233570098876953
COL1A2,Both,3.0925424098968506
COL1A2,Both,3.1115283966064453
COL1A2,Both,2.6649317741394043
COL1A2,Both,2.651946783065796
COL1A2,Both,2.6401119232177734
COL1A2,Both,2.3465497493743896
COL1A2,Both,2.1765832901000977
COL1A2,Both,0.0
COL1A2,Both,0.0
COL1A2,Both,2.0231666564941406
COL1A2,Both,2.4782612323760986
COL1A2,Both,2.5212087631225586
COL1A2,Both,2.408276319503784
COL1A2,Both,1.7102577686309814
COL1A2,Both,2.4480648040771484
COL1A2,Both,2.5551114082336426
COL1A2,Both,1.5126186609268188
COL1A2,Both,2.101011276245117
COL1A2,Both,1.8819628953933716
COL1A2,Both,2.022414207458496
COL1A2,Both,2.6816606521606445
COL1A2,Both,1.9374804496765137
COL1A2,Both,2.1372885704040527
COL1A2,Both,2.9638116359710693
COL1A2,Both,2.202517509460449
COL1A2,Both,2.34130859375
COL1A2,Both,2.614724636077881
COL1A2,Both,2.1923229694366455
COL1A2,Both,1.5564460754394531
COL1A2,Both,2.7399771213531494
COL1A2,Both,2.7733206748962402
COL1A2,Both,0.0
COL1A2,Both,2.3086447715759277
COL1A2,Both,0.0
COL1A2,Both,2.576211929321289
COL1A2,Both,2.4382786750793457
COL1A2,Both,2.3656005859375
COL1A2,Both,0.0
COL1A2,Both,2.3377575874328613
COL1A2,Both,0.0
COL1A2,Both,3.03761887550354
COL1A2,Both,3.0839905738830566
COL1A2,Both,2.7708568572998047
COL1A2,Both,0.16831864416599274
COL1A2,Both,0.0
COL1A2,Both,1.9568309783935547
COL1A2,Both,1.0186011791229248
COL1A2,Both,1.8053722381591797
COL1A2,Both,2.5589075088500977
COL1A2,Both,0.1600542813539505
COL1A2,Both,0.15536729991436005
COL1A2,Both,2.5575802326202393
COL1A2,Both,1.1045607328414917
COL1A2,Both,0.06379548460245132
COL1A2,Both,0.7768594026565552
COL1A2,Both,0.0
COL1A2,Both,1.5030630826950073
COL1A2,Both,2.191256284713745
COL1A2,Both,1.5292096138000488
COL1A2,Both,0.03001692332327366
COL1A2,Both,1.637970209121704
COL1A2,Both,2.031848192214966
COL1A2,Both,2.7096755504608154
COL1A2,Both,1.6032699346542358
COL1A2,Both,1.728773832321167
COL1A2,Both,1.880016803741455
COL1A2,Both,1.5120182037353516
COL1A2,Both,2.482511043548584
COL1A2,Both,1.6667160987854004
COL1A2,Both,1.6691384315490723
COL1A2,Both,1.7627274990081787
COL1A2,Both,1.7410751581192017
COL1A2,Both,3.004556179046631
COL1A2,Both,2.69734525680542
COL1A2,Both,2.3221027851104736
COL1A2,Both,0.5111584067344666
COL1A2,Both,2.4858410358428955
COL1A2,Both,2.5624594688415527
COL1A2,Both,2.9073691368103027
COL1A2,Both,2.64817476272583
COL1A2,Both,2.473289966583252
COL1A2,Both,2.3818511962890625
COL1A2,Both,2.5896737575531006
COL1A2,Both,2.308013439178467
COL1A2,Both,2.431135654449463
COL1A2,Both,1.6136643886566162
COL1A2,Both,1.7033629417419434
COL1A2,Both,2.2238454818725586
COL1A2,Both,2.377164840698242
COL1A2,Both,3.2932510375976562
COL1A2,Both,2.8107969760894775
COL1A2,Both,2.022221565246582
COL1A2,Both,2.2170872688293457
COL1A2,Both,2.0813708305358887
COL1A2,Both,2.271318197250366
COL1A2,Both,2.668330192565918
COL1A2,Both,2.4580702781677246
COL1A2,Both,1.5859931707382202
COL1A2,Both,2.299659252166748
COL1A2,Both,1.3105864524841309
COL1A2,Both,2.857527732849121
COL1A2,Both,1.3124971389770508
COL1A2,Both,1.7308597564697266
COL1A2,Both,1.1394330263137817
COL1A2,Both,0.11226368695497513
COL1A2,Both,0.35847601294517517
COL1A2,Both,1.8514900207519531
COL1A2,Both,1.9064443111419678
COL1A2,Both,1.803987979888916
COL1A2,Both,0.7813681364059448
COL1A2,Both,1.444786787033081
COL1A2,Both,2.4813504219055176
COL1A2,Both,2.7928037643432617
COL1A2,Both,2.587623119354248
COL1A2,Both,2.769569158554077
COL1A2,Both,3.0837321281433105
COL1A2,Both,2.1637847423553467
COL1A2,Both,0.5459581017494202
COL1A2,Both,0.06996616721153259
COL1A2,Both,2.6836886405944824
COL1A2,Both,3.0734658241271973
COL1A2,Both,2.9893555641174316
COL1A2,Both,0.0
COL1A2,Both,3.018866539001465
COL1A2,Both,3.109778642654419
COL1A2,Both,1.9999051094055176
COL1A2,Both,3.4809701442718506
COL1A2,Both,3.464376449584961
COL1A2,Both,3.355766534805298
COL1A2,Both,2.7114548683166504
COL1A2,Both,2.629495620727539
COL1A2,Both,3.1440374851226807
COL1A2,Both,3.026693820953369
COL1A2,Both,3.304117441177368
COL1A2,Both,2.9822890758514404
COL1A2,Both,3.1464905738830566
COL1A2,Both,3.6323864459991455
COL1A2,Both,2.0971498489379883
COL1A2,Both,3.4972379207611084
COL1A2,Both,3.3605589866638184
COL1A2,Both,2.0021047592163086
COL1A2,Both,1.716209053993225
COL1A2,Both,3.6453065872192383
COL1A2,Both,3.5655670166015625
COL1A2,Both,3.4181203842163086
COL1A2,Both,3.554440498352051
COL1A2,Both,3.429647445678711
COL1A2,Both,3.7868027687072754
COL1A2,Both,3.4405229091644287
COL1A2,Both,3.517688035964966
COL1A2,Both,3.3103630542755127
COL1A2,Both,3.460566759109497
COL1A2,Both,3.4389500617980957
COL1A2,Both,3.8202052116394043
COL1A2,Both,3.567941665649414
COL1A2,Both,3.7090072631835938
COL1A2,Both,3.3555171489715576
COL1A2,Both,3.4112038612365723
COL1A2,Both,3.5986413955688477
COL1A2,Both,3.2940609455108643
COL1A2,Both,3.51082706451416
COL1A2,Both,3.344820261001587
COL1A2,Both,3.55009388923645
COL1A2,Both,3.605527877807617
COL1A2,Both,3.6673192977905273
COL1A2,Both,3.463573932647705
COL1A2,Both,3.350524425506592
COL1A2,Both,3.910890817642212
COL1A2,Both,3.6528565883636475
COL1A2,Both,3.7054061889648438
COL1A2,Both,3.2182745933532715
COL1A2,Both,3.7205421924591064
COL1A2,Both,3.4364824295043945
COL1A2,Both,3.2228293418884277
COL1A2,Both,3.7550606727600098
COL1A2,Both,3.7994680404663086
COL1A2,Both,3.6335625648498535
COL1A2,Both,3.722099781036377
COL1A2,Both,3.365546226501465
COL1A2,Both,3.459371566772461
COL1A2,Both,3.4260640144348145
COL1A2,Both,3.690901517868042
COL1A2,Both,3.7805092334747314
COL1A2,Both,3.389491081237793
COL1A2,Both,3.597242832183838
COL1A2,Both,3.719370126724243
COL1A2,Both,3.499652862548828
COL1A2,Both,3.3885905742645264
COL1A2,Both,3.488107442855835
COL1A2,Both,3.790694236755371
COL1A2,Both,3.451181650161743
COL1A2,Both,3.5572361946105957
COL1A2,Both,3.453691244125366
COL1A2,Both,3.0343236923217773
COL1A2,Both,3.1958060264587402
COL1A2,Both,3.491621494293213
COL1A2,Both,3.077752113342285
COL1A2,Both,3.590961217880249
COL1A2,Both,3.74164080619812
COL1A2,Both,3.175279140472412
COL1A2,Both,3.6091208457946777
COL1A2,Both,3.224950075149536
COL1A2,Both,3.6328539848327637
COL1A2,Both,3.3904640674591064
COL1A2,Both,3.452157735824585
COL1A2,Both,3.51246976852417
COL1A2,Both,3.6184990406036377
COL1A2,Both,3.1448519229888916
COL1A2,Both,3.5158326625823975
COL1A2,Both,3.8742427825927734
COL1A2,Both,3.3477420806884766
COL1A2,Both,3.364715576171875
COL1A2,Both,3.539745807647705
COL1A2,Both,3.477187156677246
COL1A2,Both,3.2333004474639893
COL1A2,Both,3.344015598297119
COL1A2,Both,3.3152964115142822
COL1A2,Both,3.6960601806640625
COL1A2,Both,3.486677408218384
COL1A2,Both,3.0894618034362793
COL1A2,Both,3.273402214050293
COL1A2,Both,3.6158981323242188
COL1A2,Both,3.591700315475464
COL1A2,Both,3.6990485191345215
COL1A2,Both,3.7094926834106445
COL1A2,Both,3.221062660217285
COL1A2,Both,3.5282931327819824
COL1A2,Both,2.431777238845825
COL1A2,Both,2.9821557998657227
COL1A2,Both,2.510115623474121
COL1A2,Both,2.5631930828094482
COL1A2,Both,2.8085153102874756
COL1A2,Both,2.8012781143188477
COL1A2,Both,2.6446008682250977
COL1A2,Both,2.004359245300293
COL1A2,Both,2.7190752029418945
COL1A2,Both,2.972496747970581
COL1A2,Both,1.932537317276001
COL1A2,Both,2.6797053813934326
COL1A2,Both,2.9248366355895996
COL1A2,Both,2.2843592166900635
COL1A2,Both,0.0
COL1A2,Both,2.9157073497772217
COL1A2,Both,2.321349859237671
COL1A2,Both,2.8190455436706543
COL1A2,Both,3.0930709838867188
COL1A2,Both,2.8149757385253906
COL1A2,Both,2.537410020828247
COL1A2,Both,0.0
COL1A2,Both,3.0942533016204834
COL1A2,Both,3.3586924076080322
COL1A2,Both,3.3971104621887207
COL1A2,Both,3.1675596237182617
COL1A2,Both,3.125689744949341
COL1A2,Both,3.795318841934204
COL1A2,Both,3.2918930053710938
COL1A2,Both,3.3397433757781982
COL1A2,Both,3.2255373001098633
COL1A2,Both,3.571079730987549
COL1A2,Both,3.4673495292663574
COL1A2,Both,3.763134717941284
COL1A2,Both,3.7251076698303223
COL1A2,Both,3.722447395324707
COL1A2,Both,3.5088324546813965
COL1A2,Both,3.435056686401367
COL1A2,Both,3.37874698638916
COL1A2,Both,3.435743570327759
COL1A2,Both,3.481668472290039
COL1A2,Both,3.2776477336883545
COL1A2,Both,3.615452766418457
COL1A2,Both,3.506073236465454
COL1A2,Both,3.29240083694458
COL1A2,Both,2.975059986114502
COL1A2,Both,3.418951988220215
COL1A2,Both,2.700967788696289
COL1A2,Both,3.333599090576172
COL1A2,Both,2.8055577278137207
COL1A2,Both,3.465477228164673
COL1A2,Both,2.703490734100342
COL1A2,Both,2.457176923751831
COL1A2,Both,3.1450729370117188
COL1A2,Both,3.304579257965088
COL1A2,Both,2.9201245307922363
COL1A2,Both,3.7259199619293213
COL1A2,Both,2.9662015438079834
COL1A2,Both,2.944917917251587
COL1A2,Both,2.725052833557129
COL1A2,Both,2.5367836952209473
COL1A2,Both,3.1638002395629883
COL1A2,Both,3.4916837215423584
COL1A2,Both,3.08845853805542
COL1A2,Both,2.201812267303467
COL1A2,Both,2.9774234294891357
COL1A2,Both,3.265232563018799
COL1A2,Both,3.366501569747925
COL1A2,Both,2.9366509914398193
COL1A2,Both,3.6606340408325195
COL1A2,Both,3.619325637817383
COL1A2,Both,3.261383533477783
COL1A2,Both,3.0804834365844727
COL1A2,Both,3.0511295795440674
COL1A2,Both,3.5025713443756104
COL1A2,Both,3.4651520252227783
COL1A2,Both,2.794532537460327
COL1A2,Both,3.813278913497925
COL1A2,Both,3.2033910751342773
COL1A2,Both,3.451378583908081
COL1A2,Both,3.4108693599700928
COL1A2,Both,2.1300671100616455
COL1A2,Both,3.170753240585327
COL1A2,Both,3.704822301864624
COL1A2,Both,3.5510456562042236
COL1A2,Both,3.5612974166870117
COL1A2,Both,3.311718463897705
COL1A2,Both,3.303105592727661
COL1A2,Both,3.0526156425476074
COL1A2,Both,3.0081708431243896
COL1A2,Both,3.400350332260132
COL1A2,Both,3.0802485942840576
COL1A2,Both,3.4811229705810547
COL1A2,Both,3.2738897800445557
COL1A2,Both,3.0512611865997314
COL1A2,Both,0.0
COL1A2,Both,3.3026785850524902
COL1A2,Both,3.0154271125793457
COL1A2,Both,2.6675848960876465
COL1A2,Both,3.2982940673828125
COL1A2,Both,2.562494993209839
COL1A2,Both,2.932788133621216
COL1A2,Both,4.167364120483398
COL1A2,Both,3.335740089416504
COL1A2,Both,3.400606155395508
COL1A2,Both,3.0382461547851562
COL1A2,Both,2.9970922470092773
COL1A2,Both,3.1134800910949707
COL1A2,Both,3.733931064605713
